rgb_path,annotations_path,type,accident_time,accident_frame,center_x,center_y,x1,y1,x2,y2,map,weather,camera_position,no_frames,duration,height,width,annotations_start_offset
videos/head-on/Town03_head-on_clear_01_aug2.mp4,video_annotations/Town03_head-on_clear_01.json.gz,head-on,3.1,62,0.5677083333333334,0.3064814814814814,0.5239583333333333,0.2444444444444444,0.6114583333333333,0.3685185185185185,Town03,clear,1,323,16.15,1080,1920,76
videos/head-on/Town03_head-on_clear_04_aug2.mp4,video_annotations/Town03_head-on_clear_04.json.gz,head-on,4.0,80,0.5356770833333333,0.4962962962962963,0.5182291666666666,0.412962962962963,0.553125,0.5796296296296296,Town03,clear,4,447,22.35,1080,1920,60
videos/head-on/Town03_head-on_clear_06_aug2.mp4,video_annotations/Town03_head-on_clear_06.json.gz,head-on,3.65,73,0.2955729166666667,0.4875,0.2229166666666666,0.4101851851851852,0.3682291666666666,0.5648148148148148,Town03,clear,6,287,14.35,1080,1920,27
videos/head-on/Town03_head-on_clear_09_aug2.mp4,video_annotations/Town03_head-on_clear_09.json.gz,head-on,2.05,41,0.3705729166666666,0.9,0.2833333333333333,0.8009259259259259,0.4578125,0.999074074074074,Town03,clear,9,294,14.7,1080,1920,71
videos/head-on/Town03_head-on_clear_11_aug2.mp4,video_annotations/Town03_head-on_clear_11.json.gz,head-on,3.55,71,0.54921875,0.6509259259259259,0.5151041666666667,0.4824074074074074,0.5833333333333334,0.8194444444444444,Town03,clear,11,431,21.55,1080,1920,49
videos/head-on/Town03_head-on_clear_13_aug2.mp4,video_annotations/Town03_head-on_clear_13.json.gz,head-on,4.4,88,0.6802083333333333,0.850925925925926,0.6098958333333333,0.7268518518518519,0.7505208333333333,0.975,Town03,clear,13,342,17.1,1080,1920,52
videos/head-on/Town03_head-on_clear_15_aug2.mp4,video_annotations/Town03_head-on_clear_15.json.gz,head-on,3.5,70,0.5854166666666667,0.5680555555555555,0.53125,0.5342592592592592,0.6395833333333333,0.6018518518518519,Town03,clear,15,453,22.65,1080,1920,41
videos/head-on/Town03_head-on_clear_17_aug2.mp4,video_annotations/Town03_head-on_clear_17.json.gz,head-on,2.85,57,0.56953125,0.5652777777777778,0.525,0.4935185185185185,0.6140625,0.6370370370370371,Town03,clear,17,388,19.4,1080,1920,81
videos/head-on/Town03_head-on_clear_20_aug2.mp4,video_annotations/Town03_head-on_clear_20.json.gz,head-on,4.7,94,0.3341145833333333,0.4717592592592592,0.2989583333333333,0.437037037037037,0.3692708333333333,0.5064814814814815,Town03,clear,20,416,20.8,1080,1920,25
videos/head-on/Town03_head-on_clear_22_aug2.mp4,video_annotations/Town03_head-on_clear_22.json.gz,head-on,4.55,91,0.25078125,0.538425925925926,0.1765625,0.4953703703703703,0.325,0.5814814814814815,Town03,clear,22,430,21.5,1080,1920,27
videos/head-on/Town03_head-on_clear_24_aug2.mp4,video_annotations/Town03_head-on_clear_24.json.gz,head-on,5.6,112,0.4557291666666667,0.6851851851851852,0.3552083333333333,0.5768518518518518,0.55625,0.7935185185185185,Town03,clear,24,410,20.5,1080,1920,27
videos/head-on/Town03_head-on_clear_26_aug2.mp4,video_annotations/Town03_head-on_clear_26.json.gz,head-on,3.9,78,0.57421875,0.4916666666666666,0.5484375,0.3759259259259259,0.6,0.6074074074074074,Town03,clear,26,377,18.85,1080,1920,62
videos/head-on/Town03_head-on_clear_28_aug2.mp4,video_annotations/Town03_head-on_clear_28.json.gz,head-on,6.3,126,0.6536458333333334,0.325,0.5828125,0.2777777777777778,0.7244791666666667,0.3722222222222222,Town03,clear,28,452,22.6,1080,1920,38
videos/head-on/Town03_head-on_clear_30_aug2.mp4,video_annotations/Town03_head-on_clear_30.json.gz,head-on,2.8,56,0.62109375,0.6027777777777777,0.5697916666666667,0.5657407407407408,0.6723958333333333,0.6398148148148148,Town03,clear,30,290,14.5,1080,1920,55
videos/head-on/Town03_head-on_clear_32_aug2.mp4,video_annotations/Town03_head-on_clear_32.json.gz,head-on,2.65,53,0.5625,0.3833333333333333,0.5364583333333334,0.3083333333333333,0.5885416666666666,0.4583333333333333,Town03,clear,32,359,17.95,1080,1920,57
videos/head-on/Town03_head-on_clear_34_aug2.mp4,video_annotations/Town03_head-on_clear_34.json.gz,head-on,3.3,66,0.5515625,0.2634259259259259,0.5234375,0.2148148148148148,0.5796875,0.312037037037037,Town03,clear,34,453,22.65,1080,1920,46
videos/head-on/Town03_head-on_clear_37_aug2.mp4,video_annotations/Town03_head-on_clear_37.json.gz,head-on,6.3,126,0.5041666666666667,0.3541666666666667,0.4036458333333333,0.287962962962963,0.6046875,0.4203703703703704,Town03,clear,37,458,22.9,1080,1920,51
videos/head-on/Town03_head-on_clear_39_aug2.mp4,video_annotations/Town03_head-on_clear_39.json.gz,head-on,2.45,49,0.4846354166666666,0.5615740740740741,0.4619791666666666,0.4648148148148148,0.5072916666666667,0.6583333333333333,Town03,clear,39,415,20.75,1080,1920,60
videos/head-on/Town03_head-on_clear_41_aug2.mp4,video_annotations/Town03_head-on_clear_41.json.gz,head-on,3.15,63,0.6114583333333333,0.2541666666666666,0.5598958333333334,0.2305555555555555,0.6630208333333333,0.2777777777777778,Town03,clear,41,353,17.65,1080,1920,46
videos/head-on/Town03_head-on_clear_44_aug2.mp4,video_annotations/Town03_head-on_clear_44.json.gz,head-on,6.6,132,0.3604166666666666,0.4939814814814814,0.3244791666666666,0.4611111111111111,0.3963541666666667,0.5268518518518519,Town03,clear,44,363,18.15,1080,1920,30
videos/head-on/Town03_head-on_clear_48_aug2.mp4,video_annotations/Town03_head-on_clear_48.json.gz,head-on,5.75,115,0.3828125,0.5787037037037037,0.328125,0.4740740740740741,0.4375,0.6833333333333333,Town03,clear,48,414,20.7,1080,1920,48
videos/head-on/Town03_head-on_clear_50_aug2.mp4,video_annotations/Town03_head-on_clear_50.json.gz,head-on,2.95,59,0.65625,0.7856481481481481,0.5625,0.687037037037037,0.75,0.8842592592592593,Town03,clear,50,350,17.5,1080,1920,51
videos/head-on/Town03_head-on_night_00_aug2.mp4,video_annotations/Town03_head-on_night_00.json.gz,head-on,4.7,94,0.6635416666666667,0.2296296296296296,0.5505208333333333,0.1407407407407407,0.7765625,0.3185185185185185,Town03,night,0,425,21.25,1080,1920,44
videos/head-on/Town03_head-on_night_03_aug2.mp4,video_annotations/Town03_head-on_night_03.json.gz,head-on,4.45,89,0.4216145833333333,0.0902777777777777,0.4005208333333333,0.0,0.4427083333333333,0.1805555555555555,Town03,night,3,451,22.55,1080,1920,21
videos/head-on/Town03_head-on_night_07_aug2.mp4,video_annotations/Town03_head-on_night_07.json.gz,head-on,3.5,70,0.3458333333333333,0.4407407407407407,0.2630208333333333,0.3574074074074074,0.4286458333333333,0.524074074074074,Town03,night,7,419,20.95,1080,1920,47
videos/head-on/Town03_head-on_night_09_aug2.mp4,video_annotations/Town03_head-on_night_09.json.gz,head-on,3.2,64,0.3565104166666666,0.899074074074074,0.2661458333333333,0.799074074074074,0.446875,0.999074074074074,Town03,night,9,377,18.85,1080,1920,56
videos/head-on/Town03_head-on_night_11_aug2.mp4,video_annotations/Town03_head-on_night_11.json.gz,head-on,3.15,63,0.5434895833333333,0.6949074074074074,0.5140625,0.5046296296296297,0.5729166666666666,0.8851851851851852,Town03,night,11,287,14.35,1080,1920,52
videos/head-on/Town03_head-on_night_13_aug2.mp4,video_annotations/Town03_head-on_night_13.json.gz,head-on,3.65,73,0.6609375,0.8125,0.5838541666666667,0.6944444444444444,0.7380208333333333,0.9305555555555556,Town03,night,13,322,16.1,1080,1920,42
videos/head-on/Town03_head-on_night_15_aug2.mp4,video_annotations/Town03_head-on_night_15.json.gz,head-on,3.5,70,0.5979166666666667,0.6208333333333333,0.54375,0.5851851851851851,0.6520833333333333,0.6564814814814814,Town03,night,15,371,18.55,1080,1920,43
videos/head-on/Town03_head-on_night_17_aug2.mp4,video_annotations/Town03_head-on_night_17.json.gz,head-on,3.1,62,0.5721354166666667,0.5634259259259259,0.5270833333333333,0.5009259259259259,0.6171875,0.6259259259259259,Town03,night,17,343,17.15,1080,1920,47
videos/head-on/Town03_head-on_night_19_aug2.mp4,video_annotations/Town03_head-on_night_19.json.gz,head-on,2.8,56,0.3447916666666666,0.1273148148148148,0.3213541666666666,0.0518518518518518,0.3682291666666666,0.2027777777777777,Town03,night,19,344,17.2,1080,1920,63
videos/head-on/Town03_head-on_night_22_aug2.mp4,video_annotations/Town03_head-on_night_22.json.gz,head-on,2.6,52,0.2359375,0.5712962962962963,0.1510416666666666,0.5277777777777778,0.3208333333333333,0.6148148148148148,Town03,night,22,401,20.05,1080,1920,68
videos/head-on/Town03_head-on_night_24_aug2.mp4,video_annotations/Town03_head-on_night_24.json.gz,head-on,4.7,94,0.4645833333333333,0.7555555555555555,0.3635416666666666,0.649074074074074,0.565625,0.862037037037037,Town03,night,24,425,21.25,1080,1920,26
videos/head-on/Town03_head-on_night_26_aug2.mp4,video_annotations/Town03_head-on_night_26.json.gz,head-on,2.6,52,0.5830729166666667,0.5375,0.5541666666666667,0.4055555555555555,0.6119791666666666,0.6694444444444444,Town03,night,26,284,14.2,1080,1920,61
videos/head-on/Town03_head-on_night_28_aug2.mp4,video_annotations/Town03_head-on_night_28.json.gz,head-on,3.55,71,0.6184895833333334,0.3787037037037037,0.534375,0.3305555555555555,0.7026041666666667,0.4268518518518518,Town03,night,28,428,21.4,1080,1920,38
videos/head-on/Town03_head-on_night_30_aug2.mp4,video_annotations/Town03_head-on_night_30.json.gz,head-on,2.1,42,0.6458333333333334,0.5930555555555556,0.5911458333333334,0.5481481481481482,0.7005208333333334,0.637962962962963,Town03,night,30,472,23.6,1080,1920,68
videos/head-on/Town03_head-on_night_32_aug2.mp4,video_annotations/Town03_head-on_night_32.json.gz,head-on,3.45,69,0.52890625,0.4050925925925926,0.5114583333333333,0.3611111111111111,0.5463541666666667,0.449074074074074,Town03,night,32,436,21.8,1080,1920,52
videos/head-on/Town03_head-on_night_34_aug2.mp4,video_annotations/Town03_head-on_night_34.json.gz,head-on,3.25,65,0.55234375,0.2273148148148148,0.5229166666666667,0.1768518518518518,0.5817708333333333,0.2777777777777778,Town03,night,34,348,17.4,1080,1920,47
videos/head-on/Town03_head-on_night_37_aug2.mp4,video_annotations/Town03_head-on_night_37.json.gz,head-on,7.1,142,0.4981770833333333,0.3689814814814814,0.4265625,0.3064814814814814,0.5697916666666667,0.4314814814814814,Town03,night,37,409,20.45,1080,1920,40
videos/head-on/Town03_head-on_night_39_aug2.mp4,video_annotations/Town03_head-on_night_39.json.gz,head-on,3.15,63,0.5174479166666667,0.5407407407407407,0.4963541666666666,0.4444444444444444,0.5385416666666667,0.6370370370370371,Town03,night,39,361,18.05,1080,1920,46
videos/head-on/Town03_head-on_night_41_aug2.mp4,video_annotations/Town03_head-on_night_41.json.gz,head-on,2.0,40,0.6005208333333333,0.261574074074074,0.5286458333333334,0.2138888888888888,0.6723958333333333,0.3092592592592592,Town03,night,41,377,18.85,1080,1920,59
videos/head-on/Town03_head-on_night_44_aug2.mp4,video_annotations/Town03_head-on_night_44.json.gz,head-on,3.05,61,0.378125,0.5060185185185185,0.3494791666666667,0.4453703703703703,0.4067708333333333,0.5666666666666667,Town03,night,44,415,20.75,1080,1920,57
videos/head-on/Town03_head-on_night_47_aug2.mp4,video_annotations/Town03_head-on_night_47.json.gz,head-on,3.05,61,0.403125,0.5592592592592592,0.2984375,0.4916666666666666,0.5078125,0.6268518518518519,Town03,night,47,451,22.55,1080,1920,48
videos/head-on/Town03_head-on_night_50_aug2.mp4,video_annotations/Town03_head-on_night_50.json.gz,head-on,2.55,51,0.7052083333333333,0.7273148148148149,0.6255208333333333,0.6342592592592593,0.7848958333333333,0.8203703703703704,Town03,night,50,450,22.5,1080,1920,62
videos/head-on/Town03_head-on_rain_00_aug2.mp4,video_annotations/Town03_head-on_rain_00.json.gz,head-on,4.75,95,0.621875,0.2476851851851851,0.53125,0.1527777777777778,0.7125,0.3425925925925926,Town03,rain,0,392,19.6,1080,1920,86
videos/head-on/Town03_head-on_rain_03_aug2.mp4,video_annotations/Town03_head-on_rain_03.json.gz,head-on,4.2,84,0.4393229166666667,0.0953703703703703,0.4171875,0.0,0.4614583333333333,0.1907407407407407,Town03,rain,3,290,14.5,1080,1920,26
videos/head-on/Town03_head-on_rain_05_aug2.mp4,video_annotations/Town03_head-on_rain_05.json.gz,head-on,2.5,50,0.3776041666666667,0.2518518518518518,0.3385416666666667,0.1805555555555555,0.4166666666666667,0.3231481481481481,Town03,rain,5,405,20.25,1080,1920,50
videos/head-on/Town03_head-on_rain_09_aug2.mp4,video_annotations/Town03_head-on_rain_09.json.gz,head-on,3.9,78,0.3583333333333333,0.8791666666666667,0.2489583333333333,0.7592592592592593,0.4677083333333333,0.999074074074074,Town03,rain,9,381,19.05,1080,1920,42
videos/head-on/Town03_head-on_rain_13_aug2.mp4,video_annotations/Town03_head-on_rain_13.json.gz,head-on,2.95,59,0.68828125,0.8064814814814815,0.6208333333333333,0.687962962962963,0.7557291666666667,0.925,Town03,rain,13,360,18.0,1080,1920,50
videos/head-on/Town03_head-on_rain_15_aug2.mp4,video_annotations/Town03_head-on_rain_15.json.gz,head-on,3.7,74,0.5947916666666667,0.5888888888888889,0.5151041666666667,0.5287037037037037,0.6744791666666666,0.649074074074074,Town03,rain,15,442,22.1,1080,1920,44
videos/head-on/Town03_head-on_rain_17_aug2.mp4,video_annotations/Town03_head-on_rain_17.json.gz,head-on,2.95,59,0.5848958333333333,0.5685185185185185,0.5385416666666667,0.5092592592592593,0.63125,0.6277777777777778,Town03,rain,17,264,13.2,1080,1920,59
videos/head-on/Town03_head-on_rain_19_aug2.mp4,video_annotations/Town03_head-on_rain_19.json.gz,head-on,4.3,86,0.3463541666666667,0.1134259259259259,0.3223958333333333,0.0333333333333333,0.3703125,0.1935185185185185,Town03,rain,19,310,15.5,1080,1920,25
videos/head-on/Town03_head-on_rain_21_aug2.mp4,video_annotations/Town03_head-on_rain_21.json.gz,head-on,4.55,91,0.30390625,0.4666666666666667,0.2458333333333333,0.4166666666666667,0.3619791666666667,0.5166666666666667,Town03,rain,21,410,20.5,1080,1920,22
videos/head-on/Town03_head-on_rain_25_aug2.mp4,video_annotations/Town03_head-on_rain_25.json.gz,head-on,3.0,60,0.3942708333333333,0.8337962962962963,0.3510416666666666,0.6861111111111111,0.4375,0.9814814814814816,Town03,rain,25,359,17.95,1080,1920,52
videos/head-on/Town03_head-on_rain_27_aug2.mp4,video_annotations/Town03_head-on_rain_27.json.gz,head-on,4.0,80,0.5302083333333333,0.6467592592592593,0.478125,0.5444444444444444,0.5822916666666667,0.7490740740740741,Town03,rain,27,335,16.75,1080,1920,35
videos/head-on/Town03_head-on_rain_29_aug2.mp4,video_annotations/Town03_head-on_rain_29.json.gz,head-on,3.9,78,0.70390625,0.4819444444444444,0.6453125,0.449074074074074,0.7625,0.5148148148148148,Town03,rain,29,349,17.45,1080,1920,22
videos/head-on/Town03_head-on_rain_31_aug2.mp4,video_annotations/Town03_head-on_rain_31.json.gz,head-on,3.25,65,0.4916666666666666,0.524074074074074,0.4578125,0.4722222222222222,0.5255208333333333,0.575925925925926,Town03,rain,31,281,14.05,1080,1920,44
videos/head-on/Town03_head-on_rain_34_aug2.mp4,video_annotations/Town03_head-on_rain_34.json.gz,head-on,2.9,58,0.56484375,0.2523148148148148,0.5369791666666667,0.1935185185185185,0.5927083333333333,0.3111111111111111,Town03,rain,34,193,9.65,1080,1920,50
videos/head-on/Town03_head-on_rain_37_aug2.mp4,video_annotations/Town03_head-on_rain_37.json.gz,head-on,3.55,71,0.4614583333333333,0.4032407407407407,0.4020833333333333,0.3722222222222222,0.5208333333333334,0.4342592592592592,Town03,rain,37,255,12.75,1080,1920,68
videos/head-on/Town03_head-on_rain_39_aug2.mp4,video_annotations/Town03_head-on_rain_39.json.gz,head-on,4.0,80,0.4903645833333333,0.5699074074074074,0.4609375,0.4777777777777778,0.5197916666666667,0.6620370370370371,Town03,rain,39,365,18.25,1080,1920,31
videos/head-on/Town03_head-on_rain_41_aug2.mp4,video_annotations/Town03_head-on_rain_41.json.gz,head-on,4.35,87,0.6065104166666667,0.274537037037037,0.5515625,0.2462962962962963,0.6614583333333334,0.3027777777777777,Town03,rain,41,437,21.85,1080,1920,29
videos/head-on/Town03_head-on_rain_44_aug2.mp4,video_annotations/Town03_head-on_rain_44.json.gz,head-on,3.35,67,0.3966145833333333,0.4648148148148148,0.3671875,0.4296296296296296,0.4260416666666666,0.5,Town03,rain,44,400,20.0,1080,1920,43
videos/head-on/Town03_head-on_rain_47_aug2.mp4,video_annotations/Town03_head-on_rain_47.json.gz,head-on,4.9,98,0.3927083333333333,0.6796296296296296,0.3026041666666667,0.5851851851851851,0.4828125,0.774074074074074,Town03,rain,47,364,18.2,1080,1920,63
videos/head-on/Town03_head-on_rain_49_aug2.mp4,video_annotations/Town03_head-on_rain_49.json.gz,head-on,3.45,69,0.60390625,0.6759259259259259,0.5645833333333333,0.5518518518518518,0.6432291666666666,0.8,Town03,rain,49,380,19.0,1080,1920,40
videos/head-on/Town03_head-on_sunset_00_aug2.mp4,video_annotations/Town03_head-on_sunset_00.json.gz,head-on,2.25,45,0.6609375,0.1560185185185185,0.540625,0.062037037037037,0.78125,0.25,Town03,sunset,0,250,12.5,1080,1920,64
videos/head-on/Town03_head-on_sunset_02_aug2.mp4,video_annotations/Town03_head-on_sunset_02.json.gz,head-on,3.95,79,0.56015625,0.4375,0.5182291666666666,0.362037037037037,0.6020833333333333,0.512962962962963,Town03,sunset,2,343,17.15,1080,1920,41
videos/head-on/Town03_head-on_sunset_04_aug2.mp4,video_annotations/Town03_head-on_sunset_04.json.gz,head-on,4.45,89,0.521875,0.4958333333333333,0.503125,0.4009259259259259,0.540625,0.5907407407407408,Town03,sunset,4,385,19.25,1080,1920,48
videos/head-on/Town03_head-on_sunset_08_aug2.mp4,video_annotations/Town03_head-on_sunset_08.json.gz,head-on,3.85,77,0.3299479166666667,0.4208333333333333,0.25,0.3425925925925926,0.4098958333333333,0.499074074074074,Town03,sunset,8,434,21.7,1080,1920,34
videos/head-on/Town03_head-on_sunset_11_aug2.mp4,video_annotations/Town03_head-on_sunset_11.json.gz,head-on,2.7,54,0.5479166666666667,0.6893518518518519,0.5208333333333334,0.5046296296296297,0.575,0.8740740740740741,Town03,sunset,11,346,17.3,1080,1920,55
videos/head-on/Town03_head-on_sunset_14_aug2.mp4,video_annotations/Town03_head-on_sunset_14.json.gz,head-on,4.15,83,0.5854166666666667,0.5902777777777778,0.5369791666666667,0.55,0.6338541666666667,0.6305555555555555,Town03,sunset,14,393,19.65,1080,1920,38
videos/head-on/Town03_head-on_sunset_16_aug2.mp4,video_annotations/Town03_head-on_sunset_16.json.gz,head-on,4.4,88,0.6265625,0.5615740740740741,0.5755208333333334,0.5287037037037037,0.6776041666666667,0.5944444444444444,Town03,sunset,16,343,17.15,1080,1920,25
videos/head-on/Town03_head-on_sunset_21_aug2.mp4,video_annotations/Town03_head-on_sunset_21.json.gz,head-on,2.9,58,0.3083333333333333,0.4060185185185185,0.2552083333333333,0.3574074074074074,0.3614583333333333,0.4546296296296296,Town03,sunset,21,268,13.4,1080,1920,60
videos/head-on/Town03_head-on_sunset_23_aug2.mp4,video_annotations/Town03_head-on_sunset_23.json.gz,head-on,1.85,37,0.4276041666666667,0.3953703703703703,0.3494791666666667,0.3453703703703704,0.5057291666666667,0.4453703703703703,Town03,sunset,23,334,16.7,1080,1920,101
videos/head-on/Town03_head-on_sunset_25_aug2.mp4,video_annotations/Town03_head-on_sunset_25.json.gz,head-on,2.9,58,0.4192708333333333,0.8115740740740741,0.3703125,0.6564814814814814,0.4682291666666666,0.9666666666666668,Town03,sunset,25,403,20.15,1080,1920,51
videos/head-on/Town03_head-on_sunset_27_aug2.mp4,video_annotations/Town03_head-on_sunset_27.json.gz,head-on,4.15,83,0.5458333333333333,0.6240740740740741,0.5083333333333333,0.5287037037037037,0.5833333333333334,0.7194444444444444,Town03,sunset,27,313,15.65,1080,1920,28
videos/head-on/Town03_head-on_sunset_29_aug2.mp4,video_annotations/Town03_head-on_sunset_29.json.gz,head-on,3.9,78,0.7036458333333333,0.4689814814814815,0.6546875,0.4351851851851852,0.7526041666666666,0.5027777777777778,Town03,sunset,29,435,21.75,1080,1920,33
videos/head-on/Town03_head-on_sunset_31_aug2.mp4,video_annotations/Town03_head-on_sunset_31.json.gz,head-on,2.95,59,0.5015625,0.5027777777777778,0.46875,0.4592592592592592,0.534375,0.5462962962962963,Town03,sunset,31,392,19.6,1080,1920,41
videos/head-on/Town03_head-on_sunset_34_aug2.mp4,video_annotations/Town03_head-on_sunset_34.json.gz,head-on,4.25,85,0.5520833333333334,0.2972222222222222,0.5354166666666667,0.25,0.56875,0.3444444444444444,Town03,sunset,34,361,18.05,1080,1920,27
videos/head-on/Town03_head-on_sunset_37_aug2.mp4,video_annotations/Town03_head-on_sunset_37.json.gz,head-on,4.85,97,0.4815104166666666,0.3671296296296296,0.4171875,0.3287037037037037,0.5458333333333333,0.4055555555555555,Town03,sunset,37,380,19.0,1080,1920,41
videos/head-on/Town03_head-on_sunset_40_aug2.mp4,video_annotations/Town03_head-on_sunset_40.json.gz,head-on,2.75,55,0.6856770833333333,0.6587962962962963,0.6057291666666667,0.5851851851851851,0.765625,0.7324074074074074,Town03,sunset,40,370,18.5,1080,1920,85
videos/head-on/Town03_head-on_sunset_42_aug2.mp4,video_annotations/Town03_head-on_sunset_42.json.gz,head-on,5.6,112,0.47578125,0.4898148148148148,0.4630208333333333,0.4648148148148148,0.4885416666666666,0.5148148148148148,Town03,sunset,42,347,17.35,1080,1920,49
videos/head-on/Town03_head-on_sunset_44_aug2.mp4,video_annotations/Town03_head-on_sunset_44.json.gz,head-on,2.95,59,0.4057291666666666,0.5222222222222223,0.3796875,0.4861111111111111,0.4317708333333333,0.5583333333333333,Town03,sunset,44,389,19.45,1080,1920,52
videos/head-on/Town03_head-on_sunset_46_aug2.mp4,video_annotations/Town03_head-on_sunset_46.json.gz,head-on,3.4,68,0.2393229166666666,0.4666666666666667,0.1526041666666666,0.4222222222222222,0.3260416666666667,0.5111111111111111,Town03,sunset,46,389,19.45,1080,1920,42
videos/head-on/Town03_head-on_sunset_48_aug2.mp4,video_annotations/Town03_head-on_sunset_48.json.gz,head-on,4.9,98,0.3557291666666666,0.5912037037037037,0.2890625,0.4972222222222222,0.4223958333333333,0.6851851851851852,Town03,sunset,48,375,18.75,1080,1920,22
videos/head-on/Town03_head-on_sunset_51_aug2.mp4,video_annotations/Town03_head-on_sunset_51.json.gz,head-on,3.75,75,0.7106770833333333,0.4407407407407407,0.6229166666666667,0.3972222222222222,0.7984375,0.4842592592592593,Town03,sunset,51,320,16.0,1080,1920,33
videos/head-on/Town03_head-on_wet_03_aug2.mp4,video_annotations/Town03_head-on_wet_03.json.gz,head-on,3.4,68,0.4158854166666667,0.0819444444444444,0.390625,0.0,0.4411458333333333,0.1638888888888889,Town03,wet,3,208,10.4,1080,1920,43
videos/head-on/Town03_head-on_wet_05_aug2.mp4,video_annotations/Town03_head-on_wet_05.json.gz,head-on,5.3,106,0.3825520833333333,0.1981481481481481,0.3369791666666666,0.1092592592592592,0.428125,0.287037037037037,Town03,wet,5,437,21.85,1080,1920,33
videos/head-on/Town03_head-on_wet_08_aug2.mp4,video_annotations/Town03_head-on_wet_08.json.gz,head-on,3.75,75,0.3458333333333333,0.425,0.2666666666666666,0.3481481481481481,0.425,0.5018518518518519,Town03,wet,8,457,22.85,1080,1920,35
videos/head-on/Town03_head-on_wet_10_aug2.mp4,video_annotations/Town03_head-on_wet_10.json.gz,head-on,4.35,87,0.46640625,0.6587962962962963,0.4119791666666667,0.5305555555555556,0.5208333333333334,0.7870370370370371,Town03,wet,10,442,22.1,1080,1920,31
videos/head-on/Town03_head-on_wet_12_aug2.mp4,video_annotations/Town03_head-on_wet_12.json.gz,head-on,3.4,68,0.5705729166666667,0.8180555555555555,0.5119791666666667,0.7101851851851851,0.6291666666666667,0.925925925925926,Town03,wet,12,309,15.45,1080,1920,43
videos/head-on/Town03_head-on_wet_14_aug2.mp4,video_annotations/Town03_head-on_wet_14.json.gz,head-on,4.9,98,0.5611979166666666,0.6472222222222223,0.5171875,0.6064814814814815,0.6052083333333333,0.687962962962963,Town03,wet,14,470,23.5,1080,1920,22
videos/head-on/Town03_head-on_wet_16_aug2.mp4,video_annotations/Town03_head-on_wet_16.json.gz,head-on,3.15,63,0.6213541666666667,0.5263888888888889,0.5713541666666667,0.4888888888888889,0.6713541666666667,0.5638888888888889,Town03,wet,16,280,14.0,1080,1920,46
videos/head-on/Town03_head-on_wet_18_aug2.mp4,video_annotations/Town03_head-on_wet_18.json.gz,head-on,3.8,76,0.4768229166666666,0.1861111111111111,0.4432291666666667,0.125,0.5104166666666666,0.2472222222222222,Town03,wet,18,396,19.8,1080,1920,36
videos/head-on/Town03_head-on_wet_21_aug2.mp4,video_annotations/Town03_head-on_wet_21.json.gz,head-on,4.45,89,0.3223958333333333,0.4236111111111111,0.26875,0.3731481481481482,0.3760416666666666,0.4740740740740741,Town03,wet,21,417,20.85,1080,1920,24
videos/head-on/Town03_head-on_wet_24_aug2.mp4,video_annotations/Town03_head-on_wet_24.json.gz,head-on,1.45,29,0.4505208333333333,0.763425925925926,0.3630208333333333,0.662962962962963,0.5380208333333333,0.8638888888888889,Town03,wet,24,126,6.3,1080,1920,89
videos/head-on/Town03_head-on_wet_26_aug2.mp4,video_annotations/Town03_head-on_wet_26.json.gz,head-on,2.85,57,0.575,0.5509259259259259,0.546875,0.4398148148148148,0.603125,0.6620370370370371,Town03,wet,26,343,17.15,1080,1920,57
videos/head-on/Town03_head-on_wet_28_aug2.mp4,video_annotations/Town03_head-on_wet_28.json.gz,head-on,4.0,80,0.5979166666666667,0.3824074074074074,0.5223958333333333,0.3361111111111111,0.6734375,0.4287037037037037,Town03,wet,28,480,24.0,1080,1920,29
videos/head-on/Town03_head-on_wet_30_aug2.mp4,video_annotations/Town03_head-on_wet_30.json.gz,head-on,3.55,71,0.6528645833333333,0.5921296296296297,0.5786458333333333,0.5166666666666667,0.7270833333333333,0.6675925925925926,Town03,wet,30,367,18.35,1080,1920,38
videos/head-on/Town03_head-on_wet_33_aug2.mp4,video_annotations/Town03_head-on_wet_33.json.gz,head-on,4.4,88,0.2955729166666667,0.587037037037037,0.2713541666666667,0.5444444444444444,0.3197916666666666,0.6296296296296297,Town03,wet,33,379,18.95,1080,1920,76
videos/head-on/Town03_head-on_wet_37_aug2.mp4,video_annotations/Town03_head-on_wet_37.json.gz,head-on,3.65,73,0.4794270833333333,0.3787037037037037,0.4197916666666667,0.3481481481481481,0.5390625,0.4092592592592592,Town03,wet,37,192,9.6,1080,1920,37
videos/head-on/Town03_head-on_wet_39_aug2.mp4,video_annotations/Town03_head-on_wet_39.json.gz,head-on,4.4,88,0.4940104166666667,0.5564814814814815,0.4703125,0.4537037037037037,0.5177083333333333,0.6592592592592592,Town03,wet,39,391,19.55,1080,1920,32
videos/head-on/Town03_head-on_wet_43_aug2.mp4,video_annotations/Town03_head-on_wet_43.json.gz,head-on,3.0,60,0.4809895833333333,0.55,0.4682291666666666,0.5212962962962963,0.49375,0.5787037037037037,Town03,wet,43,461,23.05,1080,1920,59
videos/head-on/Town03_head-on_wet_45_aug2.mp4,video_annotations/Town03_head-on_wet_45.json.gz,head-on,2.5,50,0.5010416666666667,0.6282407407407408,0.4583333333333333,0.5916666666666667,0.54375,0.6648148148148149,Town03,wet,45,353,17.65,1080,1920,59
videos/head-on/Town03_head-on_wet_47_aug2.mp4,video_annotations/Town03_head-on_wet_47.json.gz,head-on,2.35,47,0.39765625,0.6013888888888889,0.3005208333333333,0.5342592592592592,0.4947916666666667,0.6685185185185185,Town03,wet,47,346,17.3,1080,1920,66
videos/head-on/Town03_head-on_wet_49_aug2.mp4,video_annotations/Town03_head-on_wet_49.json.gz,head-on,4.15,83,0.6174479166666667,0.7097222222222223,0.5838541666666667,0.5916666666666667,0.6510416666666666,0.8277777777777777,Town03,wet,49,362,18.1,1080,1920,30
videos/head-on/Town03_head-on_wet_51_aug2.mp4,video_annotations/Town03_head-on_wet_51.json.gz,head-on,4.25,85,0.6877604166666667,0.3972222222222222,0.6057291666666667,0.3462962962962962,0.7697916666666667,0.4481481481481481,Town03,wet,51,263,13.15,1080,1920,53
videos/head-on/Town05_head-on_clear_01_aug2.mp4,video_annotations/Town05_head-on_clear_01.json.gz,head-on,7.2,144,0.2776041666666666,0.8893518518518518,0.2036458333333333,0.7796296296296297,0.3515625,0.999074074074074,Town05,clear,1,489,24.45,1080,1920,36
videos/head-on/Town05_head-on_clear_04_aug2.mp4,video_annotations/Town05_head-on_clear_04.json.gz,head-on,3.2,64,0.5997395833333333,0.8703703703703703,0.5729166666666666,0.7416666666666667,0.6265625,0.999074074074074,Town05,clear,4,352,17.6,1080,1920,108
videos/head-on/Town05_head-on_clear_06_aug2.mp4,video_annotations/Town05_head-on_clear_06.json.gz,head-on,7.7,154,0.75390625,0.4578703703703703,0.6947916666666667,0.3694444444444444,0.8130208333333333,0.5462962962962963,Town05,clear,6,400,20.0,1080,1920,27
videos/head-on/Town05_head-on_clear_10_aug2.mp4,video_annotations/Town05_head-on_clear_10.json.gz,head-on,9.0,180,0.5440104166666667,0.45,0.5114583333333333,0.387037037037037,0.5765625,0.512962962962963,Town05,clear,10,382,19.1,1080,1920,90
videos/head-on/Town05_head-on_clear_13_aug2.mp4,video_annotations/Town05_head-on_clear_13.json.gz,head-on,7.1,142,0.32578125,0.2027777777777777,0.2645833333333333,0.1259259259259259,0.3869791666666666,0.2796296296296296,Town05,clear,13,427,21.35,1080,1920,60
videos/head-on/Town05_head-on_clear_17_aug2.mp4,video_annotations/Town05_head-on_clear_17.json.gz,head-on,5.6,112,0.3247395833333333,0.5902777777777778,0.2630208333333333,0.4740740740740741,0.3864583333333333,0.7064814814814815,Town05,clear,17,282,14.1,1080,1920,58
videos/head-on/Town05_head-on_clear_22_aug2.mp4,video_annotations/Town05_head-on_clear_22.json.gz,head-on,4.15,83,0.6770833333333334,0.1981481481481481,0.6229166666666667,0.1583333333333333,0.73125,0.2379629629629629,Town05,clear,22,422,21.1,1080,1920,117
videos/head-on/Town05_head-on_clear_26_aug2.mp4,video_annotations/Town05_head-on_clear_26.json.gz,head-on,4.5,90,0.4734375,0.1254629629629629,0.4598958333333333,0.0648148148148148,0.4869791666666667,0.1861111111111111,Town05,clear,26,364,18.2,1080,1920,77
videos/head-on/Town05_head-on_clear_28_aug2.mp4,video_annotations/Town05_head-on_clear_28.json.gz,head-on,7.0,140,0.3010416666666666,0.3902777777777778,0.2140625,0.3157407407407407,0.3880208333333333,0.4648148148148148,Town05,clear,28,408,20.4,1080,1920,34
videos/head-on/Town05_head-on_clear_31_aug2.mp4,video_annotations/Town05_head-on_clear_31.json.gz,head-on,6.3,126,0.4747395833333333,0.5833333333333334,0.434375,0.4925925925925926,0.5151041666666667,0.674074074074074,Town05,clear,31,305,15.25,1080,1920,51
videos/head-on/Town05_head-on_clear_33_aug2.mp4,video_annotations/Town05_head-on_clear_33.json.gz,head-on,5.25,105,0.7065104166666667,0.3541666666666667,0.6151041666666667,0.2527777777777777,0.7979166666666667,0.4555555555555555,Town05,clear,33,394,19.7,1080,1920,74
videos/head-on/Town05_head-on_clear_35_aug2.mp4,video_annotations/Town05_head-on_clear_35.json.gz,head-on,3.5,70,0.6393229166666666,0.2125,0.5864583333333333,0.1842592592592592,0.6921875,0.2407407407407407,Town05,clear,35,324,16.2,1080,1920,101
videos/head-on/Town05_head-on_clear_37_aug2.mp4,video_annotations/Town05_head-on_clear_37.json.gz,head-on,5.25,105,0.5315104166666667,0.2662037037037037,0.4953125,0.2314814814814814,0.5677083333333334,0.3009259259259259,Town05,clear,37,326,16.3,1080,1920,62
videos/head-on/Town05_head-on_clear_39_aug2.mp4,video_annotations/Town05_head-on_clear_39.json.gz,head-on,8.1,162,0.5536458333333333,0.2263888888888889,0.5385416666666667,0.1768518518518518,0.56875,0.2759259259259259,Town05,clear,39,414,20.7,1080,1920,98
videos/head-on/Town05_head-on_clear_41_aug2.mp4,video_annotations/Town05_head-on_clear_41.json.gz,head-on,5.0,100,0.4291666666666666,0.5601851851851852,0.3822916666666666,0.5212962962962963,0.4760416666666666,0.5990740740740741,Town05,clear,41,329,16.45,1080,1920,67
videos/head-on/Town05_head-on_clear_43_aug2.mp4,video_annotations/Town05_head-on_clear_43.json.gz,head-on,5.65,113,0.4270833333333333,0.3388888888888889,0.3640625,0.3148148148148148,0.4901041666666667,0.362962962962963,Town05,clear,43,267,13.35,1080,1920,65
videos/head-on/Town05_head-on_clear_46_aug2.mp4,video_annotations/Town05_head-on_clear_46.json.gz,head-on,6.2,124,0.7515625,0.5884259259259259,0.6729166666666667,0.5305555555555556,0.8302083333333333,0.6462962962962963,Town05,clear,46,386,19.3,1080,1920,44
videos/head-on/Town05_head-on_night_00_aug2.mp4,video_annotations/Town05_head-on_night_00.json.gz,head-on,5.9,118,0.3763020833333333,0.5305555555555556,0.3145833333333333,0.5018518518518519,0.4380208333333333,0.5592592592592592,Town05,night,0,439,21.95,1080,1920,52
videos/head-on/Town05_head-on_night_03_aug2.mp4,video_annotations/Town05_head-on_night_03.json.gz,head-on,5.0,100,0.4739583333333333,0.7287037037037037,0.4453125,0.6074074074074074,0.5026041666666666,0.85,Town05,night,3,540,27.0,1080,1920,82
videos/head-on/Town05_head-on_night_06_aug2.mp4,video_annotations/Town05_head-on_night_06.json.gz,head-on,7.4,148,0.7013020833333333,0.3953703703703703,0.6364583333333333,0.3018518518518518,0.7661458333333333,0.4888888888888889,Town05,night,6,579,28.95,1080,1920,53
videos/head-on/Town05_head-on_night_08_aug2.mp4,video_annotations/Town05_head-on_night_08.json.gz,head-on,3.75,75,0.6307291666666667,0.1597222222222222,0.56875,0.1148148148148148,0.6927083333333334,0.2046296296296296,Town05,night,8,422,21.1,1080,1920,99
videos/head-on/Town05_head-on_night_12_aug2.mp4,video_annotations/Town05_head-on_night_12.json.gz,head-on,4.6,92,0.4330729166666666,0.5050925925925925,0.4130208333333333,0.4351851851851852,0.453125,0.575,Town05,night,12,523,26.15,1080,1920,76
videos/head-on/Town05_head-on_night_14_aug2.mp4,video_annotations/Town05_head-on_night_14.json.gz,head-on,3.9,78,0.2765625,0.3171296296296296,0.2130208333333333,0.2787037037037037,0.3401041666666666,0.3555555555555555,Town05,night,14,343,17.15,1080,1920,100
videos/head-on/Town05_head-on_night_18_aug2.mp4,video_annotations/Town05_head-on_night_18.json.gz,head-on,4.2,84,0.5658854166666667,0.7152777777777778,0.5276041666666667,0.6027777777777777,0.6041666666666666,0.8277777777777777,Town05,night,18,384,19.2,1080,1920,95
videos/head-on/Town05_head-on_night_20_aug2.mp4,video_annotations/Town05_head-on_night_20.json.gz,head-on,6.1,122,0.57578125,0.6722222222222223,0.5244791666666667,0.5851851851851851,0.6270833333333333,0.7592592592592593,Town05,night,20,348,17.4,1080,1920,58
videos/head-on/Town05_head-on_night_23_aug2.mp4,video_annotations/Town05_head-on_night_23.json.gz,head-on,5.05,101,0.7177083333333333,0.4930555555555556,0.6671875,0.4675925925925926,0.7682291666666666,0.5185185185185185,Town05,night,23,399,19.95,1080,1920,77
videos/head-on/Town05_head-on_night_25_aug2.mp4,video_annotations/Town05_head-on_night_25.json.gz,head-on,2.35,47,0.4807291666666666,0.5800925925925926,0.440625,0.537962962962963,0.5208333333333334,0.6222222222222222,Town05,night,25,328,16.4,1080,1920,146
videos/head-on/Town05_head-on_night_27_aug2.mp4,video_annotations/Town05_head-on_night_27.json.gz,head-on,4.55,91,0.484375,0.4157407407407407,0.465625,0.3564814814814814,0.503125,0.475,Town05,night,27,371,18.55,1080,1920,83
videos/head-on/Town05_head-on_night_30_aug2.mp4,video_annotations/Town05_head-on_night_30.json.gz,head-on,7.75,155,0.3046875,0.5328703703703703,0.2348958333333333,0.462037037037037,0.3744791666666666,0.6037037037037037,Town05,night,30,448,22.4,1080,1920,46
videos/head-on/Town05_head-on_night_34_aug2.mp4,video_annotations/Town05_head-on_night_34.json.gz,head-on,7.25,145,0.6067708333333334,0.4953703703703703,0.5380208333333333,0.4351851851851852,0.6755208333333333,0.5555555555555556,Town05,night,34,462,23.1,1080,1920,103
videos/head-on/Town05_head-on_night_36_aug2.mp4,video_annotations/Town05_head-on_night_36.json.gz,head-on,5.95,119,0.6138020833333333,0.5935185185185186,0.5635416666666667,0.5694444444444444,0.6640625,0.6175925925925926,Town05,night,36,486,24.3,1080,1920,58
videos/head-on/Town05_head-on_night_38_aug2.mp4,video_annotations/Town05_head-on_night_38.json.gz,head-on,5.6,112,0.5658854166666667,0.2180555555555555,0.5375,0.1777777777777777,0.5942708333333333,0.2583333333333333,Town05,night,38,419,20.95,1080,1920,57
videos/head-on/Town05_head-on_night_40_aug2.mp4,video_annotations/Town05_head-on_night_40.json.gz,head-on,4.1,82,0.4317708333333333,0.5125,0.4098958333333333,0.4638888888888889,0.4536458333333333,0.5611111111111111,Town05,night,40,397,19.85,1080,1920,119
videos/head-on/Town05_head-on_night_42_aug2.mp4,video_annotations/Town05_head-on_night_42.json.gz,head-on,5.75,115,0.1716145833333333,0.4069444444444444,0.0916666666666666,0.3759259259259259,0.2515625,0.4379629629629629,Town05,night,42,506,25.3,1080,1920,63
videos/head-on/Town05_head-on_night_46_aug2.mp4,video_annotations/Town05_head-on_night_46.json.gz,head-on,4.85,97,0.7825520833333334,0.6263888888888889,0.7041666666666667,0.5703703703703704,0.8609375,0.6824074074074075,Town05,night,46,636,31.8,1080,1920,62
videos/head-on/Town05_head-on_rain_01_aug2.mp4,video_annotations/Town05_head-on_rain_01.json.gz,head-on,5.3,106,0.29609375,0.8416666666666667,0.2291666666666666,0.7361111111111112,0.3630208333333333,0.9472222222222222,Town05,rain,1,441,22.05,1080,1920,62
videos/head-on/Town05_head-on_rain_04_aug2.mp4,video_annotations/Town05_head-on_rain_04.json.gz,head-on,6.0,120,0.5955729166666667,0.7152777777777778,0.5713541666666667,0.5824074074074074,0.6197916666666666,0.8481481481481481,Town05,rain,4,421,21.05,1080,1920,85
videos/head-on/Town05_head-on_rain_07_aug2.mp4,video_annotations/Town05_head-on_rain_07.json.gz,head-on,10.6,212,0.5411458333333333,0.2037037037037037,0.4848958333333333,0.15,0.5973958333333333,0.2574074074074074,Town05,rain,7,418,20.9,1080,1920,28
videos/head-on/Town05_head-on_rain_10_aug2.mp4,video_annotations/Town05_head-on_rain_10.json.gz,head-on,5.95,119,0.5669270833333333,0.3949074074074074,0.534375,0.3333333333333333,0.5994791666666667,0.4564814814814815,Town05,rain,10,268,13.4,1080,1920,47
videos/head-on/Town05_head-on_rain_12_aug2.mp4,video_annotations/Town05_head-on_rain_12.json.gz,head-on,6.0,120,0.4346354166666666,0.5060185185185185,0.4125,0.4314814814814814,0.4567708333333333,0.5805555555555556,Town05,rain,12,377,18.85,1080,1920,56
videos/head-on/Town05_head-on_rain_14_aug2.mp4,video_annotations/Town05_head-on_rain_14.json.gz,head-on,5.75,115,0.278125,0.2939814814814814,0.2140625,0.25,0.3421875,0.3379629629629629,Town05,rain,14,323,16.15,1080,1920,52
videos/head-on/Town05_head-on_rain_17_aug2.mp4,video_annotations/Town05_head-on_rain_17.json.gz,head-on,7.35,147,0.4630208333333333,0.287962962962963,0.4109375,0.1583333333333333,0.5151041666666667,0.4175925925925925,Town05,rain,17,344,17.2,1080,1920,104
videos/head-on/Town05_head-on_rain_19_aug2.mp4,video_annotations/Town05_head-on_rain_19.json.gz,head-on,5.9,118,0.6096354166666667,0.6472222222222223,0.5833333333333334,0.5166666666666667,0.6359375,0.7777777777777778,Town05,rain,19,390,19.5,1080,1920,55
videos/head-on/Town05_head-on_rain_22_aug2.mp4,video_annotations/Town05_head-on_rain_22.json.gz,head-on,5.9,118,0.7473958333333334,0.1976851851851851,0.6734375,0.149074074074074,0.8213541666666667,0.2462962962962963,Town05,rain,22,343,17.15,1080,1920,51
videos/head-on/Town05_head-on_rain_24_aug2.mp4,video_annotations/Town05_head-on_rain_24.json.gz,head-on,6.45,129,0.5963541666666666,0.374537037037037,0.5505208333333333,0.3296296296296296,0.6421875,0.4194444444444444,Town05,rain,24,416,20.8,1080,1920,41
videos/head-on/Town05_head-on_rain_26_aug2.mp4,video_annotations/Town05_head-on_rain_26.json.gz,head-on,4.8,96,0.4591145833333333,0.0939814814814814,0.4458333333333333,0.0296296296296296,0.4723958333333333,0.1583333333333333,Town05,rain,26,272,13.6,1080,1920,78
videos/head-on/Town05_head-on_rain_28_aug2.mp4,video_annotations/Town05_head-on_rain_28.json.gz,head-on,5.8,116,0.29375,0.4652777777777778,0.2369791666666666,0.4231481481481481,0.3505208333333333,0.5074074074074074,Town05,rain,28,288,14.4,1080,1920,59
videos/head-on/Town05_head-on_rain_30_aug2.mp4,video_annotations/Town05_head-on_rain_30.json.gz,head-on,6.7,134,0.3278645833333333,0.5069444444444444,0.2510416666666666,0.425,0.4046875,0.5888888888888889,Town05,rain,30,395,19.75,1080,1920,67
videos/head-on/Town05_head-on_rain_34_aug2.mp4,video_annotations/Town05_head-on_rain_34.json.gz,head-on,5.25,105,0.7661458333333333,0.5837962962962963,0.6901041666666666,0.5324074074074074,0.8421875,0.6351851851851852,Town05,rain,34,341,17.05,1080,1920,71
videos/head-on/Town05_head-on_rain_36_aug2.mp4,video_annotations/Town05_head-on_rain_36.json.gz,head-on,3.35,67,0.6411458333333333,0.5625,0.590625,0.5398148148148149,0.6916666666666667,0.5851851851851851,Town05,rain,36,298,14.9,1080,1920,109
videos/head-on/Town05_head-on_rain_42_aug2.mp4,video_annotations/Town05_head-on_rain_42.json.gz,head-on,6.05,121,0.253125,0.3949074074074074,0.1885416666666666,0.3712962962962963,0.3177083333333333,0.4185185185185185,Town05,rain,42,450,22.5,1080,1920,52
videos/head-on/Town05_head-on_rain_44_aug2.mp4,video_annotations/Town05_head-on_rain_44.json.gz,head-on,5.7,114,0.3729166666666667,0.6083333333333333,0.3333333333333333,0.5537037037037037,0.4125,0.662962962962963,Town05,rain,44,477,23.85,1080,1920,56
videos/head-on/Town05_head-on_rain_46_aug2.mp4,video_annotations/Town05_head-on_rain_46.json.gz,head-on,6.1,122,0.7286458333333333,0.5828703703703704,0.659375,0.5342592592592592,0.7979166666666667,0.6314814814814815,Town05,rain,46,375,18.75,1080,1920,56
videos/head-on/Town05_head-on_rain_50_aug2.mp4,video_annotations/Town05_head-on_rain_50.json.gz,head-on,7.15,143,0.54296875,0.1958333333333333,0.5026041666666666,0.1703703703703703,0.5833333333333334,0.2212962962962963,Town05,rain,50,337,16.85,1080,1920,36
videos/head-on/Town05_head-on_rain_53_aug2.mp4,video_annotations/Town05_head-on_rain_53.json.gz,head-on,3.85,77,0.4432291666666667,0.5111111111111111,0.4208333333333333,0.4685185185185185,0.465625,0.5537037037037037,Town05,rain,53,399,19.95,1080,1920,102
videos/head-on/Town05_head-on_sunset_01_aug2.mp4,video_annotations/Town05_head-on_sunset_01.json.gz,head-on,4.95,99,0.2908854166666667,0.8018518518518518,0.2130208333333333,0.687037037037037,0.36875,0.9166666666666666,Town05,sunset,1,434,21.7,1080,1920,76
videos/head-on/Town05_head-on_sunset_04_aug2.mp4,video_annotations/Town05_head-on_sunset_04.json.gz,head-on,4.95,99,0.596875,0.8,0.5692708333333333,0.6564814814814814,0.6244791666666667,0.9435185185185184,Town05,sunset,4,452,22.6,1080,1920,74
videos/head-on/Town05_head-on_sunset_07_aug2.mp4,video_annotations/Town05_head-on_sunset_07.json.gz,head-on,5.55,111,0.7158854166666667,0.3356481481481481,0.65,0.2787037037037037,0.7817708333333333,0.3925925925925926,Town05,sunset,7,271,13.55,1080,1920,62
videos/head-on/Town05_head-on_sunset_09_aug2.mp4,video_annotations/Town05_head-on_sunset_09.json.gz,head-on,6.0,120,0.57109375,0.4930555555555556,0.51875,0.4333333333333333,0.6234375,0.5527777777777778,Town05,sunset,9,355,17.75,1080,1920,80
videos/head-on/Town05_head-on_sunset_13_aug2.mp4,video_annotations/Town05_head-on_sunset_13.json.gz,head-on,9.5,190,0.4697916666666666,0.3675925925925926,0.3875,0.2648148148148148,0.5520833333333334,0.4703703703703704,Town05,sunset,13,449,22.45,1080,1920,50
videos/head-on/Town05_head-on_sunset_19_aug2.mp4,video_annotations/Town05_head-on_sunset_19.json.gz,head-on,4.1,82,0.6052083333333333,0.3611111111111111,0.5802083333333333,0.2462962962962963,0.6302083333333334,0.4759259259259259,Town05,sunset,19,376,18.8,1080,1920,158
videos/head-on/Town05_head-on_sunset_23_aug2.mp4,video_annotations/Town05_head-on_sunset_23.json.gz,head-on,5.6,112,0.5747395833333333,0.4388888888888889,0.5223958333333333,0.4111111111111111,0.6270833333333333,0.4666666666666667,Town05,sunset,23,320,16.0,1080,1920,136
videos/head-on/Town05_head-on_sunset_25_aug2.mp4,video_annotations/Town05_head-on_sunset_25.json.gz,head-on,5.45,109,0.5614583333333333,0.4847222222222222,0.5333333333333333,0.4361111111111111,0.5895833333333333,0.5333333333333333,Town05,sunset,25,413,20.65,1080,1920,66
videos/head-on/Town05_head-on_sunset_29_aug2.mp4,video_annotations/Town05_head-on_sunset_29.json.gz,head-on,5.5,110,0.4299479166666666,0.5305555555555556,0.3635416666666666,0.4953703703703703,0.4963541666666666,0.5657407407407408,Town05,sunset,29,398,19.9,1080,1920,68
videos/head-on/Town05_head-on_sunset_33_aug2.mp4,video_annotations/Town05_head-on_sunset_33.json.gz,head-on,7.05,141,0.6893229166666667,0.3060185185185185,0.6291666666666667,0.2305555555555555,0.7494791666666667,0.3814814814814815,Town05,sunset,33,503,25.15,1080,1920,37
videos/head-on/Town05_head-on_sunset_35_aug2.mp4,video_annotations/Town05_head-on_sunset_35.json.gz,head-on,6.85,137,0.5880208333333333,0.2541666666666666,0.5307291666666667,0.2157407407407407,0.6453125,0.2925925925925925,Town05,sunset,35,444,22.2,1080,1920,62
videos/head-on/Town05_head-on_sunset_37_aug2.mp4,video_annotations/Town05_head-on_sunset_37.json.gz,head-on,6.15,123,0.37890625,0.3412037037037037,0.3286458333333333,0.2898148148148148,0.4291666666666666,0.3925925925925926,Town05,sunset,37,283,14.15,1080,1920,119
videos/head-on/Town05_head-on_sunset_40_aug2.mp4,video_annotations/Town05_head-on_sunset_40.json.gz,head-on,3.45,69,0.4010416666666667,0.462037037037037,0.384375,0.4194444444444444,0.4177083333333333,0.5046296296296297,Town05,sunset,40,357,17.85,1080,1920,89
videos/head-on/Town05_head-on_sunset_42_aug2.mp4,video_annotations/Town05_head-on_sunset_42.json.gz,head-on,4.1,82,0.1192708333333333,0.3861111111111111,0.0385416666666666,0.362962962962963,0.2,0.4092592592592592,Town05,sunset,42,329,16.45,1080,1920,85
videos/head-on/Town05_head-on_sunset_45_aug2.mp4,video_annotations/Town05_head-on_sunset_45.json.gz,head-on,7.1,142,0.7088541666666667,0.5259259259259259,0.6671875,0.4777777777777778,0.7505208333333333,0.5740740740740741,Town05,sunset,45,476,23.8,1080,1920,35
videos/head-on/Town05_head-on_sunset_48_aug2.mp4,video_annotations/Town05_head-on_sunset_48.json.gz,head-on,7.7,154,0.55390625,0.3634259259259259,0.5026041666666666,0.3444444444444444,0.6052083333333333,0.3824074074074074,Town05,sunset,48,404,20.2,1080,1920,46
videos/head-on/Town05_head-on_sunset_53_aug2.mp4,video_annotations/Town05_head-on_sunset_53.json.gz,head-on,2.8,56,0.4494791666666666,0.5407407407407407,0.4328125,0.5203703703703704,0.4661458333333333,0.5611111111111111,Town05,sunset,53,320,16.0,1080,1920,126
videos/head-on/Town05_head-on_wet_03_aug2.mp4,video_annotations/Town05_head-on_wet_03.json.gz,head-on,6.8,136,0.45703125,0.7509259259259259,0.4276041666666667,0.6166666666666667,0.4864583333333333,0.8851851851851852,Town05,wet,3,413,20.65,1080,1920,32
videos/head-on/Town05_head-on_wet_10_aug2.mp4,video_annotations/Town05_head-on_wet_10.json.gz,head-on,7.4,148,0.5515625,0.4134259259259259,0.51875,0.3435185185185185,0.584375,0.4833333333333333,Town05,wet,10,491,24.55,1080,1920,35
videos/head-on/Town05_head-on_wet_12_aug2.mp4,video_annotations/Town05_head-on_wet_12.json.gz,head-on,4.25,85,0.4388020833333333,0.4680555555555555,0.4166666666666667,0.3935185185185185,0.4609375,0.5425925925925926,Town05,wet,12,377,18.85,1080,1920,90
videos/head-on/Town05_head-on_wet_14_aug2.mp4,video_annotations/Town05_head-on_wet_14.json.gz,head-on,4.1,82,0.2973958333333333,0.2893518518518518,0.2359375,0.2407407407407407,0.3588541666666666,0.3379629629629629,Town05,wet,14,413,20.65,1080,1920,90
videos/head-on/Town05_head-on_wet_18_aug2.mp4,video_annotations/Town05_head-on_wet_18.json.gz,head-on,8.8,176,0.646875,0.4703703703703704,0.6234375,0.3953703703703703,0.6703125,0.5453703703703704,Town05,wet,18,435,21.75,1080,1920,67
videos/head-on/Town05_head-on_wet_20_aug2.mp4,video_annotations/Town05_head-on_wet_20.json.gz,head-on,6.7,134,0.57109375,0.6810185185185185,0.5067708333333333,0.5842592592592593,0.6354166666666666,0.7777777777777778,Town05,wet,20,385,19.25,1080,1920,44
videos/head-on/Town05_head-on_wet_23_aug2.mp4,video_annotations/Town05_head-on_wet_23.json.gz,head-on,5.7,114,0.7236979166666667,0.4638888888888889,0.6692708333333334,0.437037037037037,0.778125,0.4907407407407407,Town05,wet,23,458,22.9,1080,1920,53
videos/head-on/Town05_head-on_wet_27_aug2.mp4,video_annotations/Town05_head-on_wet_27.json.gz,head-on,4.85,97,0.4643229166666666,0.3939814814814815,0.44375,0.3425925925925926,0.4848958333333333,0.4453703703703703,Town05,wet,27,378,18.9,1080,1920,84
videos/head-on/Town05_head-on_wet_29_aug2.mp4,video_annotations/Town05_head-on_wet_29.json.gz,head-on,7.85,157,0.38046875,0.5611111111111111,0.3171875,0.5194444444444445,0.44375,0.6027777777777777,Town05,wet,29,382,19.1,1080,1920,22
videos/head-on/Town05_head-on_wet_34_aug2.mp4,video_annotations/Town05_head-on_wet_34.json.gz,head-on,8.35,167,0.7541666666666667,0.5375,0.6786458333333333,0.4740740740740741,0.8296875,0.600925925925926,Town05,wet,34,405,20.25,1080,1920,35
videos/head-on/Town05_head-on_wet_38_aug2.mp4,video_annotations/Town05_head-on_wet_38.json.gz,head-on,6.7,134,0.5752604166666667,0.2087962962962962,0.54375,0.1666666666666666,0.6067708333333334,0.2509259259259259,Town05,wet,38,400,20.0,1080,1920,44
videos/head-on/Town05_head-on_wet_43_aug2.mp4,video_annotations/Town05_head-on_wet_43.json.gz,head-on,3.35,67,0.4736979166666666,0.3694444444444444,0.4109375,0.3435185185185185,0.5364583333333334,0.3953703703703703,Town05,wet,43,303,15.15,1080,1920,131
videos/head-on/Town05_head-on_wet_45_aug2.mp4,video_annotations/Town05_head-on_wet_45.json.gz,head-on,5.6,112,0.6958333333333333,0.5615740740740741,0.6583333333333333,0.5111111111111111,0.7333333333333333,0.612037037037037,Town05,wet,45,325,16.25,1080,1920,73
videos/head-on/Town05_head-on_wet_50_aug2.mp4,video_annotations/Town05_head-on_wet_50.json.gz,head-on,5.45,109,0.5596354166666667,0.1430555555555555,0.5203125,0.1212962962962962,0.5989583333333334,0.1648148148148148,Town05,wet,50,366,18.3,1080,1920,65
videos/head-on/Town05_head-on_wet_53_aug2.mp4,video_annotations/Town05_head-on_wet_53.json.gz,head-on,5.75,115,0.4463541666666666,0.5370370370370371,0.4270833333333333,0.5138888888888888,0.465625,0.5601851851851852,Town05,wet,53,449,22.45,1080,1920,58
videos/head-on/Town06_head-on_clear_02_aug2.mp4,video_annotations/Town06_head-on_clear_02.json.gz,head-on,10.9,218,0.2653645833333333,0.2773148148148148,0.2161458333333333,0.2185185185185185,0.3145833333333333,0.3361111111111111,Town06,clear,2,348,17.4,1080,1920,66
videos/head-on/Town06_head-on_clear_04_aug2.mp4,video_annotations/Town06_head-on_clear_04.json.gz,head-on,10.95,219,0.4013020833333333,0.3300925925925926,0.3583333333333333,0.2907407407407407,0.4442708333333333,0.3694444444444444,Town06,clear,4,394,19.7,1080,1920,101
videos/head-on/Town06_head-on_clear_06_aug2.mp4,video_annotations/Town06_head-on_clear_06.json.gz,head-on,8.05,161,0.34296875,0.9425925925925924,0.2895833333333333,0.8861111111111111,0.3963541666666667,0.999074074074074,Town06,clear,6,333,16.65,1080,1920,114
videos/head-on/Town06_head-on_clear_08_aug2.mp4,video_annotations/Town06_head-on_clear_08.json.gz,head-on,13.55,271,0.5486979166666667,0.6277777777777778,0.5375,0.5527777777777778,0.5598958333333334,0.7027777777777777,Town06,clear,8,412,20.6,1080,1920,64
videos/head-on/Town06_head-on_clear_10_aug2.mp4,video_annotations/Town06_head-on_clear_10.json.gz,head-on,11.55,231,0.5966145833333333,0.5768518518518518,0.5546875,0.5037037037037037,0.6385416666666667,0.65,Town06,clear,10,388,19.4,1080,1920,91
videos/head-on/Town06_head-on_clear_12_aug2.mp4,video_annotations/Town06_head-on_clear_12.json.gz,head-on,14.0,280,0.5557291666666667,0.212037037037037,0.5083333333333333,0.1787037037037037,0.603125,0.2453703703703703,Town06,clear,12,408,20.4,1080,1920,31
videos/head-on/Town06_head-on_clear_15_aug2.mp4,video_annotations/Town06_head-on_clear_15.json.gz,head-on,11.65,233,0.5255208333333333,0.75,0.5067708333333333,0.6564814814814814,0.5442708333333334,0.8435185185185186,Town06,clear,15,312,15.6,1080,1920,121
videos/head-on/Town06_head-on_clear_17_aug2.mp4,video_annotations/Town06_head-on_clear_17.json.gz,head-on,9.8,196,0.709375,0.8578703703703704,0.6572916666666667,0.7898148148148149,0.7614583333333333,0.925925925925926,Town06,clear,17,223,11.15,1080,1920,231
videos/head-on/Town06_head-on_clear_19_aug2.mp4,video_annotations/Town06_head-on_clear_19.json.gz,head-on,18.45,369,0.7434895833333334,0.2837962962962962,0.7010416666666667,0.2564814814814815,0.7859375,0.3111111111111111,Town06,clear,19,412,20.6,1080,1920,60
videos/head-on/Town06_head-on_clear_21_aug2.mp4,video_annotations/Town06_head-on_clear_21.json.gz,head-on,10.65,213,0.6205729166666667,0.45,0.5864583333333333,0.4092592592592592,0.6546875,0.4907407407407407,Town06,clear,21,296,14.8,1080,1920,161
videos/head-on/Town06_head-on_clear_23_aug2.mp4,video_annotations/Town06_head-on_clear_23.json.gz,head-on,17.2,344,0.5109375,0.3527777777777778,0.503125,0.3222222222222222,0.51875,0.3833333333333333,Town06,clear,23,367,18.35,1080,1920,82
videos/head-on/Town06_head-on_clear_26_aug2.mp4,video_annotations/Town06_head-on_clear_26.json.gz,head-on,12.2,244,0.5033854166666667,0.4916666666666666,0.4614583333333333,0.4712962962962962,0.5453125,0.5120370370370371,Town06,clear,26,331,16.55,1080,1920,86
videos/head-on/Town06_head-on_clear_28_aug2.mp4,video_annotations/Town06_head-on_clear_28.json.gz,head-on,10.75,215,0.5453125,0.5236111111111111,0.5140625,0.4805555555555555,0.5765625,0.5666666666666667,Town06,clear,28,330,16.5,1080,1920,67
videos/head-on/Town06_head-on_clear_30_aug2.mp4,video_annotations/Town06_head-on_clear_30.json.gz,head-on,9.7,194,0.5078125,0.5402777777777777,0.5010416666666667,0.5120370370370371,0.5145833333333333,0.5685185185185185,Town06,clear,30,289,14.45,1080,1920,90
videos/head-on/Town06_head-on_clear_33_aug2.mp4,video_annotations/Town06_head-on_clear_33.json.gz,head-on,14.05,281,0.4270833333333333,0.6583333333333333,0.3854166666666667,0.6342592592592593,0.46875,0.6824074074074075,Town06,clear,33,380,19.0,1080,1920,46
videos/head-on/Town06_head-on_clear_35_aug2.mp4,video_annotations/Town06_head-on_clear_35.json.gz,head-on,8.35,167,0.4408854166666666,0.5800925925925926,0.3963541666666667,0.5472222222222223,0.4854166666666666,0.6129629629629629,Town06,clear,35,269,13.45,1080,1920,168
videos/head-on/Town06_head-on_clear_37_aug2.mp4,video_annotations/Town06_head-on_clear_37.json.gz,head-on,10.5,210,0.47265625,0.3337962962962963,0.4520833333333333,0.2842592592592592,0.4932291666666666,0.3833333333333333,Town06,clear,37,290,14.5,1080,1920,131
videos/head-on/Town06_head-on_clear_39_aug2.mp4,video_annotations/Town06_head-on_clear_39.json.gz,head-on,11.6,232,0.5005208333333333,0.2939814814814814,0.4682291666666666,0.2490740740740741,0.5328125,0.3388888888888889,Town06,clear,39,323,16.15,1080,1920,116
videos/head-on/Town06_head-on_clear_41_aug2.mp4,video_annotations/Town06_head-on_clear_41.json.gz,head-on,11.0,220,0.7229166666666667,0.5259259259259259,0.6765625,0.5,0.7692708333333333,0.5518518518518518,Town06,clear,41,305,15.25,1080,1920,49
videos/head-on/Town06_head-on_clear_43_aug2.mp4,video_annotations/Town06_head-on_clear_43.json.gz,head-on,12.05,241,0.571875,0.5949074074074074,0.5401041666666667,0.5583333333333333,0.6036458333333333,0.6314814814814815,Town06,clear,43,288,14.4,1080,1920,102
videos/head-on/Town06_head-on_clear_46_aug2.mp4,video_annotations/Town06_head-on_clear_46.json.gz,head-on,10.15,203,0.57109375,0.5763888888888888,0.5510416666666667,0.5546296296296296,0.5911458333333334,0.5981481481481481,Town06,clear,46,256,12.8,1080,1920,134
videos/head-on/Town06_head-on_clear_48_aug2.mp4,video_annotations/Town06_head-on_clear_48.json.gz,head-on,7.2,144,0.4825520833333333,0.4143518518518518,0.4479166666666667,0.3953703703703703,0.5171875,0.4333333333333333,Town06,clear,48,259,12.95,1080,1920,140
videos/head-on/Town06_head-on_clear_50_aug2.mp4,video_annotations/Town06_head-on_clear_50.json.gz,head-on,7.35,147,0.5096354166666667,0.4810185185185185,0.4458333333333333,0.4407407407407407,0.5734375,0.5212962962962963,Town06,clear,50,273,13.65,1080,1920,181
videos/head-on/Town06_head-on_clear_52_aug2.mp4,video_annotations/Town06_head-on_clear_52.json.gz,head-on,9.65,193,0.378125,0.4935185185185185,0.3421875,0.4333333333333333,0.4140625,0.5537037037037037,Town06,clear,52,303,15.15,1080,1920,67
videos/head-on/Town06_head-on_clear_54_aug2.mp4,video_annotations/Town06_head-on_clear_54.json.gz,head-on,13.7,274,0.4330729166666666,0.4814814814814814,0.4,0.4481481481481481,0.4661458333333333,0.5148148148148148,Town06,clear,54,331,16.55,1080,1920,89
videos/head-on/Town06_head-on_night_01_aug2.mp4,video_annotations/Town06_head-on_night_01.json.gz,head-on,6.65,133,0.4354166666666667,0.4921296296296296,0.4026041666666666,0.4268518518518518,0.4682291666666666,0.5574074074074075,Town06,night,1,351,17.55,1080,1920,202
videos/head-on/Town06_head-on_night_03_aug2.mp4,video_annotations/Town06_head-on_night_03.json.gz,head-on,8.0,160,0.1557291666666666,0.2703703703703703,0.0916666666666666,0.2231481481481481,0.2197916666666666,0.3175925925925926,Town06,night,3,411,20.55,1080,1920,116
videos/head-on/Town06_head-on_night_05_aug2.mp4,video_annotations/Town06_head-on_night_05.json.gz,head-on,13.3,266,0.4984375,0.4449074074074074,0.4317708333333333,0.3814814814814815,0.5651041666666666,0.5083333333333333,Town06,night,5,382,19.1,1080,1920,62
videos/head-on/Town06_head-on_night_08_aug2.mp4,video_annotations/Town06_head-on_night_08.json.gz,head-on,11.05,221,0.5338541666666666,0.600462962962963,0.5223958333333333,0.525,0.5453125,0.6759259259259259,Town06,night,8,433,21.65,1080,1920,112
videos/head-on/Town06_head-on_night_10_aug2.mp4,video_annotations/Town06_head-on_night_10.json.gz,head-on,10.05,201,0.5963541666666666,0.5782407407407407,0.5526041666666667,0.512962962962963,0.6401041666666667,0.6435185185185185,Town06,night,10,393,19.65,1080,1920,120
videos/head-on/Town06_head-on_night_12_aug2.mp4,video_annotations/Town06_head-on_night_12.json.gz,head-on,8.3,166,0.5583333333333333,0.2319444444444444,0.5161458333333333,0.1953703703703703,0.6005208333333333,0.2685185185185185,Town06,night,12,325,16.25,1080,1920,153
videos/head-on/Town06_head-on_night_14_aug2.mp4,video_annotations/Town06_head-on_night_14.json.gz,head-on,2.5,50,0.50703125,0.3125,0.4921875,0.2574074074074074,0.521875,0.3675925925925926,Town06,night,14,301,15.05,1080,1920,234
videos/head-on/Town06_head-on_night_17_aug2.mp4,video_annotations/Town06_head-on_night_17.json.gz,head-on,12.65,253,0.3760416666666666,0.5453703703703704,0.3395833333333333,0.4962962962962963,0.4125,0.5944444444444444,Town06,night,17,453,22.65,1080,1920,61
videos/head-on/Town06_head-on_night_19_aug2.mp4,video_annotations/Town06_head-on_night_19.json.gz,head-on,14.55,291,0.4807291666666666,0.3587962962962963,0.4375,0.3305555555555555,0.5239583333333333,0.387037037037037,Town06,night,19,442,22.1,1080,1920,43
videos/head-on/Town06_head-on_night_21_aug2.mp4,video_annotations/Town06_head-on_night_21.json.gz,head-on,11.5,230,0.5578125,0.5120370370370371,0.5161458333333333,0.4592592592592592,0.5994791666666667,0.5648148148148148,Town06,night,21,394,19.7,1080,1920,92
videos/head-on/Town06_head-on_night_23_aug2.mp4,video_annotations/Town06_head-on_night_23.json.gz,head-on,7.4,148,0.55859375,0.687962962962963,0.5395833333333333,0.6138888888888889,0.5776041666666667,0.7620370370370371,Town06,night,23,336,16.8,1080,1920,186
videos/head-on/Town06_head-on_night_25_aug2.mp4,video_annotations/Town06_head-on_night_25.json.gz,head-on,10.9,218,0.6375,0.4143518518518518,0.5671875,0.3111111111111111,0.7078125,0.5175925925925926,Town06,night,25,474,23.7,1080,1920,112
videos/head-on/Town06_head-on_night_27_aug2.mp4,video_annotations/Town06_head-on_night_27.json.gz,head-on,9.15,183,0.56875,0.4550925925925926,0.5083333333333333,0.4027777777777778,0.6291666666666667,0.5074074074074074,Town06,night,27,335,16.75,1080,1920,151
videos/head-on/Town06_head-on_night_29_aug2.mp4,video_annotations/Town06_head-on_night_29.json.gz,head-on,13.65,273,0.49921875,0.2717592592592592,0.4791666666666667,0.2157407407407407,0.5192708333333333,0.3277777777777778,Town06,night,29,420,21.0,1080,1920,49
videos/head-on/Town06_head-on_night_31_aug2.mp4,video_annotations/Town06_head-on_night_31.json.gz,head-on,11.85,237,0.3286458333333333,0.6101851851851852,0.3114583333333333,0.5796296296296296,0.3458333333333333,0.6407407407407407,Town06,night,31,451,22.55,1080,1920,51
videos/head-on/Town06_head-on_night_33_aug2.mp4,video_annotations/Town06_head-on_night_33.json.gz,head-on,12.55,251,0.4026041666666666,0.7097222222222223,0.3395833333333333,0.6648148148148149,0.465625,0.7546296296296297,Town06,night,33,457,22.85,1080,1920,74
videos/head-on/Town06_head-on_night_35_aug2.mp4,video_annotations/Town06_head-on_night_35.json.gz,head-on,7.05,141,0.2536458333333333,0.6296296296296297,0.1911458333333333,0.5888888888888889,0.3161458333333333,0.6703703703703704,Town06,night,35,316,15.8,1080,1920,136
videos/head-on/Town06_head-on_night_37_aug2.mp4,video_annotations/Town06_head-on_night_37.json.gz,head-on,12.35,247,0.4395833333333333,0.3893518518518518,0.4171875,0.325,0.4619791666666666,0.4537037037037037,Town06,night,37,391,19.55,1080,1920,65
videos/head-on/Town06_head-on_night_40_aug2.mp4,video_annotations/Town06_head-on_night_40.json.gz,head-on,13.35,267,0.3359375,0.262037037037037,0.2958333333333333,0.2259259259259259,0.3760416666666666,0.2981481481481481,Town06,night,40,475,23.75,1080,1920,85
videos/head-on/Town06_head-on_night_42_aug2.mp4,video_annotations/Town06_head-on_night_42.json.gz,head-on,11.4,228,0.55,0.3180555555555555,0.5151041666666667,0.2888888888888888,0.5848958333333333,0.3472222222222222,Town06,night,42,472,23.6,1080,1920,56
videos/head-on/Town06_head-on_night_45_aug2.mp4,video_annotations/Town06_head-on_night_45.json.gz,head-on,8.4,168,0.45390625,0.6013888888888889,0.4453125,0.5740740740740741,0.4625,0.6287037037037037,Town06,night,45,376,18.8,1080,1920,169
videos/head-on/Town06_head-on_night_47_aug2.mp4,video_annotations/Town06_head-on_night_47.json.gz,head-on,13.75,275,0.59453125,0.6342592592592593,0.5588541666666667,0.6064814814814815,0.6302083333333334,0.6620370370370371,Town06,night,47,514,25.7,1080,1920,63
videos/head-on/Town06_head-on_night_49_aug2.mp4,video_annotations/Town06_head-on_night_49.json.gz,head-on,11.5,230,0.5544270833333333,0.4953703703703703,0.4958333333333333,0.4592592592592592,0.6130208333333333,0.5314814814814814,Town06,night,49,514,25.7,1080,1920,88
videos/head-on/Town06_head-on_night_51_aug2.mp4,video_annotations/Town06_head-on_night_51.json.gz,head-on,17.05,341,0.61953125,0.5412037037037037,0.6015625,0.5268518518518519,0.6375,0.5555555555555556,Town06,night,51,459,22.95,1080,1920,86
videos/head-on/Town06_head-on_night_53_aug2.mp4,video_annotations/Town06_head-on_night_53.json.gz,head-on,10.65,213,0.6252604166666667,0.6907407407407408,0.5942708333333333,0.6388888888888888,0.65625,0.7425925925925926,Town06,night,53,484,24.2,1080,1920,71
videos/head-on/Town06_head-on_sunset_02_aug2.mp4,video_annotations/Town06_head-on_sunset_02.json.gz,head-on,14.85,297,0.3713541666666666,0.3819444444444444,0.3177083333333333,0.3138888888888889,0.425,0.45,Town06,sunset,2,408,20.4,1080,1920,33
videos/head-on/Town06_head-on_sunset_04_aug2.mp4,video_annotations/Town06_head-on_sunset_04.json.gz,head-on,10.45,209,0.5682291666666667,0.2564814814814815,0.5234375,0.2277777777777777,0.6130208333333333,0.2851851851851852,Town06,sunset,4,306,15.3,1080,1920,157
videos/head-on/Town06_head-on_sunset_06_aug2.mp4,video_annotations/Town06_head-on_sunset_06.json.gz,head-on,20.75,415,0.6973958333333333,0.3717592592592592,0.66875,0.324074074074074,0.7260416666666667,0.4194444444444444,Town06,sunset,6,434,21.7,1080,1920,28
videos/head-on/Town06_head-on_sunset_09_aug2.mp4,video_annotations/Town06_head-on_sunset_09.json.gz,head-on,11.7,234,0.5557291666666667,0.2847222222222222,0.5296875,0.2064814814814815,0.5817708333333333,0.362962962962963,Town06,sunset,9,332,16.6,1080,1920,108
videos/head-on/Town06_head-on_sunset_11_aug2.mp4,video_annotations/Town06_head-on_sunset_11.json.gz,head-on,9.4,188,0.6895833333333333,0.3046296296296296,0.6395833333333333,0.2805555555555555,0.7395833333333334,0.3287037037037037,Town06,sunset,11,308,15.4,1080,1920,84
videos/head-on/Town06_head-on_sunset_13_aug2.mp4,video_annotations/Town06_head-on_sunset_13.json.gz,head-on,14.15,283,0.6059895833333333,0.2972222222222222,0.5572916666666666,0.2398148148148148,0.6546875,0.3546296296296296,Town06,sunset,13,404,20.2,1080,1920,47
videos/head-on/Town06_head-on_sunset_15_aug2.mp4,video_annotations/Town06_head-on_sunset_15.json.gz,head-on,12.25,245,0.53359375,0.4953703703703703,0.5234375,0.4333333333333333,0.54375,0.5574074074074075,Town06,sunset,15,312,15.6,1080,1920,89
videos/head-on/Town06_head-on_sunset_17_aug2.mp4,video_annotations/Town06_head-on_sunset_17.json.gz,head-on,10.55,211,0.3049479166666666,0.5532407407407407,0.2734375,0.5120370370370371,0.3364583333333333,0.5944444444444444,Town06,sunset,17,352,17.6,1080,1920,72
videos/head-on/Town06_head-on_sunset_19_aug2.mp4,video_annotations/Town06_head-on_sunset_19.json.gz,head-on,7.5,150,0.26328125,0.3666666666666666,0.2135416666666666,0.3333333333333333,0.3130208333333333,0.4,Town06,sunset,19,275,13.75,1080,1920,123
videos/head-on/Town06_head-on_sunset_21_aug2.mp4,video_annotations/Town06_head-on_sunset_21.json.gz,head-on,10.75,215,0.3510416666666666,0.7134259259259259,0.2942708333333333,0.6388888888888888,0.4078125,0.787962962962963,Town06,sunset,21,356,17.8,1080,1920,43
videos/head-on/Town06_head-on_sunset_23_aug2.mp4,video_annotations/Town06_head-on_sunset_23.json.gz,head-on,13.1,262,0.56328125,0.7217592592592592,0.546875,0.6333333333333333,0.5796875,0.8101851851851852,Town06,sunset,23,385,19.25,1080,1920,55
videos/head-on/Town06_head-on_sunset_25_aug2.mp4,video_annotations/Town06_head-on_sunset_25.json.gz,head-on,7.75,155,0.7721354166666666,0.5583333333333333,0.7203125,0.4935185185185185,0.8239583333333333,0.6231481481481481,Town06,sunset,25,286,14.3,1080,1920,140
videos/head-on/Town06_head-on_sunset_27_aug2.mp4,video_annotations/Town06_head-on_sunset_27.json.gz,head-on,12.9,258,0.3955729166666666,0.5268518518518519,0.3515625,0.4935185185185185,0.4395833333333333,0.5601851851851852,Town06,sunset,27,310,15.5,1080,1920,109
videos/head-on/Town06_head-on_sunset_29_aug2.mp4,video_annotations/Town06_head-on_sunset_29.json.gz,head-on,12.2,244,0.49375,0.237037037037037,0.46875,0.1768518518518518,0.51875,0.2972222222222222,Town06,sunset,29,395,19.75,1080,1920,66
videos/head-on/Town06_head-on_sunset_32_aug2.mp4,video_annotations/Town06_head-on_sunset_32.json.gz,head-on,10.05,201,0.5677083333333334,0.6671296296296296,0.5390625,0.625,0.5963541666666666,0.7092592592592593,Town06,sunset,32,244,12.2,1080,1920,125
videos/head-on/Town06_head-on_sunset_34_aug2.mp4,video_annotations/Town06_head-on_sunset_34.json.gz,head-on,8.5,170,0.3317708333333333,0.6101851851851852,0.2619791666666666,0.5518518518518518,0.4015625,0.6685185185185185,Town06,sunset,34,292,14.6,1080,1920,149
videos/head-on/Town06_head-on_sunset_36_aug2.mp4,video_annotations/Town06_head-on_sunset_36.json.gz,head-on,13.15,263,0.4447916666666666,0.4939814814814814,0.3755208333333333,0.4157407407407407,0.5140625,0.5722222222222222,Town06,sunset,36,345,17.25,1080,1920,60
videos/head-on/Town06_head-on_sunset_38_aug2.mp4,video_annotations/Town06_head-on_sunset_38.json.gz,head-on,15.05,301,0.3455729166666667,0.4953703703703703,0.3354166666666666,0.4731481481481481,0.3557291666666666,0.5175925925925926,Town06,sunset,38,327,16.35,1080,1920,116
videos/head-on/Town06_head-on_sunset_40_aug2.mp4,video_annotations/Town06_head-on_sunset_40.json.gz,head-on,9.55,191,0.6705729166666666,0.462037037037037,0.6213541666666667,0.4212962962962963,0.7197916666666667,0.5027777777777778,Town06,sunset,40,308,15.4,1080,1920,110
videos/head-on/Town06_head-on_sunset_45_aug2.mp4,video_annotations/Town06_head-on_sunset_45.json.gz,head-on,14.1,282,0.4677083333333333,0.5810185185185185,0.4588541666666667,0.5555555555555556,0.4765625,0.6064814814814815,Town06,sunset,45,351,17.55,1080,1920,72
videos/head-on/Town06_head-on_sunset_47_aug2.mp4,video_annotations/Town06_head-on_sunset_47.json.gz,head-on,13.9,278,0.5578125,0.6347222222222222,0.5223958333333333,0.6101851851851852,0.5932291666666667,0.6592592592592592,Town06,sunset,47,389,19.45,1080,1920,41
videos/head-on/Town06_head-on_sunset_49_aug2.mp4,video_annotations/Town06_head-on_sunset_49.json.gz,head-on,8.85,177,0.6260416666666667,0.5217592592592593,0.5833333333333334,0.5018518518518519,0.66875,0.5416666666666666,Town06,sunset,49,271,13.55,1080,1920,157
videos/head-on/Town06_head-on_sunset_51_aug2.mp4,video_annotations/Town06_head-on_sunset_51.json.gz,head-on,9.7,194,0.2072916666666666,0.7814814814814814,0.1213541666666666,0.7138888888888889,0.2932291666666666,0.8490740740740741,Town06,sunset,51,374,18.7,1080,1920,71
videos/head-on/Town06_head-on_sunset_53_aug2.mp4,video_annotations/Town06_head-on_sunset_53.json.gz,head-on,16.95,339,0.5643229166666667,0.549537037037037,0.5557291666666667,0.5324074074074074,0.5729166666666666,0.5666666666666667,Town06,sunset,53,375,18.75,1080,1920,105
videos/head-on/Town06_head-on_wet_00_aug2.mp4,video_annotations/Town06_head-on_wet_00.json.gz,head-on,12.05,241,0.4927083333333333,0.3111111111111111,0.4817708333333333,0.2444444444444444,0.5036458333333333,0.3777777777777777,Town06,wet,0,374,18.7,1080,1920,100
videos/head-on/Town06_head-on_wet_02_aug2.mp4,video_annotations/Town06_head-on_wet_02.json.gz,head-on,4.0,80,0.4135416666666666,0.4712962962962962,0.3744791666666666,0.4194444444444444,0.4526041666666666,0.5231481481481481,Town06,wet,2,137,6.85,1080,1920,228
videos/head-on/Town06_head-on_wet_04_aug2.mp4,video_annotations/Town06_head-on_wet_04.json.gz,head-on,11.25,225,0.278125,0.3291666666666666,0.2244791666666666,0.2907407407407407,0.3317708333333333,0.3675925925925926,Town06,wet,4,385,19.25,1080,1920,56
videos/head-on/Town06_head-on_wet_06_aug2.mp4,video_annotations/Town06_head-on_wet_06.json.gz,head-on,17.5,350,0.68828125,0.337037037037037,0.6625,0.2925925925925925,0.7140625,0.3814814814814815,Town06,wet,6,370,18.5,1080,1920,89
videos/head-on/Town06_head-on_wet_08_aug2.mp4,video_annotations/Town06_head-on_wet_08.json.gz,head-on,17.75,355,0.5393229166666667,0.2712962962962963,0.53125,0.2259259259259259,0.5473958333333333,0.3166666666666666,Town06,wet,8,391,19.55,1080,1920,65
videos/head-on/Town06_head-on_wet_11_aug2.mp4,video_annotations/Town06_head-on_wet_11.json.gz,head-on,11.65,233,0.7091145833333333,0.2407407407407407,0.6614583333333334,0.2157407407407407,0.7567708333333333,0.2657407407407407,Town06,wet,11,438,21.9,1080,1920,41
videos/head-on/Town06_head-on_wet_13_aug2.mp4,video_annotations/Town06_head-on_wet_13.json.gz,head-on,15.05,301,0.6486979166666667,0.3328703703703703,0.5838541666666667,0.2638888888888889,0.7135416666666666,0.4018518518518518,Town06,wet,13,398,19.9,1080,1920,33
videos/head-on/Town06_head-on_wet_15_aug2.mp4,video_annotations/Town06_head-on_wet_15.json.gz,head-on,11.85,237,0.5111979166666667,0.4800925925925925,0.4989583333333333,0.4222222222222222,0.5234375,0.537962962962963,Town06,wet,15,350,17.5,1080,1920,85
videos/head-on/Town06_head-on_wet_17_aug2.mp4,video_annotations/Town06_head-on_wet_17.json.gz,head-on,14.2,284,0.7846354166666667,0.9314814814814816,0.71875,0.8638888888888889,0.8505208333333333,0.999074074074074,Town06,wet,17,315,15.75,1080,1920,132
videos/head-on/Town06_head-on_wet_19_aug2.mp4,video_annotations/Town06_head-on_wet_19.json.gz,head-on,12.05,241,0.4557291666666667,0.3777777777777777,0.4130208333333333,0.3518518518518518,0.4984375,0.4037037037037037,Town06,wet,19,358,17.9,1080,1920,87
videos/head-on/Town06_head-on_wet_21_aug2.mp4,video_annotations/Town06_head-on_wet_21.json.gz,head-on,10.55,211,0.5434895833333333,0.5694444444444444,0.503125,0.5175925925925926,0.5838541666666667,0.6212962962962963,Town06,wet,21,287,14.35,1080,1920,116
videos/head-on/Town06_head-on_wet_23_aug2.mp4,video_annotations/Town06_head-on_wet_23.json.gz,head-on,15.25,305,0.5283854166666667,0.4310185185185185,0.5171875,0.3787037037037037,0.5395833333333333,0.4833333333333333,Town06,wet,23,390,19.5,1080,1920,45
videos/head-on/Town06_head-on_wet_25_aug2.mp4,video_annotations/Town06_head-on_wet_25.json.gz,head-on,8.4,168,0.7510416666666667,0.5773148148148148,0.7015625,0.512962962962963,0.8005208333333333,0.6416666666666667,Town06,wet,25,396,19.8,1080,1920,89
videos/head-on/Town06_head-on_wet_27_aug2.mp4,video_annotations/Town06_head-on_wet_27.json.gz,head-on,12.45,249,0.5052083333333334,0.4615740740740741,0.4453125,0.4111111111111111,0.5651041666666666,0.5120370370370371,Town06,wet,27,361,18.05,1080,1920,66
videos/head-on/Town06_head-on_wet_30_aug2.mp4,video_annotations/Town06_head-on_wet_30.json.gz,head-on,10.5,210,0.5033854166666667,0.6555555555555556,0.4932291666666666,0.6166666666666667,0.5135416666666667,0.6944444444444444,Town06,wet,30,312,15.6,1080,1920,106
videos/head-on/Town06_head-on_wet_32_aug2.mp4,video_annotations/Town06_head-on_wet_32.json.gz,head-on,12.15,243,0.578125,0.6263888888888889,0.546875,0.5916666666666667,0.609375,0.6611111111111111,Town06,wet,32,348,17.4,1080,1920,78
videos/head-on/Town06_head-on_wet_34_aug2.mp4,video_annotations/Town06_head-on_wet_34.json.gz,head-on,11.65,233,0.3466145833333333,0.6356481481481482,0.2932291666666666,0.6055555555555555,0.4,0.6657407407407407,Town06,wet,34,349,17.45,1080,1920,91
videos/head-on/Town06_head-on_wet_36_aug2.mp4,video_annotations/Town06_head-on_wet_36.json.gz,head-on,7.7,154,0.27890625,0.6337962962962963,0.2072916666666666,0.5546296296296296,0.3505208333333333,0.7129629629629629,Town06,wet,36,311,15.55,1080,1920,104
videos/head-on/Town06_head-on_wet_38_aug2.mp4,video_annotations/Town06_head-on_wet_38.json.gz,head-on,7.6,152,0.4606770833333333,0.7625,0.4364583333333333,0.6990740740740741,0.4848958333333333,0.825925925925926,Town06,wet,38,235,11.75,1080,1920,134
videos/head-on/Town06_head-on_wet_40_aug2.mp4,video_annotations/Town06_head-on_wet_40.json.gz,head-on,12.6,252,0.4385416666666666,0.3379629629629629,0.3958333333333333,0.3,0.48125,0.3759259259259259,Town06,wet,40,290,14.5,1080,1920,94
videos/head-on/Town06_head-on_wet_42_aug2.mp4,video_annotations/Town06_head-on_wet_42.json.gz,head-on,12.2,244,0.4130208333333333,0.3925925925925926,0.371875,0.3555555555555555,0.4541666666666666,0.4296296296296296,Town06,wet,42,351,17.55,1080,1920,93
videos/head-on/Town06_head-on_wet_44_aug2.mp4,video_annotations/Town06_head-on_wet_44.json.gz,head-on,12.65,253,0.5049479166666667,0.6555555555555556,0.4734375,0.6046296296296296,0.5364583333333334,0.7064814814814815,Town06,wet,44,286,14.3,1080,1920,111
videos/head-on/Town06_head-on_wet_46_aug2.mp4,video_annotations/Town06_head-on_wet_46.json.gz,head-on,12.65,253,0.61796875,0.6041666666666666,0.590625,0.5666666666666667,0.6453125,0.6416666666666667,Town06,wet,46,381,19.05,1080,1920,73
videos/head-on/Town06_head-on_wet_48_aug2.mp4,video_annotations/Town06_head-on_wet_48.json.gz,head-on,9.1,182,0.4364583333333333,0.3953703703703703,0.3916666666666666,0.362962962962963,0.48125,0.4277777777777777,Town06,wet,48,304,15.2,1080,1920,111
videos/head-on/Town06_head-on_wet_50_aug2.mp4,video_annotations/Town06_head-on_wet_50.json.gz,head-on,11.45,229,0.7799479166666666,0.4564814814814815,0.7479166666666667,0.4388888888888889,0.8119791666666667,0.4740740740740741,Town06,wet,50,272,13.6,1080,1920,191
videos/head-on/Town06_head-on_wet_52_aug2.mp4,video_annotations/Town06_head-on_wet_52.json.gz,head-on,13.25,265,0.4739583333333333,0.3569444444444444,0.4578125,0.3277777777777778,0.4901041666666667,0.3861111111111111,Town06,wet,52,330,16.5,1080,1920,55
videos/head-on/Town06_head-on_wet_54_aug2.mp4,video_annotations/Town06_head-on_wet_54.json.gz,head-on,11.05,221,0.48203125,0.4101851851851852,0.4557291666666667,0.3824074074074074,0.5083333333333333,0.4379629629629629,Town06,wet,54,308,15.4,1080,1920,116
videos/rear-end/Town04_rear-end_clear_01_aug2.mp4,video_annotations/Town04_rear-end_clear_01.json.gz,rear-end,4.5,90,0.5677083333333334,0.1893518518518518,0.5234375,0.1111111111111111,0.6119791666666666,0.2675925925925926,Town04,clear,1,445,22.25,1080,1920,64
videos/rear-end/Town04_rear-end_clear_03_aug2.mp4,video_annotations/Town04_rear-end_clear_03.json.gz,rear-end,4.75,95,0.6151041666666667,0.3087962962962963,0.58125,0.2009259259259259,0.6489583333333333,0.4166666666666667,Town04,clear,3,478,23.9,1080,1920,50
videos/rear-end/Town04_rear-end_clear_05_aug2.mp4,video_annotations/Town04_rear-end_clear_05.json.gz,rear-end,4.65,93,0.41015625,0.3893518518518518,0.3791666666666666,0.3379629629629629,0.4411458333333333,0.4407407407407407,Town04,clear,5,404,20.2,1080,1920,72
videos/rear-end/Town04_rear-end_clear_07_aug2.mp4,video_annotations/Town04_rear-end_clear_07.json.gz,rear-end,5.2,104,0.4890625,0.0611111111111111,0.4322916666666667,0.0,0.5458333333333333,0.1222222222222222,Town04,clear,7,365,18.25,1080,1920,51
videos/rear-end/Town04_rear-end_clear_09_aug2.mp4,video_annotations/Town04_rear-end_clear_09.json.gz,rear-end,5.45,109,0.3744791666666666,0.7018518518518518,0.3213541666666666,0.6324074074074074,0.4276041666666667,0.7712962962962963,Town04,clear,9,390,19.5,1080,1920,48
videos/rear-end/Town04_rear-end_clear_11_aug2.mp4,video_annotations/Town04_rear-end_clear_11.json.gz,rear-end,4.35,87,0.3703125,0.7157407407407408,0.3442708333333333,0.6018518518518519,0.3963541666666667,0.8296296296296296,Town04,clear,11,416,20.8,1080,1920,57
videos/rear-end/Town04_rear-end_clear_13_aug2.mp4,video_annotations/Town04_rear-end_clear_13.json.gz,rear-end,5.3,106,0.4786458333333333,0.6699074074074074,0.4171875,0.5731481481481482,0.5401041666666667,0.7666666666666667,Town04,clear,13,487,24.35,1080,1920,45
videos/rear-end/Town04_rear-end_clear_15_aug2.mp4,video_annotations/Town04_rear-end_clear_15.json.gz,rear-end,4.35,87,0.5966145833333333,0.2782407407407407,0.528125,0.2444444444444444,0.6651041666666667,0.312037037037037,Town04,clear,15,421,21.05,1080,1920,59
videos/rear-end/Town04_rear-end_clear_17_aug2.mp4,video_annotations/Town04_rear-end_clear_17.json.gz,rear-end,5.0,100,0.6927083333333334,0.538425925925926,0.6552083333333333,0.4731481481481481,0.7302083333333333,0.6037037037037037,Town04,clear,17,392,19.6,1080,1920,54
videos/rear-end/Town04_rear-end_clear_19_aug2.mp4,video_annotations/Town04_rear-end_clear_19.json.gz,rear-end,5.65,113,0.5809895833333333,0.3217592592592592,0.5619791666666667,0.2648148148148148,0.6,0.3787037037037037,Town04,clear,19,412,20.6,1080,1920,38
videos/rear-end/Town04_rear-end_clear_21_aug2.mp4,video_annotations/Town04_rear-end_clear_21.json.gz,rear-end,5.45,109,0.5088541666666667,0.4574074074074074,0.4578125,0.4092592592592592,0.5598958333333334,0.5055555555555555,Town04,clear,21,438,21.9,1080,1920,27
videos/rear-end/Town04_rear-end_clear_24_aug2.mp4,video_annotations/Town04_rear-end_clear_24.json.gz,rear-end,4.3,86,0.3294270833333333,0.5523148148148148,0.2578125,0.4638888888888889,0.4010416666666667,0.6407407407407407,Town04,clear,24,385,19.25,1080,1920,58
videos/rear-end/Town04_rear-end_clear_26_aug2.mp4,video_annotations/Town04_rear-end_clear_26.json.gz,rear-end,4.2,84,0.49375,0.5314814814814814,0.4677083333333333,0.4425925925925926,0.5197916666666667,0.6203703703703703,Town04,clear,26,308,15.4,1080,1920,63
videos/rear-end/Town04_rear-end_clear_28_aug2.mp4,video_annotations/Town04_rear-end_clear_28.json.gz,rear-end,3.6,72,0.51875,0.8986111111111111,0.4494791666666666,0.7981481481481482,0.5880208333333333,0.999074074074074,Town04,clear,28,217,10.85,1080,1920,84
videos/rear-end/Town04_rear-end_clear_30_aug2.mp4,video_annotations/Town04_rear-end_clear_30.json.gz,rear-end,3.55,71,0.6372395833333333,0.5648148148148148,0.5713541666666667,0.5268518518518519,0.703125,0.6027777777777777,Town04,clear,30,206,10.3,1080,1920,86
videos/rear-end/Town04_rear-end_clear_33_aug2.mp4,video_annotations/Town04_rear-end_clear_33.json.gz,rear-end,5.9,118,0.4963541666666666,0.2662037037037037,0.4770833333333333,0.2074074074074074,0.515625,0.325,Town04,clear,33,414,20.7,1080,1920,32
videos/rear-end/Town04_rear-end_clear_35_aug2.mp4,video_annotations/Town04_rear-end_clear_35.json.gz,rear-end,6.35,127,0.6083333333333333,0.5157407407407407,0.5765625,0.4740740740740741,0.6401041666666667,0.5574074074074075,Town04,clear,35,425,21.25,1080,1920,26
videos/rear-end/Town04_rear-end_clear_38_aug2.mp4,video_annotations/Town04_rear-end_clear_38.json.gz,rear-end,6.75,135,0.4583333333333333,0.412037037037037,0.409375,0.387037037037037,0.5072916666666667,0.437037037037037,Town04,clear,38,307,15.35,1080,1920,25
videos/rear-end/Town04_rear-end_clear_41_aug2.mp4,video_annotations/Town04_rear-end_clear_41.json.gz,rear-end,4.05,81,0.4966145833333333,0.3976851851851852,0.4630208333333333,0.3129629629629629,0.5302083333333333,0.4824074074074074,Town04,clear,41,329,16.45,1080,1920,84
videos/rear-end/Town04_rear-end_clear_45_aug2.mp4,video_annotations/Town04_rear-end_clear_45.json.gz,rear-end,4.45,89,0.4559895833333333,0.475,0.4390625,0.4416666666666666,0.4729166666666666,0.5083333333333333,Town04,clear,45,400,20.0,1080,1920,56
videos/rear-end/Town04_rear-end_clear_47_aug2.mp4,video_annotations/Town04_rear-end_clear_47.json.gz,rear-end,4.9,98,0.6127604166666667,0.4171296296296296,0.5744791666666667,0.3805555555555555,0.6510416666666666,0.4537037037037037,Town04,clear,47,341,17.05,1080,1920,54
videos/rear-end/Town04_rear-end_clear_49_aug2.mp4,video_annotations/Town04_rear-end_clear_49.json.gz,rear-end,5.35,107,0.2645833333333333,0.4782407407407407,0.2171875,0.4555555555555555,0.3119791666666666,0.5009259259259259,Town04,clear,49,398,19.9,1080,1920,53
videos/rear-end/Town04_rear-end_clear_51_aug2.mp4,video_annotations/Town04_rear-end_clear_51.json.gz,rear-end,3.1,62,0.1013020833333333,0.2662037037037037,0.0109375,0.2194444444444444,0.1916666666666666,0.3129629629629629,Town04,clear,51,366,18.3,1080,1920,101
videos/rear-end/Town04_rear-end_clear_53_aug2.mp4,video_annotations/Town04_rear-end_clear_53.json.gz,rear-end,4.6,92,0.5161458333333333,0.3976851851851852,0.4854166666666666,0.3546296296296296,0.546875,0.4407407407407407,Town04,clear,53,370,18.5,1080,1920,57
videos/rear-end/Town04_rear-end_night_00_aug2.mp4,video_annotations/Town04_rear-end_night_00.json.gz,rear-end,5.2,104,0.64296875,0.4361111111111111,0.5713541666666667,0.3935185185185185,0.7145833333333333,0.4787037037037037,Town04,night,0,559,27.95,1080,1920,56
videos/rear-end/Town04_rear-end_night_02_aug2.mp4,video_annotations/Town04_rear-end_night_02.json.gz,rear-end,4.0,80,0.5604166666666667,0.6273148148148148,0.5270833333333333,0.5361111111111111,0.59375,0.7185185185185186,Town04,night,2,534,26.7,1080,1920,70
videos/rear-end/Town04_rear-end_night_04_aug2.mp4,video_annotations/Town04_rear-end_night_04.json.gz,rear-end,5.4,108,0.5122395833333333,0.2300925925925926,0.4838541666666666,0.1333333333333333,0.540625,0.3268518518518518,Town04,night,4,487,24.35,1080,1920,35
videos/rear-end/Town04_rear-end_night_06_aug2.mp4,video_annotations/Town04_rear-end_night_06.json.gz,rear-end,5.65,113,0.5130208333333334,0.3,0.478125,0.2453703703703703,0.5479166666666667,0.3546296296296296,Town04,night,6,357,17.85,1080,1920,41
videos/rear-end/Town04_rear-end_night_09_aug2.mp4,video_annotations/Town04_rear-end_night_09.json.gz,rear-end,5.0,100,0.3861979166666666,0.6842592592592592,0.3380208333333333,0.6175925925925926,0.434375,0.7509259259259259,Town04,night,9,580,29.0,1080,1920,52
videos/rear-end/Town04_rear-end_night_11_aug2.mp4,video_annotations/Town04_rear-end_night_11.json.gz,rear-end,3.3,66,0.346875,0.8328703703703704,0.3192708333333333,0.6907407407407408,0.3744791666666666,0.975,Town04,night,11,531,26.55,1080,1920,87
videos/rear-end/Town04_rear-end_night_13_aug2.mp4,video_annotations/Town04_rear-end_night_13.json.gz,rear-end,3.35,67,0.4619791666666666,0.5861111111111111,0.4104166666666666,0.5046296296296297,0.5135416666666667,0.6675925925925926,Town04,night,13,479,23.95,1080,1920,80
videos/rear-end/Town04_rear-end_night_15_aug2.mp4,video_annotations/Town04_rear-end_night_15.json.gz,rear-end,3.3,66,0.57734375,0.3217592592592592,0.5140625,0.2833333333333333,0.640625,0.3601851851851851,Town04,night,15,453,22.65,1080,1920,76
videos/rear-end/Town04_rear-end_night_17_aug2.mp4,video_annotations/Town04_rear-end_night_17.json.gz,rear-end,3.6,72,0.6760416666666667,0.5740740740740741,0.6229166666666667,0.4907407407407407,0.7291666666666666,0.6574074074074074,Town04,night,17,534,26.7,1080,1920,70
videos/rear-end/Town04_rear-end_night_19_aug2.mp4,video_annotations/Town04_rear-end_night_19.json.gz,rear-end,4.75,95,0.5799479166666667,0.2976851851851851,0.5604166666666667,0.2342592592592592,0.5994791666666667,0.3611111111111111,Town04,night,19,476,23.8,1080,1920,60
videos/rear-end/Town04_rear-end_night_21_aug2.mp4,video_annotations/Town04_rear-end_night_21.json.gz,rear-end,4.95,99,0.45703125,0.4050925925925926,0.4036458333333333,0.3583333333333333,0.5104166666666666,0.4518518518518518,Town04,night,21,359,17.95,1080,1920,49
videos/rear-end/Town04_rear-end_night_23_aug2.mp4,video_annotations/Town04_rear-end_night_23.json.gz,rear-end,4.1,82,0.2442708333333333,0.6439814814814815,0.1708333333333333,0.575925925925926,0.3177083333333333,0.712037037037037,Town04,night,23,420,21.0,1080,1920,75
videos/rear-end/Town04_rear-end_night_25_aug2.mp4,video_annotations/Town04_rear-end_night_25.json.gz,rear-end,4.5,90,0.3174479166666666,0.5828703703703704,0.2651041666666666,0.4657407407407407,0.3697916666666667,0.7,Town04,night,25,481,24.05,1080,1920,61
videos/rear-end/Town04_rear-end_night_27_aug2.mp4,video_annotations/Town04_rear-end_night_27.json.gz,rear-end,5.7,114,0.51953125,0.6680555555555555,0.4927083333333333,0.5481481481481482,0.5463541666666667,0.787962962962963,Town04,night,27,595,29.75,1080,1920,39
videos/rear-end/Town04_rear-end_night_29_aug2.mp4,video_annotations/Town04_rear-end_night_29.json.gz,rear-end,3.75,75,0.55625,0.7916666666666666,0.4854166666666666,0.7092592592592593,0.6270833333333333,0.8740740740740741,Town04,night,29,397,19.85,1080,1920,72
videos/rear-end/Town04_rear-end_night_32_aug2.mp4,video_annotations/Town04_rear-end_night_32.json.gz,rear-end,4.2,84,0.6515625,0.6393518518518518,0.6125,0.5879629629629629,0.690625,0.6907407407407408,Town04,night,32,644,32.2,1080,1920,70
videos/rear-end/Town04_rear-end_night_34_aug2.mp4,video_annotations/Town04_rear-end_night_34.json.gz,rear-end,3.35,67,0.55703125,0.5810185185185185,0.5375,0.5342592592592592,0.5765625,0.6277777777777778,Town04,night,34,486,24.3,1080,1920,80
videos/rear-end/Town04_rear-end_night_36_aug2.mp4,video_annotations/Town04_rear-end_night_36.json.gz,rear-end,3.1,62,0.50703125,0.5888888888888889,0.4708333333333333,0.5527777777777778,0.5432291666666667,0.625,Town04,night,36,416,20.8,1080,1920,94
videos/rear-end/Town04_rear-end_night_38_aug2.mp4,video_annotations/Town04_rear-end_night_38.json.gz,rear-end,4.65,93,0.5567708333333333,0.4300925925925926,0.5057291666666667,0.4,0.6078125,0.4601851851851852,Town04,night,38,302,15.1,1080,1920,49
videos/rear-end/Town04_rear-end_night_40_aug2.mp4,video_annotations/Town04_rear-end_night_40.json.gz,rear-end,6.45,129,0.4736979166666666,0.6037037037037037,0.4302083333333333,0.5518518518518518,0.5171875,0.6555555555555556,Town04,night,40,532,26.6,1080,1920,26
videos/rear-end/Town04_rear-end_night_42_aug2.mp4,video_annotations/Town04_rear-end_night_42.json.gz,rear-end,5.75,115,0.425,0.6652777777777777,0.3786458333333333,0.5592592592592592,0.4713541666666667,0.7712962962962963,Town04,night,42,464,23.2,1080,1920,42
videos/rear-end/Town04_rear-end_night_45_aug2.mp4,video_annotations/Town04_rear-end_night_45.json.gz,rear-end,5.45,109,0.4859375,0.4847222222222222,0.4692708333333333,0.4518518518518518,0.5026041666666666,0.5175925925925926,Town04,night,45,557,27.85,1080,1920,41
videos/rear-end/Town04_rear-end_night_47_aug2.mp4,video_annotations/Town04_rear-end_night_47.json.gz,rear-end,5.75,115,0.5776041666666667,0.4055555555555555,0.5390625,0.375,0.6161458333333333,0.4361111111111111,Town04,night,47,488,24.4,1080,1920,39
videos/rear-end/Town04_rear-end_night_49_aug2.mp4,video_annotations/Town04_rear-end_night_49.json.gz,rear-end,5.4,108,0.2638020833333333,0.4606481481481481,0.2098958333333333,0.4379629629629629,0.3177083333333333,0.4833333333333333,Town04,night,49,507,25.35,1080,1920,47
videos/rear-end/Town04_rear-end_night_51_aug2.mp4,video_annotations/Town04_rear-end_night_51.json.gz,rear-end,3.55,71,0.2776041666666666,0.211574074074074,0.2104166666666666,0.174074074074074,0.3447916666666666,0.2490740740740741,Town04,night,51,301,15.05,1080,1920,71
videos/rear-end/Town04_rear-end_night_53_aug2.mp4,video_annotations/Town04_rear-end_night_53.json.gz,rear-end,4.7,94,0.5359375,0.3185185185185185,0.5078125,0.2759259259259259,0.5640625,0.3611111111111111,Town04,night,53,316,15.8,1080,1920,47
videos/rear-end/Town04_rear-end_rain_02_aug2.mp4,video_annotations/Town04_rear-end_rain_02.json.gz,rear-end,4.15,83,0.5682291666666667,0.6837962962962963,0.5322916666666667,0.5907407407407408,0.6041666666666666,0.7768518518518519,Town04,rain,2,444,22.2,1080,1920,65
videos/rear-end/Town04_rear-end_rain_05_aug2.mp4,video_annotations/Town04_rear-end_rain_05.json.gz,rear-end,5.75,115,0.4541666666666666,0.4416666666666666,0.4036458333333333,0.3601851851851851,0.5046875,0.5231481481481481,Town04,rain,5,403,20.15,1080,1920,29
videos/rear-end/Town04_rear-end_rain_08_aug2.mp4,video_annotations/Town04_rear-end_rain_08.json.gz,rear-end,5.15,103,0.475,0.1476851851851852,0.4109375,0.1083333333333333,0.5390625,0.187037037037037,Town04,rain,8,409,20.45,1080,1920,45
videos/rear-end/Town04_rear-end_rain_10_aug2.mp4,video_annotations/Town04_rear-end_rain_10.json.gz,rear-end,5.3,106,0.4338541666666666,0.4189814814814814,0.3901041666666666,0.3277777777777778,0.4776041666666666,0.5101851851851852,Town04,rain,10,366,18.3,1080,1920,44
videos/rear-end/Town04_rear-end_rain_12_aug2.mp4,video_annotations/Town04_rear-end_rain_12.json.gz,rear-end,6.05,121,0.4830729166666667,0.7421296296296296,0.4552083333333333,0.6185185185185185,0.5109375,0.8657407407407407,Town04,rain,12,470,23.5,1080,1920,33
videos/rear-end/Town04_rear-end_rain_14_aug2.mp4,video_annotations/Town04_rear-end_rain_14.json.gz,rear-end,5.35,107,0.534375,0.4652777777777778,0.4651041666666666,0.3935185185185185,0.6036458333333333,0.5370370370370371,Town04,rain,14,371,18.55,1080,1920,34
videos/rear-end/Town04_rear-end_rain_17_aug2.mp4,video_annotations/Town04_rear-end_rain_17.json.gz,rear-end,4.8,96,0.6893229166666667,0.5282407407407408,0.640625,0.4509259259259259,0.7380208333333333,0.6055555555555555,Town04,rain,17,361,18.05,1080,1920,58
videos/rear-end/Town04_rear-end_rain_19_aug2.mp4,video_annotations/Town04_rear-end_rain_19.json.gz,rear-end,5.35,107,0.6153645833333333,0.4263888888888889,0.5864583333333333,0.3388888888888889,0.6442708333333333,0.5138888888888888,Town04,rain,19,508,25.4,1080,1920,29
videos/rear-end/Town04_rear-end_rain_21_aug2.mp4,video_annotations/Town04_rear-end_rain_21.json.gz,rear-end,5.95,119,0.42578125,0.4722222222222222,0.3765625,0.4277777777777777,0.475,0.5166666666666667,Town04,rain,21,441,22.05,1080,1920,28
videos/rear-end/Town04_rear-end_rain_23_aug2.mp4,video_annotations/Town04_rear-end_rain_23.json.gz,rear-end,5.25,105,0.3463541666666667,0.5976851851851852,0.2833333333333333,0.5370370370370371,0.409375,0.6583333333333333,Town04,rain,23,410,20.5,1080,1920,41
videos/rear-end/Town04_rear-end_rain_25_aug2.mp4,video_annotations/Town04_rear-end_rain_25.json.gz,rear-end,6.25,125,0.2885416666666666,0.6046296296296296,0.23125,0.4777777777777778,0.3458333333333333,0.7314814814814815,Town04,rain,25,432,21.6,1080,1920,31
videos/rear-end/Town04_rear-end_rain_27_aug2.mp4,video_annotations/Town04_rear-end_rain_27.json.gz,rear-end,5.1,102,0.4830729166666667,0.5166666666666667,0.4598958333333333,0.4398148148148148,0.50625,0.5935185185185186,Town04,rain,27,440,22.0,1080,1920,43
videos/rear-end/Town04_rear-end_rain_29_aug2.mp4,video_annotations/Town04_rear-end_rain_29.json.gz,rear-end,5.25,105,0.5307291666666667,0.7671296296296296,0.45625,0.6842592592592592,0.6052083333333333,0.85,Town04,rain,29,384,19.2,1080,1920,41
videos/rear-end/Town04_rear-end_rain_34_aug2.mp4,video_annotations/Town04_rear-end_rain_34.json.gz,rear-end,3.85,77,0.57890625,0.5777777777777777,0.5598958333333334,0.5305555555555556,0.5979166666666667,0.625,Town04,rain,34,320,16.0,1080,1920,78
videos/rear-end/Town04_rear-end_rain_36_aug2.mp4,video_annotations/Town04_rear-end_rain_36.json.gz,rear-end,4.9,98,0.5,0.5578703703703703,0.4640625,0.524074074074074,0.5359375,0.5916666666666667,Town04,rain,36,427,21.35,1080,1920,59
videos/rear-end/Town04_rear-end_rain_38_aug2.mp4,video_annotations/Town04_rear-end_rain_38.json.gz,rear-end,5.55,111,0.4716145833333333,0.3875,0.4255208333333333,0.362962962962963,0.5177083333333333,0.412037037037037,Town04,rain,38,358,17.9,1080,1920,53
videos/rear-end/Town04_rear-end_rain_40_aug2.mp4,video_annotations/Town04_rear-end_rain_40.json.gz,rear-end,6.6,132,0.4721354166666666,0.6296296296296297,0.4255208333333333,0.575925925925926,0.51875,0.6833333333333333,Town04,rain,40,383,19.15,1080,1920,21
videos/rear-end/Town04_rear-end_rain_42_aug2.mp4,video_annotations/Town04_rear-end_rain_42.json.gz,rear-end,4.35,87,0.42265625,0.6421296296296296,0.3822916666666666,0.5388888888888889,0.4630208333333333,0.7453703703703703,Town04,rain,42,381,19.05,1080,1920,58
videos/rear-end/Town04_rear-end_rain_45_aug2.mp4,video_annotations/Town04_rear-end_rain_45.json.gz,rear-end,3.7,74,0.46015625,0.4634259259259259,0.4416666666666666,0.4296296296296296,0.4786458333333333,0.4972222222222222,Town04,rain,45,313,15.65,1080,1920,74
videos/rear-end/Town04_rear-end_rain_48_aug2.mp4,video_annotations/Town04_rear-end_rain_48.json.gz,rear-end,5.35,107,0.4127604166666667,0.5648148148148148,0.375,0.5425925925925926,0.4505208333333333,0.587037037037037,Town04,rain,48,388,19.4,1080,1920,48
videos/rear-end/Town04_rear-end_rain_50_aug2.mp4,video_annotations/Town04_rear-end_rain_50.json.gz,rear-end,2.0,40,0.52890625,0.324537037037037,0.4682291666666666,0.2935185185185185,0.5895833333333333,0.3555555555555555,Town04,rain,50,191,9.55,1080,1920,107
videos/rear-end/Town04_rear-end_rain_52_aug2.mp4,video_annotations/Town04_rear-end_rain_52.json.gz,rear-end,5.9,118,0.2541666666666666,0.4041666666666667,0.1901041666666666,0.3638888888888889,0.3182291666666667,0.4444444444444444,Town04,rain,52,359,17.95,1080,1920,39
videos/rear-end/Town04_rear-end_rain_54_aug2.mp4,video_annotations/Town04_rear-end_rain_54.json.gz,rear-end,3.45,69,0.5263020833333333,0.4513888888888889,0.4911458333333333,0.3907407407407407,0.5614583333333333,0.5120370370370371,Town04,rain,54,364,18.2,1080,1920,82
videos/rear-end/Town04_rear-end_sunset_01_aug2.mp4,video_annotations/Town04_rear-end_sunset_01.json.gz,rear-end,4.8,96,0.5286458333333334,0.2208333333333333,0.478125,0.1324074074074074,0.5791666666666667,0.3092592592592592,Town04,sunset,1,421,21.05,1080,1920,52
videos/rear-end/Town04_rear-end_sunset_03_aug2.mp4,video_annotations/Town04_rear-end_sunset_03.json.gz,rear-end,5.15,103,0.6125,0.3050925925925926,0.578125,0.1935185185185185,0.646875,0.4166666666666667,Town04,sunset,3,312,15.6,1080,1920,41
videos/rear-end/Town04_rear-end_sunset_05_aug2.mp4,video_annotations/Town04_rear-end_sunset_05.json.gz,rear-end,6.05,121,0.4609375,0.4833333333333333,0.4203125,0.412962962962963,0.5015625,0.5537037037037037,Town04,sunset,5,447,22.35,1080,1920,21
videos/rear-end/Town04_rear-end_sunset_07_aug2.mp4,video_annotations/Town04_rear-end_sunset_07.json.gz,rear-end,3.05,61,0.5364583333333334,0.0708333333333333,0.4770833333333333,0.0009259259259259,0.5958333333333333,0.1407407407407407,Town04,sunset,7,287,14.35,1080,1920,85
videos/rear-end/Town04_rear-end_sunset_09_aug2.mp4,video_annotations/Town04_rear-end_sunset_09.json.gz,rear-end,2.95,59,0.4815104166666666,0.5648148148148148,0.4354166666666667,0.5027777777777778,0.5276041666666667,0.6268518518518519,Town04,sunset,9,344,17.2,1080,1920,77
videos/rear-end/Town04_rear-end_sunset_12_aug2.mp4,video_annotations/Town04_rear-end_sunset_12.json.gz,rear-end,3.75,75,0.4653645833333333,0.6555555555555556,0.440625,0.537962962962963,0.4901041666666667,0.7731481481481481,Town04,sunset,12,395,19.75,1080,1920,80
videos/rear-end/Town04_rear-end_sunset_14_aug2.mp4,video_annotations/Town04_rear-end_sunset_14.json.gz,rear-end,3.85,77,0.6013020833333333,0.5263888888888889,0.5286458333333334,0.4416666666666666,0.6739583333333333,0.6111111111111112,Town04,sunset,14,286,14.3,1080,1920,75
videos/rear-end/Town04_rear-end_sunset_16_aug2.mp4,video_annotations/Town04_rear-end_sunset_16.json.gz,rear-end,5.25,105,0.7015625,0.3625,0.6265625,0.3194444444444444,0.7765625,0.4055555555555555,Town04,sunset,16,460,23.0,1080,1920,40
videos/rear-end/Town04_rear-end_sunset_18_aug2.mp4,video_annotations/Town04_rear-end_sunset_18.json.gz,rear-end,5.65,113,0.6208333333333333,0.2675925925925926,0.6015625,0.2027777777777777,0.6401041666666667,0.3324074074074074,Town04,sunset,18,453,22.65,1080,1920,38
videos/rear-end/Town04_rear-end_sunset_20_aug2.mp4,video_annotations/Town04_rear-end_sunset_20.json.gz,rear-end,5.85,117,0.4580729166666666,0.3356481481481481,0.428125,0.2851851851851852,0.4880208333333333,0.3861111111111111,Town04,sunset,20,323,16.15,1080,1920,39
videos/rear-end/Town04_rear-end_sunset_22_aug2.mp4,video_annotations/Town04_rear-end_sunset_22.json.gz,rear-end,4.95,99,0.378125,0.2157407407407407,0.3166666666666666,0.1805555555555555,0.4395833333333333,0.2509259259259259,Town04,sunset,22,395,19.75,1080,1920,53
videos/rear-end/Town04_rear-end_sunset_24_aug2.mp4,video_annotations/Town04_rear-end_sunset_24.json.gz,rear-end,5.45,109,0.26640625,0.5425925925925926,0.2,0.4638888888888889,0.3328125,0.6212962962962963,Town04,sunset,24,398,19.9,1080,1920,48
videos/rear-end/Town04_rear-end_sunset_26_aug2.mp4,video_annotations/Town04_rear-end_sunset_26.json.gz,rear-end,5.3,106,0.4778645833333333,0.4819444444444444,0.4526041666666666,0.3925925925925926,0.503125,0.5712962962962963,Town04,sunset,26,371,18.55,1080,1920,39
videos/rear-end/Town04_rear-end_sunset_28_aug2.mp4,video_annotations/Town04_rear-end_sunset_28.json.gz,rear-end,4.55,91,0.4528645833333333,0.7814814814814814,0.3833333333333333,0.674074074074074,0.5223958333333333,0.8888888888888888,Town04,sunset,28,341,17.05,1080,1920,56
videos/rear-end/Town04_rear-end_sunset_31_aug2.mp4,video_annotations/Town04_rear-end_sunset_31.json.gz,rear-end,5.65,113,0.4432291666666667,0.7263888888888889,0.3645833333333333,0.6527777777777778,0.521875,0.8,Town04,sunset,31,520,26.0,1080,1920,25
videos/rear-end/Town04_rear-end_sunset_33_aug2.mp4,video_annotations/Town04_rear-end_sunset_33.json.gz,rear-end,3.25,65,0.5026041666666666,0.2537037037037037,0.4864583333333333,0.2018518518518518,0.51875,0.3055555555555556,Town04,sunset,33,335,16.75,1080,1920,88
videos/rear-end/Town04_rear-end_sunset_35_aug2.mp4,video_annotations/Town04_rear-end_sunset_35.json.gz,rear-end,5.15,103,0.6046875,0.5550925925925926,0.5744791666666667,0.5120370370370371,0.6348958333333333,0.5981481481481481,Town04,sunset,35,460,23.0,1080,1920,50
videos/rear-end/Town04_rear-end_sunset_37_aug2.mp4,video_annotations/Town04_rear-end_sunset_37.json.gz,rear-end,5.45,109,0.4020833333333333,0.1736111111111111,0.340625,0.1435185185185185,0.4635416666666667,0.2037037037037037,Town04,sunset,37,222,11.1,1080,1920,39
videos/rear-end/Town04_rear-end_sunset_39_aug2.mp4,video_annotations/Town04_rear-end_sunset_39.json.gz,rear-end,2.9,58,0.4640625,0.6842592592592592,0.4119791666666667,0.6407407407407407,0.5161458333333333,0.7277777777777777,Town04,sunset,39,279,13.95,1080,1920,93
videos/rear-end/Town04_rear-end_sunset_42_aug2.mp4,video_annotations/Town04_rear-end_sunset_42.json.gz,rear-end,5.85,117,0.4130208333333333,0.6328703703703704,0.3708333333333333,0.5370370370370371,0.4552083333333333,0.7287037037037037,Town04,sunset,42,334,16.7,1080,1920,38
videos/rear-end/Town04_rear-end_sunset_45_aug2.mp4,video_annotations/Town04_rear-end_sunset_45.json.gz,rear-end,5.2,104,0.4510416666666667,0.4087962962962962,0.4338541666666666,0.3768518518518518,0.4682291666666666,0.4407407407407407,Town04,sunset,45,374,18.7,1080,1920,46
videos/rear-end/Town04_rear-end_sunset_47_aug2.mp4,video_annotations/Town04_rear-end_sunset_47.json.gz,rear-end,4.85,97,0.55546875,0.4379629629629629,0.525,0.4138888888888888,0.5859375,0.462037037037037,Town04,sunset,47,343,17.15,1080,1920,60
videos/rear-end/Town04_rear-end_sunset_49_aug2.mp4,video_annotations/Town04_rear-end_sunset_49.json.gz,rear-end,1.9,38,0.3809895833333333,0.4069444444444444,0.3286458333333333,0.3833333333333333,0.4333333333333333,0.4305555555555556,Town04,sunset,49,284,14.2,1080,1920,97
videos/rear-end/Town04_rear-end_sunset_51_aug2.mp4,video_annotations/Town04_rear-end_sunset_51.json.gz,rear-end,5.1,102,0.2190104166666666,0.2125,0.1505208333333333,0.1731481481481481,0.2875,0.2518518518518518,Town04,sunset,51,282,14.1,1080,1920,49
videos/rear-end/Town04_rear-end_sunset_54_aug2.mp4,video_annotations/Town04_rear-end_sunset_54.json.gz,rear-end,5.1,102,0.4796875,0.399537037037037,0.4546875,0.3611111111111111,0.5046875,0.4379629629629629,Town04,sunset,54,290,14.5,1080,1920,31
videos/rear-end/Town04_rear-end_wet_01_aug2.mp4,video_annotations/Town04_rear-end_wet_01.json.gz,rear-end,4.45,89,0.55625,0.224537037037037,0.5135416666666667,0.1444444444444444,0.5989583333333334,0.3046296296296296,Town04,wet,1,272,13.6,1080,1920,64
videos/rear-end/Town04_rear-end_wet_05_aug2.mp4,video_annotations/Town04_rear-end_wet_05.json.gz,rear-end,5.5,110,0.4619791666666666,0.4944444444444444,0.425,0.4296296296296296,0.4989583333333333,0.5592592592592592,Town04,wet,5,390,19.5,1080,1920,34
videos/rear-end/Town04_rear-end_wet_07_aug2.mp4,video_annotations/Town04_rear-end_wet_07.json.gz,rear-end,4.7,94,0.425,0.0662037037037037,0.3703125,0.0064814814814814,0.4796875,0.1259259259259259,Town04,wet,7,332,16.6,1080,1920,67
videos/rear-end/Town04_rear-end_wet_09_aug2.mp4,video_annotations/Town04_rear-end_wet_09.json.gz,rear-end,5.7,114,0.384375,0.6601851851851852,0.3317708333333333,0.5935185185185186,0.4369791666666666,0.7268518518518519,Town04,wet,9,234,11.7,1080,1920,43
videos/rear-end/Town04_rear-end_wet_11_aug2.mp4,video_annotations/Town04_rear-end_wet_11.json.gz,rear-end,5.45,109,0.37734375,0.749537037037037,0.35625,0.6203703703703703,0.3984375,0.8787037037037037,Town04,wet,11,378,18.9,1080,1920,36
videos/rear-end/Town04_rear-end_wet_13_aug2.mp4,video_annotations/Town04_rear-end_wet_13.json.gz,rear-end,5.35,107,0.4197916666666667,0.5824074074074074,0.353125,0.475,0.4864583333333333,0.6898148148148148,Town04,wet,13,409,20.45,1080,1920,34
videos/rear-end/Town04_rear-end_wet_16_aug2.mp4,video_annotations/Town04_rear-end_wet_16.json.gz,rear-end,5.1,102,0.6505208333333333,0.3208333333333333,0.5708333333333333,0.2648148148148148,0.7302083333333333,0.3768518518518518,Town04,wet,16,351,17.55,1080,1920,36
videos/rear-end/Town04_rear-end_wet_18_aug2.mp4,video_annotations/Town04_rear-end_wet_18.json.gz,rear-end,4.95,99,0.6119791666666666,0.2509259259259259,0.5895833333333333,0.1722222222222222,0.634375,0.3296296296296296,Town04,wet,18,305,15.25,1080,1920,47
videos/rear-end/Town04_rear-end_wet_20_aug2.mp4,video_annotations/Town04_rear-end_wet_20.json.gz,rear-end,4.85,97,0.4921875,0.3481481481481481,0.4557291666666667,0.287962962962963,0.5286458333333334,0.4083333333333333,Town04,wet,20,389,19.45,1080,1920,50
videos/rear-end/Town04_rear-end_wet_22_aug2.mp4,video_annotations/Town04_rear-end_wet_22.json.gz,rear-end,4.7,94,0.3572916666666667,0.2171296296296296,0.296875,0.1851851851851851,0.4177083333333333,0.2490740740740741,Town04,wet,22,271,13.55,1080,1920,61
videos/rear-end/Town04_rear-end_wet_24_aug2.mp4,video_annotations/Town04_rear-end_wet_24.json.gz,rear-end,5.65,113,0.2848958333333333,0.5546296296296296,0.2260416666666666,0.4861111111111111,0.34375,0.6231481481481481,Town04,wet,24,382,19.1,1080,1920,43
videos/rear-end/Town04_rear-end_wet_27_aug2.mp4,video_annotations/Town04_rear-end_wet_27.json.gz,rear-end,4.6,92,0.4955729166666666,0.5939814814814814,0.471875,0.5018518518518519,0.5192708333333333,0.6861111111111111,Town04,wet,27,391,19.55,1080,1920,52
videos/rear-end/Town04_rear-end_wet_29_aug2.mp4,video_annotations/Town04_rear-end_wet_29.json.gz,rear-end,4.45,89,0.4606770833333333,0.7930555555555555,0.4015625,0.7296296296296296,0.5197916666666667,0.8564814814814815,Town04,wet,29,400,20.0,1080,1920,47
videos/rear-end/Town04_rear-end_wet_32_aug2.mp4,video_annotations/Town04_rear-end_wet_32.json.gz,rear-end,6.55,131,0.6768229166666667,0.6462962962962963,0.6463541666666667,0.6037037037037037,0.7072916666666667,0.6888888888888889,Town04,wet,32,355,17.75,1080,1920,30
videos/rear-end/Town04_rear-end_wet_34_aug2.mp4,video_annotations/Town04_rear-end_wet_34.json.gz,rear-end,5.7,114,0.5627604166666667,0.5398148148148149,0.5447916666666667,0.4944444444444444,0.5807291666666666,0.5851851851851851,Town04,wet,34,315,15.75,1080,1920,37
videos/rear-end/Town04_rear-end_wet_36_aug2.mp4,video_annotations/Town04_rear-end_wet_36.json.gz,rear-end,5.15,103,0.5104166666666666,0.5523148148148148,0.4760416666666666,0.5185185185185185,0.5447916666666667,0.5861111111111111,Town04,wet,36,336,16.8,1080,1920,59
videos/rear-end/Town04_rear-end_wet_38_aug2.mp4,video_annotations/Town04_rear-end_wet_38.json.gz,rear-end,5.9,118,0.4513020833333333,0.4046296296296296,0.4072916666666666,0.3796296296296296,0.4953125,0.4296296296296296,Town04,wet,38,282,14.1,1080,1920,45
videos/rear-end/Town04_rear-end_wet_40_aug2.mp4,video_annotations/Town04_rear-end_wet_40.json.gz,rear-end,5.65,113,0.4979166666666667,0.6342592592592593,0.4526041666666666,0.575925925925926,0.5432291666666667,0.6925925925925925,Town04,wet,40,331,16.55,1080,1920,32
videos/rear-end/Town04_rear-end_wet_42_aug2.mp4,video_annotations/Town04_rear-end_wet_42.json.gz,rear-end,6.15,123,0.4625,0.7282407407407407,0.409375,0.6092592592592593,0.515625,0.8472222222222222,Town04,wet,42,396,19.8,1080,1920,37
videos/rear-end/Town04_rear-end_wet_45_aug2.mp4,video_annotations/Town04_rear-end_wet_45.json.gz,rear-end,2.35,47,0.4908854166666667,0.4342592592592592,0.475,0.4037037037037037,0.5067708333333333,0.4648148148148148,Town04,wet,45,245,12.25,1080,1920,107
videos/rear-end/Town04_rear-end_wet_47_aug2.mp4,video_annotations/Town04_rear-end_wet_47.json.gz,rear-end,5.25,105,0.5809895833333333,0.4078703703703704,0.5520833333333334,0.3842592592592592,0.6098958333333333,0.4314814814814814,Town04,wet,47,373,18.65,1080,1920,56
videos/rear-end/Town04_rear-end_wet_49_aug2.mp4,video_annotations/Town04_rear-end_wet_49.json.gz,rear-end,3.4,68,0.3895833333333333,0.4425925925925926,0.3364583333333333,0.4157407407407407,0.4427083333333333,0.4694444444444444,Town04,wet,49,396,19.8,1080,1920,65
videos/rear-end/Town04_rear-end_wet_51_aug2.mp4,video_annotations/Town04_rear-end_wet_51.json.gz,rear-end,2.65,53,0.2627604166666666,0.2347222222222222,0.190625,0.1944444444444444,0.3348958333333333,0.275,Town04,wet,51,326,16.3,1080,1920,94
videos/rear-end/Town04_rear-end_wet_53_aug2.mp4,video_annotations/Town04_rear-end_wet_53.json.gz,rear-end,5.9,118,0.4786458333333333,0.3842592592592592,0.446875,0.3388888888888889,0.5104166666666666,0.4296296296296296,Town04,wet,53,345,17.25,1080,1920,42
videos/rear-end/Town05_rear-end_clear_100_aug2.mp4,video_annotations/Town05_rear-end_clear_100.json.gz,rear-end,11.4,228,0.4736979166666666,0.1898148148148148,0.4645833333333333,0.1435185185185185,0.4828125,0.2361111111111111,Town05,clear,100,395,19.75,1080,1920,72
videos/rear-end/Town05_rear-end_clear_116_aug2.mp4,video_annotations/Town05_rear-end_clear_116.json.gz,rear-end,6.0,120,0.45390625,0.2050925925925926,0.3984375,0.099074074074074,0.509375,0.3111111111111111,Town05,clear,116,278,13.9,1080,1920,102
videos/rear-end/Town05_rear-end_clear_140_aug2.mp4,video_annotations/Town05_rear-end_clear_140.json.gz,rear-end,9.35,187,0.3880208333333333,0.3078703703703703,0.3755208333333333,0.2814814814814815,0.4005208333333333,0.3342592592592592,Town05,clear,140,411,20.55,1080,1920,46
videos/rear-end/Town05_rear-end_clear_143_aug2.mp4,video_annotations/Town05_rear-end_clear_143.json.gz,rear-end,9.35,187,0.2802083333333333,0.4949074074074074,0.2276041666666666,0.4685185185185185,0.3328125,0.5212962962962963,Town05,clear,143,389,19.45,1080,1920,38
videos/rear-end/Town05_rear-end_clear_201_aug2.mp4,video_annotations/Town05_rear-end_clear_201.json.gz,rear-end,11.7,234,0.6041666666666666,0.5324074074074074,0.5677083333333334,0.3962962962962963,0.640625,0.6685185185185185,Town05,clear,201,356,17.8,1080,1920,99
videos/rear-end/Town05_rear-end_clear_203_aug2.mp4,video_annotations/Town05_rear-end_clear_203.json.gz,rear-end,11.6,232,0.5026041666666666,0.4148148148148148,0.4510416666666667,0.3574074074074074,0.5541666666666667,0.4722222222222222,Town05,clear,203,370,18.5,1080,1920,81
videos/rear-end/Town05_rear-end_clear_205_aug2.mp4,video_annotations/Town05_rear-end_clear_205.json.gz,rear-end,7.3,146,0.4223958333333333,0.4888888888888889,0.3609375,0.3981481481481481,0.4838541666666666,0.5796296296296296,Town05,clear,205,270,13.5,1080,1920,158
videos/rear-end/Town05_rear-end_clear_207_aug2.mp4,video_annotations/Town05_rear-end_clear_207.json.gz,rear-end,8.05,161,0.4096354166666666,0.5888888888888889,0.3875,0.4824074074074074,0.4317708333333333,0.6953703703703704,Town05,clear,207,274,13.7,1080,1920,134
videos/rear-end/Town05_rear-end_clear_209_aug2.mp4,video_annotations/Town05_rear-end_clear_209.json.gz,rear-end,10.85,217,0.509375,0.5435185185185185,0.4697916666666666,0.4416666666666666,0.5489583333333333,0.6453703703703704,Town05,clear,209,278,13.9,1080,1920,107
videos/rear-end/Town05_rear-end_clear_212_aug2.mp4,video_annotations/Town05_rear-end_clear_212.json.gz,rear-end,12.55,251,0.5013020833333334,0.2888888888888888,0.484375,0.2148148148148148,0.5182291666666666,0.362962962962963,Town05,clear,212,350,17.5,1080,1920,70
videos/rear-end/Town05_rear-end_clear_214_aug2.mp4,video_annotations/Town05_rear-end_clear_214.json.gz,rear-end,14.25,285,0.5692708333333333,0.4402777777777777,0.5203125,0.3648148148148148,0.6182291666666667,0.5157407407407407,Town05,clear,214,423,21.15,1080,1920,28
videos/rear-end/Town05_rear-end_clear_216_aug2.mp4,video_annotations/Town05_rear-end_clear_216.json.gz,rear-end,12.15,243,0.47109375,0.7125,0.4104166666666666,0.6814814814814815,0.5317708333333333,0.7435185185185185,Town05,clear,216,435,21.75,1080,1920,50
videos/rear-end/Town05_rear-end_clear_218_aug2.mp4,video_annotations/Town05_rear-end_clear_218.json.gz,rear-end,10.5,210,0.5403645833333334,0.5680555555555555,0.4859375,0.4851851851851851,0.5947916666666667,0.6509259259259259,Town05,clear,218,288,14.4,1080,1920,121
videos/rear-end/Town05_rear-end_clear_220_aug2.mp4,video_annotations/Town05_rear-end_clear_220.json.gz,rear-end,12.6,252,0.4755208333333333,0.5851851851851851,0.4536458333333333,0.4805555555555555,0.4973958333333333,0.6898148148148148,Town05,clear,220,345,17.25,1080,1920,48
videos/rear-end/Town05_rear-end_clear_223_aug2.mp4,video_annotations/Town05_rear-end_clear_223.json.gz,rear-end,7.5,150,0.65546875,0.7717592592592593,0.6390625,0.6824074074074075,0.671875,0.8611111111111112,Town05,clear,223,241,12.05,1080,1920,154
videos/rear-end/Town05_rear-end_clear_225_aug2.mp4,video_annotations/Town05_rear-end_clear_225.json.gz,rear-end,9.35,187,0.5390625,0.3555555555555555,0.4885416666666666,0.3027777777777777,0.5895833333333333,0.4083333333333333,Town05,clear,225,301,15.05,1080,1920,129
videos/rear-end/Town05_rear-end_clear_227_aug2.mp4,video_annotations/Town05_rear-end_clear_227.json.gz,rear-end,12.45,249,0.51015625,0.3236111111111111,0.459375,0.2925925925925925,0.5609375,0.3546296296296296,Town05,clear,227,343,17.15,1080,1920,60
videos/rear-end/Town05_rear-end_clear_229_aug2.mp4,video_annotations/Town05_rear-end_clear_229.json.gz,rear-end,5.95,119,0.4416666666666666,0.3898148148148148,0.3994791666666666,0.3268518518518518,0.4838541666666666,0.4527777777777778,Town05,clear,229,217,10.85,1080,1920,173
videos/rear-end/Town05_rear-end_clear_231_aug2.mp4,video_annotations/Town05_rear-end_clear_231.json.gz,rear-end,12.6,252,0.5299479166666666,0.5916666666666667,0.5036458333333333,0.4546296296296296,0.55625,0.7287037037037037,Town05,clear,231,302,15.1,1080,1920,105
videos/rear-end/Town05_rear-end_clear_233_aug2.mp4,video_annotations/Town05_rear-end_clear_233.json.gz,rear-end,15.85,317,0.6361979166666667,0.5902777777777778,0.6255208333333333,0.562037037037037,0.646875,0.6185185185185185,Town05,clear,233,360,18.0,1080,1920,52
videos/rear-end/Town05_rear-end_clear_237_aug2.mp4,video_annotations/Town05_rear-end_clear_237.json.gz,rear-end,11.2,224,0.5447916666666667,0.5805555555555556,0.4916666666666666,0.5518518518518518,0.5979166666666667,0.6092592592592593,Town05,clear,237,351,17.55,1080,1920,100
videos/rear-end/Town05_rear-end_clear_239_aug2.mp4,video_annotations/Town05_rear-end_clear_239.json.gz,rear-end,7.3,146,0.50703125,0.4314814814814814,0.4864583333333333,0.374074074074074,0.5276041666666667,0.4888888888888889,Town05,clear,239,222,11.1,1080,1920,175
videos/rear-end/Town05_rear-end_night_100_aug2.mp4,video_annotations/Town05_rear-end_night_100.json.gz,rear-end,9.2,184,0.471875,0.4351851851851852,0.4625,0.3638888888888889,0.48125,0.5064814814814815,Town05,night,100,191,9.55,1080,1920,52
videos/rear-end/Town05_rear-end_night_108_aug2.mp4,video_annotations/Town05_rear-end_night_108.json.gz,rear-end,10.25,205,0.5614583333333333,0.7342592592592593,0.5322916666666667,0.5925925925925926,0.590625,0.8759259259259259,Town05,night,108,591,29.55,1080,1920,36
videos/rear-end/Town05_rear-end_night_112_aug2.mp4,video_annotations/Town05_rear-end_night_112.json.gz,rear-end,9.65,193,0.665625,0.1819444444444444,0.6125,0.1027777777777777,0.71875,0.2611111111111111,Town05,night,112,565,28.25,1080,1920,42
videos/rear-end/Town05_rear-end_night_115_aug2.mp4,video_annotations/Town05_rear-end_night_115.json.gz,rear-end,10.2,204,0.2721354166666667,0.3509259259259259,0.2473958333333333,0.3101851851851852,0.296875,0.3916666666666666,Town05,night,115,511,25.55,1080,1920,67
videos/rear-end/Town05_rear-end_night_117_aug2.mp4,video_annotations/Town05_rear-end_night_117.json.gz,rear-end,7.6,152,0.1044270833333333,0.2828703703703704,0.0203125,0.2351851851851852,0.1885416666666666,0.3305555555555555,Town05,night,117,535,26.75,1080,1920,95
videos/rear-end/Town05_rear-end_night_122_aug2.mp4,video_annotations/Town05_rear-end_night_122.json.gz,rear-end,2.8,56,0.6302083333333334,0.8717592592592592,0.5989583333333334,0.7444444444444445,0.6614583333333334,0.999074074074074,Town05,night,122,376,18.8,1080,1920,193
videos/rear-end/Town05_rear-end_night_127_aug2.mp4,video_annotations/Town05_rear-end_night_127.json.gz,rear-end,8.65,173,0.7138020833333333,0.3273148148148148,0.690625,0.2851851851851852,0.7369791666666666,0.3694444444444444,Town05,night,127,373,18.65,1080,1920,100
videos/rear-end/Town05_rear-end_night_129_aug2.mp4,video_annotations/Town05_rear-end_night_129.json.gz,rear-end,12.3,246,0.33203125,0.3731481481481482,0.3192708333333333,0.3425925925925926,0.3447916666666666,0.4037037037037037,Town05,night,129,469,23.45,1080,1920,44
videos/rear-end/Town05_rear-end_night_132_aug2.mp4,video_annotations/Town05_rear-end_night_132.json.gz,rear-end,11.25,225,0.2479166666666666,0.7037037037037037,0.1854166666666666,0.6703703703703704,0.3104166666666667,0.737037037037037,Town05,night,132,592,29.6,1080,1920,35
videos/rear-end/Town05_rear-end_night_138_aug2.mp4,video_annotations/Town05_rear-end_night_138.json.gz,rear-end,8.85,177,0.8192708333333333,0.1125,0.7755208333333333,0.075,0.8630208333333333,0.15,Town05,night,138,437,21.85,1080,1920,95
videos/rear-end/Town05_rear-end_night_141_aug2.mp4,video_annotations/Town05_rear-end_night_141.json.gz,rear-end,8.2,164,0.3138020833333333,0.575,0.2979166666666666,0.5564814814814815,0.3296875,0.5935185185185186,Town05,night,141,449,22.45,1080,1920,128
videos/rear-end/Town05_rear-end_night_148_aug2.mp4,video_annotations/Town05_rear-end_night_148.json.gz,rear-end,7.95,159,0.6518229166666667,0.3101851851851852,0.60625,0.2851851851851852,0.6973958333333333,0.3351851851851852,Town05,night,148,322,16.1,1080,1920,90
videos/rear-end/Town05_rear-end_night_200_aug2.mp4,video_annotations/Town05_rear-end_night_200.json.gz,rear-end,13.05,261,0.5846354166666666,0.6370370370370371,0.5697916666666667,0.5388888888888889,0.5994791666666667,0.7351851851851852,Town05,night,200,439,21.95,1080,1920,62
videos/rear-end/Town05_rear-end_night_202_aug2.mp4,video_annotations/Town05_rear-end_night_202.json.gz,rear-end,7.0,140,0.55390625,0.5763888888888888,0.5072916666666667,0.487037037037037,0.6005208333333333,0.6657407407407407,Town05,night,202,302,15.1,1080,1920,185
videos/rear-end/Town05_rear-end_night_204_aug2.mp4,video_annotations/Town05_rear-end_night_204.json.gz,rear-end,11.15,223,0.453125,0.5884259259259259,0.4005208333333333,0.5435185185185185,0.5057291666666667,0.6333333333333333,Town05,night,204,425,21.25,1080,1920,107
videos/rear-end/Town05_rear-end_night_206_aug2.mp4,video_annotations/Town05_rear-end_night_206.json.gz,rear-end,13.1,262,0.5270833333333333,0.3731481481481482,0.4677083333333333,0.2916666666666667,0.5864583333333333,0.4546296296296296,Town05,night,206,482,24.1,1080,1920,37
videos/rear-end/Town05_rear-end_night_209_aug2.mp4,video_annotations/Town05_rear-end_night_209.json.gz,rear-end,5.85,117,0.5091145833333334,0.4930555555555556,0.4692708333333333,0.3925925925925926,0.5489583333333333,0.5935185185185186,Town05,night,209,281,14.05,1080,1920,187
videos/rear-end/Town05_rear-end_night_211_aug2.mp4,video_annotations/Town05_rear-end_night_211.json.gz,rear-end,14.9,298,0.5783854166666667,0.5203703703703704,0.5307291666666667,0.4259259259259259,0.6260416666666667,0.6148148148148148,Town05,night,211,397,19.85,1080,1920,37
videos/rear-end/Town05_rear-end_night_213_aug2.mp4,video_annotations/Town05_rear-end_night_213.json.gz,rear-end,9.25,185,0.5333333333333333,0.5976851851851852,0.4927083333333333,0.5185185185185185,0.5739583333333333,0.6768518518518518,Town05,night,213,357,17.85,1080,1920,112
videos/rear-end/Town05_rear-end_night_215_aug2.mp4,video_annotations/Town05_rear-end_night_215.json.gz,rear-end,11.95,239,0.6046875,0.6717592592592593,0.5177083333333333,0.5851851851851851,0.6916666666666667,0.7583333333333333,Town05,night,215,361,18.05,1080,1920,90
videos/rear-end/Town05_rear-end_night_217_aug2.mp4,video_annotations/Town05_rear-end_night_217.json.gz,rear-end,10.6,212,0.42578125,0.5018518518518519,0.3703125,0.4416666666666666,0.48125,0.562037037037037,Town05,night,217,422,21.1,1080,1920,88
videos/rear-end/Town05_rear-end_night_219_aug2.mp4,video_annotations/Town05_rear-end_night_219.json.gz,rear-end,7.3,146,0.5361979166666667,0.3421296296296296,0.5,0.2490740740740741,0.5723958333333333,0.4351851851851852,Town05,night,219,309,15.45,1080,1920,194
videos/rear-end/Town05_rear-end_night_224_aug2.mp4,video_annotations/Town05_rear-end_night_224.json.gz,rear-end,6.1,122,0.53984375,0.5592592592592592,0.4885416666666666,0.475,0.5911458333333334,0.6435185185185185,Town05,night,224,333,16.65,1080,1920,190
videos/rear-end/Town05_rear-end_night_226_aug2.mp4,video_annotations/Town05_rear-end_night_226.json.gz,rear-end,10.7,214,0.49921875,0.4527777777777778,0.4505208333333333,0.4157407407407407,0.5479166666666667,0.4898148148148148,Town05,night,226,417,20.85,1080,1920,93
videos/rear-end/Town05_rear-end_night_228_aug2.mp4,video_annotations/Town05_rear-end_night_228.json.gz,rear-end,13.5,270,0.51015625,0.4828703703703704,0.4541666666666666,0.437037037037037,0.5661458333333333,0.5287037037037037,Town05,night,228,466,23.3,1080,1920,56
videos/rear-end/Town05_rear-end_night_230_aug2.mp4,video_annotations/Town05_rear-end_night_230.json.gz,rear-end,11.35,227,0.38046875,0.4300925925925926,0.3432291666666666,0.312037037037037,0.4177083333333333,0.5481481481481482,Town05,night,230,321,16.05,1080,1920,106
videos/rear-end/Town05_rear-end_night_232_aug2.mp4,video_annotations/Town05_rear-end_night_232.json.gz,rear-end,9.3,186,0.4877604166666666,0.749537037037037,0.4473958333333333,0.6537037037037037,0.528125,0.8453703703703703,Town05,night,232,317,15.85,1080,1920,132
videos/rear-end/Town05_rear-end_night_234_aug2.mp4,video_annotations/Town05_rear-end_night_234.json.gz,rear-end,8.0,160,0.5104166666666666,0.7180555555555556,0.4723958333333333,0.6685185185185185,0.5484375,0.7675925925925926,Town05,night,234,313,15.65,1080,1920,139
videos/rear-end/Town05_rear-end_night_238_aug2.mp4,video_annotations/Town05_rear-end_night_238.json.gz,rear-end,15.0,300,0.38515625,0.5787037037037037,0.3291666666666666,0.537962962962963,0.4411458333333333,0.6194444444444445,Town05,night,238,475,23.75,1080,1920,30
videos/rear-end/Town05_rear-end_rain_100_aug2.mp4,video_annotations/Town05_rear-end_rain_100.json.gz,rear-end,8.3,166,0.4703125,0.2777777777777778,0.4546875,0.224074074074074,0.4859375,0.3314814814814815,Town05,rain,100,409,20.45,1080,1920,91
videos/rear-end/Town05_rear-end_rain_106_aug2.mp4,video_annotations/Town05_rear-end_rain_106.json.gz,rear-end,7.95,159,0.3221354166666667,0.762962962962963,0.2614583333333333,0.6111111111111112,0.3828125,0.9148148148148147,Town05,rain,106,443,22.15,1080,1920,63
videos/rear-end/Town05_rear-end_rain_111_aug2.mp4,video_annotations/Town05_rear-end_rain_111.json.gz,rear-end,9.9,198,0.8703125,0.6305555555555555,0.803125,0.5898148148148148,0.9375,0.6712962962962963,Town05,rain,111,320,16.0,1080,1920,58
videos/rear-end/Town05_rear-end_rain_119_aug2.mp4,video_annotations/Town05_rear-end_rain_119.json.gz,rear-end,8.25,165,0.1544270833333333,0.8787037037037037,0.040625,0.774074074074074,0.2682291666666667,0.9833333333333332,Town05,rain,119,393,19.65,1080,1920,70
videos/rear-end/Town05_rear-end_rain_125_aug2.mp4,video_annotations/Town05_rear-end_rain_125.json.gz,rear-end,5.9,118,0.6005208333333333,0.549074074074074,0.5427083333333333,0.4962962962962963,0.6583333333333333,0.6018518518518519,Town05,rain,125,296,14.8,1080,1920,94
videos/rear-end/Town05_rear-end_rain_127_aug2.mp4,video_annotations/Town05_rear-end_rain_127.json.gz,rear-end,8.5,170,0.72109375,0.3421296296296296,0.6947916666666667,0.2935185185185185,0.7473958333333334,0.3907407407407407,Town05,rain,127,313,15.65,1080,1920,87
videos/rear-end/Town05_rear-end_rain_129_aug2.mp4,video_annotations/Town05_rear-end_rain_129.json.gz,rear-end,9.15,183,0.3151041666666667,0.4481481481481481,0.29375,0.3972222222222222,0.3364583333333333,0.499074074074074,Town05,rain,129,386,19.3,1080,1920,76
videos/rear-end/Town05_rear-end_rain_131_aug2.mp4,video_annotations/Town05_rear-end_rain_131.json.gz,rear-end,7.55,151,0.3713541666666666,0.1777777777777777,0.2765625,0.0796296296296296,0.4661458333333333,0.2759259259259259,Town05,rain,131,410,20.5,1080,1920,59
videos/rear-end/Town05_rear-end_rain_134_aug2.mp4,video_annotations/Town05_rear-end_rain_134.json.gz,rear-end,7.25,145,0.4580729166666666,0.4740740740740741,0.3692708333333333,0.3879629629629629,0.546875,0.5601851851851852,Town05,rain,134,409,20.45,1080,1920,73
videos/rear-end/Town05_rear-end_rain_139_aug2.mp4,video_annotations/Town05_rear-end_rain_139.json.gz,rear-end,7.2,144,0.4502604166666666,0.4800925925925925,0.4015625,0.4314814814814814,0.4989583333333333,0.5287037037037037,Town05,rain,139,414,20.7,1080,1920,39
videos/rear-end/Town05_rear-end_rain_141_aug2.mp4,video_annotations/Town05_rear-end_rain_141.json.gz,rear-end,7.95,159,0.40625,0.587037037037037,0.3755208333333333,0.5370370370370371,0.4369791666666666,0.6370370370370371,Town05,rain,141,322,16.1,1080,1920,60
videos/rear-end/Town05_rear-end_rain_148_aug2.mp4,video_annotations/Town05_rear-end_rain_148.json.gz,rear-end,9.05,181,0.6140625,0.3087962962962963,0.5614583333333333,0.2768518518518518,0.6666666666666666,0.3407407407407407,Town05,rain,148,339,16.95,1080,1920,69
videos/rear-end/Town05_rear-end_rain_200_aug2.mp4,video_annotations/Town05_rear-end_rain_200.json.gz,rear-end,12.1,242,0.5796875,0.6657407407407407,0.5635416666666667,0.5481481481481482,0.5958333333333333,0.7833333333333333,Town05,rain,200,325,16.25,1080,1920,66
videos/rear-end/Town05_rear-end_rain_202_aug2.mp4,video_annotations/Town05_rear-end_rain_202.json.gz,rear-end,12.5,250,0.5489583333333333,0.5935185185185186,0.5072916666666667,0.5157407407407407,0.590625,0.6712962962962963,Town05,rain,202,368,18.4,1080,1920,54
videos/rear-end/Town05_rear-end_rain_204_aug2.mp4,video_annotations/Town05_rear-end_rain_204.json.gz,rear-end,8.3,166,0.45234375,0.5875,0.4010416666666667,0.5444444444444444,0.5036458333333333,0.6305555555555555,Town05,rain,204,250,12.5,1080,1920,148
videos/rear-end/Town05_rear-end_rain_206_aug2.mp4,video_annotations/Town05_rear-end_rain_206.json.gz,rear-end,11.6,232,0.4734375,0.3898148148148148,0.4145833333333333,0.3092592592592592,0.5322916666666667,0.4703703703703704,Town05,rain,206,339,16.95,1080,1920,81
videos/rear-end/Town05_rear-end_rain_208_aug2.mp4,video_annotations/Town05_rear-end_rain_208.json.gz,rear-end,11.9,238,0.4669270833333333,0.3583333333333333,0.4505208333333333,0.2583333333333333,0.4833333333333333,0.4583333333333333,Town05,rain,208,346,17.3,1080,1920,63
videos/rear-end/Town05_rear-end_rain_210_aug2.mp4,video_annotations/Town05_rear-end_rain_210.json.gz,rear-end,11.55,231,0.5768229166666666,0.5569444444444445,0.5229166666666667,0.4648148148148148,0.6307291666666667,0.649074074074074,Town05,rain,210,349,17.45,1080,1920,85
videos/rear-end/Town05_rear-end_rain_212_aug2.mp4,video_annotations/Town05_rear-end_rain_212.json.gz,rear-end,11.2,224,0.5315104166666667,0.3939814814814815,0.5125,0.3074074074074074,0.5505208333333333,0.4805555555555555,Town05,rain,212,320,16.0,1080,1920,81
videos/rear-end/Town05_rear-end_rain_214_aug2.mp4,video_annotations/Town05_rear-end_rain_214.json.gz,rear-end,12.55,251,0.5481770833333334,0.4694444444444444,0.4973958333333333,0.3925925925925926,0.5989583333333334,0.5462962962962963,Town05,rain,214,338,16.9,1080,1920,71
videos/rear-end/Town05_rear-end_rain_217_aug2.mp4,video_annotations/Town05_rear-end_rain_217.json.gz,rear-end,11.55,231,0.4239583333333333,0.424537037037037,0.3677083333333333,0.362037037037037,0.4802083333333333,0.487037037037037,Town05,rain,217,340,17.0,1080,1920,94
videos/rear-end/Town05_rear-end_rain_219_aug2.mp4,video_annotations/Town05_rear-end_rain_219.json.gz,rear-end,13.55,271,0.5416666666666666,0.3800925925925926,0.4979166666666667,0.2685185185185185,0.5854166666666667,0.4916666666666666,Town05,rain,219,364,18.2,1080,1920,80
videos/rear-end/Town05_rear-end_rain_222_aug2.mp4,video_annotations/Town05_rear-end_rain_222.json.gz,rear-end,11.7,234,0.6080729166666666,0.5078703703703704,0.5552083333333333,0.3990740740740741,0.6609375,0.6166666666666667,Town05,rain,222,277,13.85,1080,1920,104
videos/rear-end/Town05_rear-end_rain_225_aug2.mp4,video_annotations/Town05_rear-end_rain_225.json.gz,rear-end,13.2,264,0.5794270833333334,0.3949074074074074,0.5151041666666667,0.3296296296296296,0.64375,0.4601851851851852,Town05,rain,225,371,18.55,1080,1920,45
videos/rear-end/Town05_rear-end_rain_227_aug2.mp4,video_annotations/Town05_rear-end_rain_227.json.gz,rear-end,6.45,129,0.5166666666666667,0.3805555555555555,0.4651041666666666,0.3509259259259259,0.5682291666666667,0.4101851851851852,Town05,rain,227,239,11.95,1080,1920,176
videos/rear-end/Town05_rear-end_rain_229_aug2.mp4,video_annotations/Town05_rear-end_rain_229.json.gz,rear-end,14.55,291,0.3684895833333333,0.4740740740740741,0.3166666666666666,0.3972222222222222,0.4203125,0.5509259259259259,Town05,rain,229,359,17.95,1080,1920,54
videos/rear-end/Town05_rear-end_rain_232_aug2.mp4,video_annotations/Town05_rear-end_rain_232.json.gz,rear-end,14.05,281,0.5010416666666667,0.736574074074074,0.4609375,0.6342592592592593,0.5411458333333333,0.8388888888888889,Town05,rain,232,373,18.65,1080,1920,53
videos/rear-end/Town05_rear-end_rain_234_aug2.mp4,video_annotations/Town05_rear-end_rain_234.json.gz,rear-end,5.7,114,0.5270833333333333,0.7768518518518519,0.4880208333333333,0.725,0.5661458333333333,0.8287037037037037,Town05,rain,234,268,13.4,1080,1920,187
videos/rear-end/Town05_rear-end_sunset_102_aug2.mp4,video_annotations/Town05_rear-end_sunset_102.json.gz,rear-end,10.65,213,0.3223958333333333,0.2722222222222222,0.2875,0.1935185185185185,0.3572916666666667,0.3509259259259259,Town05,sunset,102,357,17.85,1080,1920,39
videos/rear-end/Town05_rear-end_sunset_113_aug2.mp4,video_annotations/Town05_rear-end_sunset_113.json.gz,rear-end,7.95,159,0.7057291666666666,0.1398148148148148,0.6614583333333334,0.0611111111111111,0.75,0.2185185185185185,Town05,sunset,113,358,17.9,1080,1920,74
videos/rear-end/Town05_rear-end_sunset_116_aug2.mp4,video_annotations/Town05_rear-end_sunset_116.json.gz,rear-end,6.8,136,0.4744791666666667,0.1842592592592592,0.425,0.0962962962962963,0.5239583333333333,0.2722222222222222,Town05,sunset,116,369,18.45,1080,1920,78
videos/rear-end/Town05_rear-end_sunset_134_aug2.mp4,video_annotations/Town05_rear-end_sunset_134.json.gz,rear-end,9.15,183,0.3286458333333333,0.5546296296296296,0.2244791666666666,0.4425925925925926,0.4328125,0.6666666666666666,Town05,sunset,134,327,16.35,1080,1920,49
videos/rear-end/Town05_rear-end_sunset_138_aug2.mp4,video_annotations/Town05_rear-end_sunset_138.json.gz,rear-end,10.55,211,0.8419270833333333,0.1375,0.7921875,0.0972222222222222,0.8916666666666667,0.1777777777777777,Town05,sunset,138,389,19.45,1080,1920,54
videos/rear-end/Town05_rear-end_sunset_140_aug2.mp4,video_annotations/Town05_rear-end_sunset_140.json.gz,rear-end,12.5,250,0.3838541666666666,0.2597222222222222,0.3744791666666666,0.2407407407407407,0.3932291666666667,0.2787037037037037,Town05,sunset,140,403,20.15,1080,1920,26
videos/rear-end/Town05_rear-end_sunset_146_aug2.mp4,video_annotations/Town05_rear-end_sunset_146.json.gz,rear-end,6.65,133,0.3453125,0.8703703703703703,0.2447916666666666,0.7416666666666667,0.4458333333333333,0.999074074074074,Town05,sunset,146,356,17.8,1080,1920,100
videos/rear-end/Town05_rear-end_sunset_201_aug2.mp4,video_annotations/Town05_rear-end_sunset_201.json.gz,rear-end,10.7,214,0.5763020833333333,0.5412037037037037,0.5375,0.4212962962962963,0.6151041666666667,0.6611111111111111,Town05,sunset,201,304,15.2,1080,1920,86
videos/rear-end/Town05_rear-end_sunset_205_aug2.mp4,video_annotations/Town05_rear-end_sunset_205.json.gz,rear-end,8.85,177,0.4276041666666667,0.4912037037037037,0.36875,0.4074074074074074,0.4864583333333333,0.575,Town05,sunset,205,290,14.5,1080,1920,125
videos/rear-end/Town05_rear-end_sunset_207_aug2.mp4,video_annotations/Town05_rear-end_sunset_207.json.gz,rear-end,9.65,193,0.4229166666666666,0.5513888888888889,0.4020833333333333,0.4472222222222222,0.44375,0.6555555555555556,Town05,sunset,207,281,14.05,1080,1920,141
videos/rear-end/Town05_rear-end_sunset_209_aug2.mp4,video_annotations/Town05_rear-end_sunset_209.json.gz,rear-end,9.85,197,0.5002604166666667,0.5171296296296296,0.4614583333333333,0.4212962962962963,0.5390625,0.6129629629629629,Town05,sunset,209,374,18.7,1080,1920,96
videos/rear-end/Town05_rear-end_sunset_211_aug2.mp4,video_annotations/Town05_rear-end_sunset_211.json.gz,rear-end,12.35,247,0.5684895833333333,0.5912037037037037,0.5239583333333333,0.5,0.6130208333333333,0.6824074074074075,Town05,sunset,211,327,16.35,1080,1920,77
videos/rear-end/Town05_rear-end_sunset_213_aug2.mp4,video_annotations/Town05_rear-end_sunset_213.json.gz,rear-end,12.35,247,0.50625,0.5898148148148148,0.4625,0.5064814814814815,0.55,0.6731481481481482,Town05,sunset,213,384,19.2,1080,1920,52
videos/rear-end/Town05_rear-end_sunset_215_aug2.mp4,video_annotations/Town05_rear-end_sunset_215.json.gz,rear-end,8.15,163,0.5447916666666667,0.6643518518518519,0.4661458333333333,0.5851851851851851,0.6234375,0.7435185185185185,Town05,sunset,215,218,10.9,1080,1920,177
videos/rear-end/Town05_rear-end_sunset_217_aug2.mp4,video_annotations/Town05_rear-end_sunset_217.json.gz,rear-end,8.5,170,0.4479166666666667,0.425,0.3927083333333333,0.3675925925925926,0.503125,0.4824074074074074,Town05,sunset,217,266,13.3,1080,1920,161
videos/rear-end/Town05_rear-end_sunset_219_aug2.mp4,video_annotations/Town05_rear-end_sunset_219.json.gz,rear-end,10.75,215,0.53828125,0.4041666666666667,0.5,0.3037037037037037,0.5765625,0.5046296296296297,Town05,sunset,219,298,14.9,1080,1920,84
videos/rear-end/Town05_rear-end_sunset_222_aug2.mp4,video_annotations/Town05_rear-end_sunset_222.json.gz,rear-end,9.1,182,0.6127604166666667,0.5166666666666667,0.5713541666666667,0.4314814814814814,0.6541666666666667,0.6018518518518519,Town05,sunset,222,308,15.4,1080,1920,152
videos/rear-end/Town05_rear-end_sunset_224_aug2.mp4,video_annotations/Town05_rear-end_sunset_224.json.gz,rear-end,5.1,102,0.5427083333333333,0.5430555555555555,0.49375,0.4574074074074074,0.5916666666666667,0.6287037037037037,Town05,sunset,224,210,10.5,1080,1920,233
videos/rear-end/Town05_rear-end_sunset_226_aug2.mp4,video_annotations/Town05_rear-end_sunset_226.json.gz,rear-end,10.85,217,0.4828125,0.4472222222222222,0.4354166666666667,0.4092592592592592,0.5302083333333333,0.4851851851851851,Town05,sunset,226,333,16.65,1080,1920,115
videos/rear-end/Town05_rear-end_sunset_228_aug2.mp4,video_annotations/Town05_rear-end_sunset_228.json.gz,rear-end,11.55,231,0.5309895833333333,0.5097222222222222,0.4744791666666667,0.4629629629629629,0.5875,0.5564814814814815,Town05,sunset,228,359,17.95,1080,1920,88
videos/rear-end/Town05_rear-end_sunset_230_aug2.mp4,video_annotations/Town05_rear-end_sunset_230.json.gz,rear-end,11.9,238,0.3947916666666666,0.487037037037037,0.365625,0.4111111111111111,0.4239583333333333,0.562962962962963,Town05,sunset,230,322,16.1,1080,1920,54
videos/rear-end/Town05_rear-end_sunset_232_aug2.mp4,video_annotations/Town05_rear-end_sunset_232.json.gz,rear-end,5.9,118,0.4611979166666666,0.8041666666666667,0.4161458333333333,0.6972222222222222,0.50625,0.9111111111111112,Town05,sunset,232,236,11.8,1080,1920,187
videos/rear-end/Town05_rear-end_sunset_234_aug2.mp4,video_annotations/Town05_rear-end_sunset_234.json.gz,rear-end,12.8,256,0.5338541666666666,0.711574074074074,0.4963541666666666,0.6620370370370371,0.5713541666666667,0.7611111111111111,Town05,sunset,234,420,21.0,1080,1920,40
videos/rear-end/Town05_rear-end_sunset_237_aug2.mp4,video_annotations/Town05_rear-end_sunset_237.json.gz,rear-end,10.5,210,0.53359375,0.5662037037037037,0.4744791666666667,0.537962962962963,0.5927083333333333,0.5944444444444444,Town05,sunset,237,317,15.85,1080,1920,114
videos/rear-end/Town05_rear-end_sunset_240_aug2.mp4,video_annotations/Town05_rear-end_sunset_240.json.gz,rear-end,9.1,182,0.6322916666666667,0.5217592592592593,0.5994791666666667,0.4685185185185185,0.6651041666666667,0.575,Town05,sunset,240,282,14.1,1080,1920,141
videos/rear-end/Town05_rear-end_wet_101_aug2.mp4,video_annotations/Town05_rear-end_wet_101.json.gz,rear-end,6.25,125,0.4932291666666666,0.6180555555555556,0.4682291666666666,0.5148148148148148,0.5182291666666666,0.7212962962962963,Town05,wet,101,388,19.4,1080,1920,65
videos/rear-end/Town05_rear-end_wet_103_aug2.mp4,video_annotations/Town05_rear-end_wet_103.json.gz,rear-end,7.85,157,0.2630208333333333,0.3689814814814814,0.196875,0.3222222222222222,0.3291666666666666,0.4157407407407407,Town05,wet,103,395,19.75,1080,1920,67
videos/rear-end/Town05_rear-end_wet_106_aug2.mp4,video_annotations/Town05_rear-end_wet_106.json.gz,rear-end,8.15,163,0.2869791666666667,0.8314814814814815,0.2114583333333333,0.6638888888888889,0.3625,0.999074074074074,Town05,wet,106,426,21.3,1080,1920,77
videos/rear-end/Town05_rear-end_wet_111_aug2.mp4,video_annotations/Town05_rear-end_wet_111.json.gz,rear-end,8.9,178,0.8341145833333333,0.600462962962963,0.7682291666666666,0.5657407407407408,0.9,0.6351851851851852,Town05,wet,111,363,18.15,1080,1920,72
videos/rear-end/Town05_rear-end_wet_113_aug2.mp4,video_annotations/Town05_rear-end_wet_113.json.gz,rear-end,3.45,69,0.5674479166666667,0.3467592592592592,0.5125,0.2842592592592592,0.6223958333333334,0.4092592592592592,Town05,wet,113,394,19.7,1080,1920,120
videos/rear-end/Town05_rear-end_wet_115_aug2.mp4,video_annotations/Town05_rear-end_wet_115.json.gz,rear-end,9.05,181,0.3377604166666667,0.4731481481481481,0.3057291666666666,0.4175925925925925,0.3697916666666667,0.5287037037037037,Town05,wet,115,384,19.2,1080,1920,46
videos/rear-end/Town05_rear-end_wet_117_aug2.mp4,video_annotations/Town05_rear-end_wet_117.json.gz,rear-end,5.55,111,0.1416666666666666,0.3467592592592592,0.0640625,0.3064814814814814,0.2192708333333333,0.387037037037037,Town05,wet,117,243,12.15,1080,1920,134
videos/rear-end/Town05_rear-end_wet_119_aug2.mp4,video_annotations/Town05_rear-end_wet_119.json.gz,rear-end,4.95,99,0.2369791666666666,0.7986111111111112,0.1338541666666666,0.7018518518518518,0.3401041666666666,0.8953703703703704,Town05,wet,119,333,16.65,1080,1920,129
videos/rear-end/Town05_rear-end_wet_124_aug2.mp4,video_annotations/Town05_rear-end_wet_124.json.gz,rear-end,6.7,134,0.4677083333333333,0.5949074074074074,0.4067708333333333,0.5342592592592592,0.5286458333333334,0.6555555555555556,Town05,wet,124,327,16.35,1080,1920,50
videos/rear-end/Town05_rear-end_wet_127_aug2.mp4,video_annotations/Town05_rear-end_wet_127.json.gz,rear-end,9.45,189,0.6854166666666667,0.4111111111111111,0.6348958333333333,0.3138888888888889,0.7359375,0.5083333333333333,Town05,wet,127,317,15.85,1080,1920,33
videos/rear-end/Town05_rear-end_wet_130_aug2.mp4,video_annotations/Town05_rear-end_wet_130.json.gz,rear-end,5.35,107,0.3955729166666666,0.425462962962963,0.3614583333333333,0.3842592592592592,0.4296875,0.4666666666666667,Town05,wet,130,331,16.55,1080,1920,129
videos/rear-end/Town05_rear-end_wet_136_aug2.mp4,video_annotations/Town05_rear-end_wet_136.json.gz,rear-end,6.55,131,0.6036458333333333,0.5935185185185186,0.5286458333333334,0.5583333333333333,0.6786458333333333,0.6287037037037037,Town05,wet,136,293,14.65,1080,1920,85
videos/rear-end/Town05_rear-end_wet_139_aug2.mp4,video_annotations/Town05_rear-end_wet_139.json.gz,rear-end,11.7,234,0.5583333333333333,0.3199074074074074,0.5463541666666667,0.2962962962962963,0.5703125,0.3435185185185185,Town05,wet,139,340,17.0,1080,1920,96
videos/rear-end/Town05_rear-end_wet_141_aug2.mp4,video_annotations/Town05_rear-end_wet_141.json.gz,rear-end,9.1,182,0.36640625,0.5462962962962963,0.3473958333333333,0.5231481481481481,0.3854166666666667,0.5694444444444444,Town05,wet,141,391,19.55,1080,1920,69
videos/rear-end/Town05_rear-end_wet_147_aug2.mp4,video_annotations/Town05_rear-end_wet_147.json.gz,rear-end,7.1,142,0.4768229166666666,0.5013888888888889,0.4098958333333333,0.4694444444444444,0.54375,0.5333333333333333,Town05,wet,147,311,15.55,1080,1920,55
videos/rear-end/Town05_rear-end_wet_149_aug2.mp4,video_annotations/Town05_rear-end_wet_149.json.gz,rear-end,8.6,172,0.64609375,0.5944444444444444,0.609375,0.5657407407407408,0.6828125,0.6231481481481481,Town05,wet,149,304,15.2,1080,1920,51
videos/rear-end/Town05_rear-end_wet_201_aug2.mp4,video_annotations/Town05_rear-end_wet_201.json.gz,rear-end,10.55,211,0.5903645833333333,0.4611111111111111,0.5572916666666666,0.3527777777777778,0.6234375,0.5694444444444444,Town05,wet,201,332,16.6,1080,1920,114
videos/rear-end/Town05_rear-end_wet_203_aug2.mp4,video_annotations/Town05_rear-end_wet_203.json.gz,rear-end,14.5,290,0.5447916666666667,0.437037037037037,0.4822916666666667,0.3657407407407407,0.6072916666666667,0.5083333333333333,Town05,wet,203,428,21.4,1080,1920,48
videos/rear-end/Town05_rear-end_wet_205_aug2.mp4,video_annotations/Town05_rear-end_wet_205.json.gz,rear-end,11.4,228,0.4046875,0.5388888888888889,0.3489583333333333,0.4574074074074074,0.4604166666666666,0.6203703703703703,Town05,wet,205,385,19.25,1080,1920,78
videos/rear-end/Town05_rear-end_wet_207_aug2.mp4,video_annotations/Town05_rear-end_wet_207.json.gz,rear-end,12.2,244,0.4161458333333333,0.5930555555555556,0.3921875,0.4740740740740741,0.4401041666666667,0.712037037037037,Town05,wet,207,349,17.45,1080,1920,89
videos/rear-end/Town05_rear-end_wet_209_aug2.mp4,video_annotations/Town05_rear-end_wet_209.json.gz,rear-end,12.65,253,0.5026041666666666,0.4842592592592593,0.4640625,0.3861111111111111,0.5411458333333333,0.5824074074074074,Town05,wet,209,359,17.95,1080,1920,49
videos/rear-end/Town05_rear-end_wet_212_aug2.mp4,video_annotations/Town05_rear-end_wet_212.json.gz,rear-end,11.05,221,0.50625,0.4018518518518518,0.4859375,0.3185185185185185,0.5265625,0.4851851851851851,Town05,wet,212,271,13.55,1080,1920,126
videos/rear-end/Town05_rear-end_wet_214_aug2.mp4,video_annotations/Town05_rear-end_wet_214.json.gz,rear-end,8.4,168,0.52890625,0.3824074074074074,0.4671875,0.2944444444444444,0.590625,0.4703703703703704,Town05,wet,214,259,12.95,1080,1920,180
videos/rear-end/Town05_rear-end_wet_216_aug2.mp4,video_annotations/Town05_rear-end_wet_216.json.gz,rear-end,8.5,170,0.4921875,0.7046296296296296,0.4260416666666666,0.6657407407407407,0.5583333333333333,0.7435185185185185,Town05,wet,216,293,14.65,1080,1920,160
videos/rear-end/Town05_rear-end_wet_218_aug2.mp4,video_annotations/Town05_rear-end_wet_218.json.gz,rear-end,10.85,217,0.5260416666666666,0.6078703703703704,0.4744791666666667,0.5259259259259259,0.5776041666666667,0.6898148148148148,Town05,wet,218,331,16.55,1080,1920,113
videos/rear-end/Town05_rear-end_wet_220_aug2.mp4,video_annotations/Town05_rear-end_wet_220.json.gz,rear-end,10.35,207,0.4588541666666667,0.6689814814814815,0.434375,0.5722222222222222,0.4833333333333333,0.7657407407407407,Town05,wet,220,281,14.05,1080,1920,98
videos/rear-end/Town05_rear-end_wet_222_aug2.mp4,video_annotations/Town05_rear-end_wet_222.json.gz,rear-end,5.65,113,0.6223958333333334,0.5532407407407407,0.571875,0.4444444444444444,0.6729166666666667,0.6620370370370371,Town05,wet,222,209,10.45,1080,1920,235
videos/rear-end/Town05_rear-end_wet_224_aug2.mp4,video_annotations/Town05_rear-end_wet_224.json.gz,rear-end,11.75,235,0.5354166666666667,0.5407407407407407,0.4963541666666666,0.4768518518518518,0.5744791666666667,0.6046296296296296,Town05,wet,224,356,17.8,1080,1920,83
videos/rear-end/Town05_rear-end_wet_226_aug2.mp4,video_annotations/Town05_rear-end_wet_226.json.gz,rear-end,12.5,250,0.4932291666666666,0.4097222222222222,0.4432291666666667,0.374074074074074,0.5432291666666667,0.4453703703703703,Town05,wet,226,359,17.95,1080,1920,51
videos/rear-end/Town05_rear-end_wet_229_aug2.mp4,video_annotations/Town05_rear-end_wet_229.json.gz,rear-end,12.55,251,0.4458333333333333,0.3555555555555555,0.4072916666666666,0.2962962962962963,0.484375,0.4148148148148148,Town05,wet,229,355,17.75,1080,1920,75
videos/rear-end/Town05_rear-end_wet_231_aug2.mp4,video_annotations/Town05_rear-end_wet_231.json.gz,rear-end,13.35,267,0.4953125,0.4717592592592592,0.4765625,0.3944444444444444,0.5140625,0.549074074074074,Town05,wet,231,349,17.45,1080,1920,46
videos/rear-end/Town05_rear-end_wet_233_aug2.mp4,video_annotations/Town05_rear-end_wet_233.json.gz,rear-end,3.3,66,0.6864583333333333,0.763425925925926,0.6645833333333333,0.6953703703703704,0.7083333333333334,0.8314814814814815,Town05,wet,233,210,10.5,1080,1920,231
videos/rear-end/Town05_rear-end_wet_235_aug2.mp4,video_annotations/Town05_rear-end_wet_235.json.gz,rear-end,11.05,221,0.5606770833333333,0.437037037037037,0.5067708333333333,0.3879629629629629,0.6145833333333334,0.4861111111111111,Town05,wet,235,310,15.5,1080,1920,85
videos/rear-end/Town05_rear-end_wet_238_aug2.mp4,video_annotations/Town05_rear-end_wet_238.json.gz,rear-end,10.4,208,0.3901041666666666,0.6203703703703703,0.3333333333333333,0.5787037037037037,0.446875,0.6620370370370371,Town05,wet,238,292,14.6,1080,1920,94
videos/rear-end/Town05_rear-end_wet_240_aug2.mp4,video_annotations/Town05_rear-end_wet_240.json.gz,rear-end,11.65,233,0.63046875,0.5398148148148149,0.5947916666666667,0.4824074074074074,0.6661458333333333,0.5972222222222222,Town05,wet,240,309,15.45,1080,1920,78
videos/rear-end/Town07_rear-end_clear_02_aug2.mp4,video_annotations/Town07_rear-end_clear_02.json.gz,rear-end,8.9,178,0.5955729166666667,0.825462962962963,0.51875,0.6657407407407407,0.6723958333333333,0.9851851851851852,Town07,clear,2,345,17.25,1080,1920,52
videos/rear-end/Town07_rear-end_clear_04_aug2.mp4,video_annotations/Town07_rear-end_clear_04.json.gz,rear-end,8.15,163,0.5424479166666667,0.3430555555555555,0.4598958333333333,0.2916666666666667,0.625,0.3944444444444444,Town07,clear,4,287,14.35,1080,1920,76
videos/rear-end/Town07_rear-end_clear_06_aug2.mp4,video_annotations/Town07_rear-end_clear_06.json.gz,rear-end,8.7,174,0.5041666666666667,0.3069444444444444,0.4536458333333333,0.1833333333333333,0.5546875,0.4305555555555556,Town07,clear,6,273,13.65,1080,1920,61
videos/rear-end/Town07_rear-end_clear_08_aug2.mp4,video_annotations/Town07_rear-end_clear_08.json.gz,rear-end,8.7,174,0.4497395833333333,0.5717592592592593,0.4208333333333333,0.4824074074074074,0.4786458333333333,0.6611111111111111,Town07,clear,8,299,14.95,1080,1920,61
videos/rear-end/Town07_rear-end_clear_10_aug2.mp4,video_annotations/Town07_rear-end_clear_10.json.gz,rear-end,8.7,174,0.5544270833333333,0.2305555555555555,0.5041666666666667,0.125,0.6046875,0.3361111111111111,Town07,clear,10,335,16.75,1080,1920,59
videos/rear-end/Town07_rear-end_clear_13_aug2.mp4,video_annotations/Town07_rear-end_clear_13.json.gz,rear-end,7.9,158,0.3776041666666667,0.7217592592592592,0.2953125,0.5805555555555556,0.4598958333333333,0.8629629629629629,Town07,clear,13,318,15.9,1080,1920,72
videos/rear-end/Town07_rear-end_clear_17_aug2.mp4,video_annotations/Town07_rear-end_clear_17.json.gz,rear-end,7.85,157,0.61015625,0.6092592592592593,0.5432291666666667,0.487037037037037,0.6770833333333334,0.7314814814814815,Town07,clear,17,269,13.45,1080,1920,72
videos/rear-end/Town07_rear-end_clear_19_aug2.mp4,video_annotations/Town07_rear-end_clear_19.json.gz,rear-end,4.1,82,0.5471354166666667,0.4481481481481481,0.4692708333333333,0.4018518518518518,0.625,0.4944444444444444,Town07,clear,19,233,11.65,1080,1920,152
videos/rear-end/Town07_rear-end_clear_22_aug2.mp4,video_annotations/Town07_rear-end_clear_22.json.gz,rear-end,8.3,166,0.48671875,0.5361111111111111,0.4598958333333333,0.437037037037037,0.5135416666666667,0.6351851851851852,Town07,clear,22,236,11.8,1080,1920,72
videos/rear-end/Town07_rear-end_clear_24_aug2.mp4,video_annotations/Town07_rear-end_clear_24.json.gz,rear-end,8.35,167,0.5528645833333333,0.4916666666666666,0.5114583333333333,0.3907407407407407,0.5942708333333333,0.5925925925925926,Town07,clear,24,282,14.1,1080,1920,67
videos/rear-end/Town07_rear-end_clear_26_aug2.mp4,video_annotations/Town07_rear-end_clear_26.json.gz,rear-end,7.4,148,0.3458333333333333,0.4828703703703704,0.228125,0.4055555555555555,0.4635416666666667,0.5601851851851852,Town07,clear,26,224,11.2,1080,1920,71
videos/rear-end/Town07_rear-end_clear_28_aug2.mp4,video_annotations/Town07_rear-end_clear_28.json.gz,rear-end,6.8,136,0.3869791666666666,0.7273148148148149,0.2744791666666666,0.5694444444444444,0.4994791666666666,0.8851851851851852,Town07,clear,28,252,12.6,1080,1920,105
videos/rear-end/Town07_rear-end_clear_30_aug2.mp4,video_annotations/Town07_rear-end_clear_30.json.gz,rear-end,6.05,121,0.4432291666666667,0.6083333333333333,0.4182291666666666,0.5046296296296297,0.4682291666666666,0.712037037037037,Town07,clear,30,206,10.3,1080,1920,114
videos/rear-end/Town07_rear-end_clear_32_aug2.mp4,video_annotations/Town07_rear-end_clear_32.json.gz,rear-end,5.75,115,0.5453125,0.4185185185185185,0.4833333333333333,0.3361111111111111,0.6072916666666667,0.5009259259259259,Town07,clear,32,216,10.8,1080,1920,121
videos/rear-end/Town07_rear-end_clear_35_aug2.mp4,video_annotations/Town07_rear-end_clear_35.json.gz,rear-end,6.6,132,0.5505208333333333,0.5685185185185185,0.4802083333333333,0.4972222222222222,0.6208333333333333,0.6398148148148148,Town07,clear,35,232,11.6,1080,1920,105
videos/rear-end/Town07_rear-end_clear_37_aug2.mp4,video_annotations/Town07_rear-end_clear_37.json.gz,rear-end,5.5,110,0.5260416666666666,0.6509259259259259,0.4911458333333333,0.5611111111111111,0.5609375,0.7407407407407407,Town07,clear,37,275,13.75,1080,1920,127
videos/rear-end/Town07_rear-end_clear_40_aug2.mp4,video_annotations/Town07_rear-end_clear_40.json.gz,rear-end,6.7,134,0.3231770833333333,0.4555555555555555,0.25,0.4046296296296296,0.3963541666666667,0.5064814814814815,Town07,clear,40,283,14.15,1080,1920,93
videos/rear-end/Town07_rear-end_clear_42_aug2.mp4,video_annotations/Town07_rear-end_clear_42.json.gz,rear-end,9.35,187,0.4307291666666666,0.7069444444444445,0.353125,0.6537037037037037,0.5083333333333333,0.7601851851851852,Town07,clear,42,317,15.85,1080,1920,63
videos/rear-end/Town07_rear-end_clear_44_aug2.mp4,video_annotations/Town07_rear-end_clear_44.json.gz,rear-end,8.35,167,0.4841145833333333,0.6046296296296296,0.434375,0.5185185185185185,0.5338541666666666,0.6907407407407408,Town07,clear,44,312,15.6,1080,1920,71
videos/rear-end/Town07_rear-end_clear_47_aug2.mp4,video_annotations/Town07_rear-end_clear_47.json.gz,rear-end,8.75,175,0.60390625,0.6662037037037037,0.5119791666666667,0.5861111111111111,0.6958333333333333,0.7462962962962963,Town07,clear,47,349,17.45,1080,1920,61
videos/rear-end/Town07_rear-end_clear_49_aug2.mp4,video_annotations/Town07_rear-end_clear_49.json.gz,rear-end,8.1,162,0.4598958333333333,0.3671296296296296,0.3828125,0.324074074074074,0.5369791666666667,0.4101851851851852,Town07,clear,49,289,14.45,1080,1920,86
videos/rear-end/Town07_rear-end_clear_51_aug2.mp4,video_annotations/Town07_rear-end_clear_51.json.gz,rear-end,7.65,153,0.4075520833333333,0.5550925925925926,0.359375,0.5101851851851852,0.4557291666666667,0.6,Town07,clear,51,273,13.65,1080,1920,85
videos/rear-end/Town07_rear-end_clear_53_aug2.mp4,video_annotations/Town07_rear-end_clear_53.json.gz,rear-end,6.35,127,0.6010416666666667,0.575925925925926,0.5807291666666666,0.524074074074074,0.6213541666666667,0.6277777777777778,Town07,clear,53,243,12.15,1080,1920,104
videos/rear-end/Town07_rear-end_clear_55_aug2.mp4,video_annotations/Town07_rear-end_clear_55.json.gz,rear-end,7.2,144,0.4171875,0.3990740740740741,0.3619791666666667,0.3638888888888889,0.4723958333333333,0.4342592592592592,Town07,clear,55,298,14.9,1080,1920,87
videos/rear-end/Town07_rear-end_clear_57_aug2.mp4,video_annotations/Town07_rear-end_clear_57.json.gz,rear-end,8.0,160,0.5013020833333334,0.4041666666666667,0.4244791666666667,0.3648148148148148,0.578125,0.4435185185185185,Town07,clear,57,223,11.15,1080,1920,78
videos/rear-end/Town07_rear-end_clear_59_aug2.mp4,video_annotations/Town07_rear-end_clear_59.json.gz,rear-end,8.6,172,0.5541666666666667,0.4569444444444444,0.4947916666666667,0.3962962962962963,0.6135416666666667,0.5175925925925926,Town07,clear,59,300,15.0,1080,1920,56
videos/rear-end/Town07_rear-end_night_01_aug2.mp4,video_annotations/Town07_rear-end_night_01.json.gz,rear-end,9.55,191,0.534375,0.7305555555555555,0.4765625,0.5305555555555556,0.5921875,0.9305555555555556,Town07,night,1,343,17.15,1080,1920,39
videos/rear-end/Town07_rear-end_night_04_aug2.mp4,video_annotations/Town07_rear-end_night_04.json.gz,rear-end,8.15,163,0.5455729166666666,0.3703703703703703,0.4666666666666667,0.325,0.6244791666666667,0.4157407407407407,Town07,night,4,461,23.05,1080,1920,71
videos/rear-end/Town07_rear-end_night_06_aug2.mp4,video_annotations/Town07_rear-end_night_06.json.gz,rear-end,8.25,165,0.4895833333333333,0.3328703703703703,0.4458333333333333,0.2268518518518518,0.5333333333333333,0.4388888888888889,Town07,night,6,328,16.4,1080,1920,87
videos/rear-end/Town07_rear-end_night_08_aug2.mp4,video_annotations/Town07_rear-end_night_08.json.gz,rear-end,7.55,151,0.4171875,0.6013888888888889,0.3838541666666666,0.5055555555555555,0.4505208333333333,0.6972222222222222,Town07,night,8,372,18.6,1080,1920,79
videos/rear-end/Town07_rear-end_night_10_aug2.mp4,video_annotations/Town07_rear-end_night_10.json.gz,rear-end,4.9,98,0.5291666666666667,0.262037037037037,0.4828125,0.1694444444444444,0.5755208333333334,0.3546296296296296,Town07,night,10,235,11.75,1080,1920,133
videos/rear-end/Town07_rear-end_night_12_aug2.mp4,video_annotations/Town07_rear-end_night_12.json.gz,rear-end,7.4,148,0.4171875,0.6694444444444444,0.3234375,0.5953703703703703,0.5109375,0.7435185185185185,Town07,night,12,292,14.6,1080,1920,91
videos/rear-end/Town07_rear-end_night_14_aug2.mp4,video_annotations/Town07_rear-end_night_14.json.gz,rear-end,8.25,165,0.4328125,0.8074074074074075,0.3833333333333333,0.674074074074074,0.4822916666666667,0.9407407407407408,Town07,night,14,401,20.05,1080,1920,68
videos/rear-end/Town07_rear-end_night_16_aug2.mp4,video_annotations/Town07_rear-end_night_16.json.gz,rear-end,8.5,170,0.5247395833333334,0.4699074074074074,0.478125,0.3314814814814815,0.5713541666666667,0.6083333333333333,Town07,night,16,362,18.1,1080,1920,60
videos/rear-end/Town07_rear-end_night_18_aug2.mp4,video_annotations/Town07_rear-end_night_18.json.gz,rear-end,5.3,106,0.60390625,0.5541666666666667,0.5177083333333333,0.4574074074074074,0.6901041666666666,0.6509259259259259,Town07,night,18,306,15.3,1080,1920,126
videos/rear-end/Town07_rear-end_night_20_aug2.mp4,video_annotations/Town07_rear-end_night_20.json.gz,rear-end,7.85,157,0.5041666666666667,0.4842592592592593,0.43125,0.4027777777777778,0.5770833333333333,0.5657407407407408,Town07,night,20,321,16.05,1080,1920,83
videos/rear-end/Town07_rear-end_night_22_aug2.mp4,video_annotations/Town07_rear-end_night_22.json.gz,rear-end,6.8,136,0.46328125,0.5462962962962963,0.4401041666666667,0.4685185185185185,0.4864583333333333,0.6240740740740741,Town07,night,22,301,15.05,1080,1920,103
videos/rear-end/Town07_rear-end_night_24_aug2.mp4,video_annotations/Town07_rear-end_night_24.json.gz,rear-end,8.45,169,0.5440104166666667,0.4689814814814815,0.5,0.3703703703703703,0.5880208333333333,0.5675925925925925,Town07,night,24,299,14.95,1080,1920,63
videos/rear-end/Town07_rear-end_night_26_aug2.mp4,video_annotations/Town07_rear-end_night_26.json.gz,rear-end,7.55,151,0.3450520833333333,0.4773148148148148,0.2380208333333333,0.4157407407407407,0.4520833333333333,0.5388888888888889,Town07,night,26,364,18.2,1080,1920,85
videos/rear-end/Town07_rear-end_night_28_aug2.mp4,video_annotations/Town07_rear-end_night_28.json.gz,rear-end,7.9,158,0.3817708333333333,0.8037037037037037,0.2994791666666667,0.7,0.4640625,0.9074074074074074,Town07,night,28,427,21.35,1080,1920,80
videos/rear-end/Town07_rear-end_night_31_aug2.mp4,video_annotations/Town07_rear-end_night_31.json.gz,rear-end,8.95,179,0.6078125,0.5791666666666667,0.5625,0.4583333333333333,0.653125,0.7,Town07,night,31,439,21.95,1080,1920,51
videos/rear-end/Town07_rear-end_night_33_aug2.mp4,video_annotations/Town07_rear-end_night_33.json.gz,rear-end,8.6,172,0.6466145833333333,0.5763888888888888,0.5479166666666667,0.4796296296296296,0.7453125,0.6731481481481482,Town07,night,33,259,12.95,1080,1920,67
videos/rear-end/Town07_rear-end_night_35_aug2.mp4,video_annotations/Town07_rear-end_night_35.json.gz,rear-end,6.8,136,0.5302083333333333,0.575462962962963,0.4729166666666666,0.524074074074074,0.5875,0.6268518518518519,Town07,night,35,257,12.85,1080,1920,97
videos/rear-end/Town07_rear-end_night_38_aug2.mp4,video_annotations/Town07_rear-end_night_38.json.gz,rear-end,8.55,171,0.3903645833333333,0.4125,0.3640625,0.3314814814814815,0.4166666666666667,0.4935185185185185,Town07,night,38,337,16.85,1080,1920,60
videos/rear-end/Town07_rear-end_night_40_aug2.mp4,video_annotations/Town07_rear-end_night_40.json.gz,rear-end,8.25,165,0.3263020833333333,0.4671296296296296,0.2510416666666666,0.4138888888888888,0.4015625,0.5203703703703704,Town07,night,40,334,16.7,1080,1920,83
videos/rear-end/Town07_rear-end_night_44_aug2.mp4,video_annotations/Town07_rear-end_night_44.json.gz,rear-end,7.9,158,0.51328125,0.6347222222222222,0.4588541666666667,0.5388888888888889,0.5677083333333334,0.7305555555555555,Town07,night,44,327,16.35,1080,1920,81
videos/rear-end/Town07_rear-end_night_46_aug2.mp4,video_annotations/Town07_rear-end_night_46.json.gz,rear-end,8.95,179,0.5932291666666667,0.4592592592592592,0.5479166666666667,0.3888888888888889,0.6385416666666667,0.5296296296296297,Town07,night,46,369,18.45,1080,1920,51
videos/rear-end/Town07_rear-end_night_48_aug2.mp4,video_annotations/Town07_rear-end_night_48.json.gz,rear-end,7.1,142,0.5244791666666667,0.7587962962962963,0.4369791666666666,0.7148148148148148,0.6119791666666666,0.8027777777777778,Town07,night,48,281,14.05,1080,1920,95
videos/rear-end/Town07_rear-end_night_50_aug2.mp4,video_annotations/Town07_rear-end_night_50.json.gz,rear-end,8.35,167,0.66796875,0.6592592592592592,0.5921875,0.6138888888888889,0.74375,0.7046296296296296,Town07,night,50,339,16.95,1080,1920,66
videos/rear-end/Town07_rear-end_night_52_aug2.mp4,video_annotations/Town07_rear-end_night_52.json.gz,rear-end,9.6,192,0.4434895833333333,0.2412037037037037,0.4114583333333333,0.1851851851851851,0.4755208333333333,0.2972222222222222,Town07,night,52,391,19.55,1080,1920,44
videos/rear-end/Town07_rear-end_night_54_aug2.mp4,video_annotations/Town07_rear-end_night_54.json.gz,rear-end,7.65,153,0.5653645833333333,0.5981481481481481,0.5166666666666667,0.5416666666666666,0.6140625,0.6546296296296297,Town07,night,54,247,12.35,1080,1920,84
videos/rear-end/Town07_rear-end_night_57_aug2.mp4,video_annotations/Town07_rear-end_night_57.json.gz,rear-end,9.3,186,0.5192708333333333,0.4444444444444444,0.4505208333333333,0.412962962962963,0.5880208333333333,0.4759259259259259,Town07,night,57,391,19.55,1080,1920,50
videos/rear-end/Town07_rear-end_night_59_aug2.mp4,video_annotations/Town07_rear-end_night_59.json.gz,rear-end,9.2,184,0.56875,0.4199074074074074,0.5015625,0.3564814814814814,0.6359375,0.4833333333333333,Town07,night,59,360,18.0,1080,1920,50
videos/rear-end/Town07_rear-end_rain_01_aug2.mp4,video_annotations/Town07_rear-end_rain_01.json.gz,rear-end,7.55,151,0.53359375,0.7962962962962963,0.4848958333333333,0.6388888888888888,0.5822916666666667,0.9537037037037036,Town07,rain,1,239,11.95,1080,1920,82
videos/rear-end/Town07_rear-end_rain_03_aug2.mp4,video_annotations/Town07_rear-end_rain_03.json.gz,rear-end,9.4,188,0.5354166666666667,0.4180555555555555,0.4609375,0.3472222222222222,0.6098958333333333,0.4888888888888889,Town07,rain,3,274,13.7,1080,1920,51
videos/rear-end/Town07_rear-end_rain_05_aug2.mp4,video_annotations/Town07_rear-end_rain_05.json.gz,rear-end,6.7,134,0.5919270833333333,0.5648148148148148,0.5213541666666667,0.5148148148148148,0.6625,0.6148148148148148,Town07,rain,5,261,13.05,1080,1920,94
videos/rear-end/Town07_rear-end_rain_07_aug2.mp4,video_annotations/Town07_rear-end_rain_07.json.gz,rear-end,7.1,142,0.5192708333333333,0.5824074074074074,0.4828125,0.4787037037037037,0.5557291666666667,0.6861111111111111,Town07,rain,7,305,15.25,1080,1920,88
videos/rear-end/Town07_rear-end_rain_09_aug2.mp4,video_annotations/Town07_rear-end_rain_09.json.gz,rear-end,10.25,205,0.5080729166666667,0.2648148148148148,0.465625,0.1444444444444444,0.5505208333333333,0.3851851851851852,Town07,rain,9,333,16.65,1080,1920,27
videos/rear-end/Town07_rear-end_rain_11_aug2.mp4,video_annotations/Town07_rear-end_rain_11.json.gz,rear-end,8.0,160,0.4276041666666667,0.4523148148148148,0.3604166666666666,0.4092592592592592,0.4947916666666667,0.4953703703703703,Town07,rain,11,282,14.1,1080,1920,75
videos/rear-end/Town07_rear-end_rain_13_aug2.mp4,video_annotations/Town07_rear-end_rain_13.json.gz,rear-end,5.35,107,0.384375,0.7518518518518519,0.3046875,0.6129629629629629,0.4640625,0.8907407407407407,Town07,rain,13,204,10.2,1080,1920,143
videos/rear-end/Town07_rear-end_rain_15_aug2.mp4,video_annotations/Town07_rear-end_rain_15.json.gz,rear-end,9.5,190,0.5690104166666666,0.6930555555555555,0.5380208333333333,0.5731481481481482,0.6,0.812962962962963,Town07,rain,15,350,17.5,1080,1920,61
videos/rear-end/Town07_rear-end_rain_17_aug2.mp4,video_annotations/Town07_rear-end_rain_17.json.gz,rear-end,5.95,119,0.6015625,0.5592592592592592,0.5442708333333334,0.4527777777777778,0.6588541666666666,0.6657407407407407,Town07,rain,17,218,10.9,1080,1920,113
videos/rear-end/Town07_rear-end_rain_20_aug2.mp4,video_annotations/Town07_rear-end_rain_20.json.gz,rear-end,8.75,175,0.4778645833333333,0.4777777777777778,0.4177083333333333,0.4101851851851852,0.5380208333333333,0.5453703703703704,Town07,rain,20,245,12.25,1080,1920,66
videos/rear-end/Town07_rear-end_rain_22_aug2.mp4,video_annotations/Town07_rear-end_rain_22.json.gz,rear-end,5.2,104,0.4833333333333333,0.5337962962962963,0.4546875,0.4462962962962963,0.5119791666666667,0.6212962962962963,Town07,rain,22,186,9.3,1080,1920,126
videos/rear-end/Town07_rear-end_rain_24_aug2.mp4,video_annotations/Town07_rear-end_rain_24.json.gz,rear-end,7.85,157,0.5713541666666667,0.474537037037037,0.5223958333333333,0.3648148148148148,0.6203125,0.5842592592592593,Town07,rain,24,281,14.05,1080,1920,78
videos/rear-end/Town07_rear-end_rain_26_aug2.mp4,video_annotations/Town07_rear-end_rain_26.json.gz,rear-end,7.1,142,0.3765625,0.5111111111111111,0.2947916666666667,0.4638888888888889,0.4583333333333333,0.5583333333333333,Town07,rain,26,258,12.9,1080,1920,93
videos/rear-end/Town07_rear-end_rain_28_aug2.mp4,video_annotations/Town07_rear-end_rain_28.json.gz,rear-end,8.6,172,0.3856770833333333,0.7587962962962963,0.3072916666666667,0.662962962962963,0.4640625,0.8546296296296296,Town07,rain,28,278,13.9,1080,1920,63
videos/rear-end/Town07_rear-end_rain_30_aug2.mp4,video_annotations/Town07_rear-end_rain_30.json.gz,rear-end,9.5,190,0.4291666666666666,0.6189814814814815,0.4036458333333333,0.4898148148148148,0.4546875,0.7481481481481481,Town07,rain,30,334,16.7,1080,1920,47
videos/rear-end/Town07_rear-end_rain_32_aug2.mp4,video_annotations/Town07_rear-end_rain_32.json.gz,rear-end,5.7,114,0.5627604166666667,0.4504629629629629,0.4932291666666666,0.3555555555555555,0.6322916666666667,0.5453703703703704,Town07,rain,32,199,9.95,1080,1920,114
videos/rear-end/Town07_rear-end_rain_35_aug2.mp4,video_annotations/Town07_rear-end_rain_35.json.gz,rear-end,9.6,192,0.553125,0.5601851851851852,0.4911458333333333,0.5027777777777778,0.6151041666666667,0.6175925925925926,Town07,rain,35,279,13.95,1080,1920,39
videos/rear-end/Town07_rear-end_rain_37_aug2.mp4,video_annotations/Town07_rear-end_rain_37.json.gz,rear-end,6.55,131,0.5450520833333333,0.6652777777777777,0.5114583333333333,0.5768518518518518,0.5786458333333333,0.7537037037037037,Town07,rain,37,270,13.5,1080,1920,107
videos/rear-end/Town07_rear-end_rain_39_aug2.mp4,video_annotations/Town07_rear-end_rain_39.json.gz,rear-end,5.0,100,0.59140625,0.2884259259259259,0.5505208333333333,0.2018518518518518,0.6322916666666667,0.375,Town07,rain,39,196,9.8,1080,1920,127
videos/rear-end/Town07_rear-end_rain_41_aug2.mp4,video_annotations/Town07_rear-end_rain_41.json.gz,rear-end,9.0,180,0.39140625,0.7055555555555556,0.3203125,0.6648148148148149,0.4625,0.7462962962962963,Town07,rain,41,314,15.7,1080,1920,51
videos/rear-end/Town07_rear-end_rain_44_aug2.mp4,video_annotations/Town07_rear-end_rain_44.json.gz,rear-end,8.0,160,0.5080729166666667,0.5962962962962963,0.4484375,0.4731481481481481,0.5677083333333334,0.7194444444444444,Town07,rain,44,308,15.4,1080,1920,66
videos/rear-end/Town07_rear-end_rain_47_aug2.mp4,video_annotations/Town07_rear-end_rain_47.json.gz,rear-end,5.8,116,0.58125,0.6541666666666667,0.4932291666666666,0.5851851851851851,0.6692708333333334,0.7231481481481481,Town07,rain,47,236,11.8,1080,1920,121
videos/rear-end/Town07_rear-end_rain_49_aug2.mp4,video_annotations/Town07_rear-end_rain_49.json.gz,rear-end,9.2,184,0.4393229166666667,0.3912037037037037,0.3666666666666666,0.3583333333333333,0.5119791666666667,0.424074074074074,Town07,rain,49,265,13.25,1080,1920,46
videos/rear-end/Town07_rear-end_rain_51_aug2.mp4,video_annotations/Town07_rear-end_rain_51.json.gz,rear-end,10.1,202,0.4380208333333333,0.5157407407407407,0.384375,0.4638888888888889,0.4916666666666666,0.5675925925925925,Town07,rain,51,319,15.95,1080,1920,32
videos/rear-end/Town07_rear-end_rain_54_aug2.mp4,video_annotations/Town07_rear-end_rain_54.json.gz,rear-end,7.1,142,0.5861979166666667,0.6430555555555556,0.5421875,0.5916666666666667,0.6302083333333334,0.6944444444444444,Town07,rain,54,290,14.5,1080,1920,92
videos/rear-end/Town07_rear-end_rain_56_aug2.mp4,video_annotations/Town07_rear-end_rain_56.json.gz,rear-end,10.2,204,0.5440104166666667,0.662962962962963,0.484375,0.6185185185185185,0.6036458333333333,0.7074074074074074,Town07,rain,56,314,15.7,1080,1920,33
videos/rear-end/Town07_rear-end_rain_58_aug2.mp4,video_annotations/Town07_rear-end_rain_58.json.gz,rear-end,9.7,194,0.3294270833333333,0.3949074074074074,0.2432291666666666,0.3333333333333333,0.415625,0.4564814814814815,Town07,rain,58,333,16.65,1080,1920,42
videos/rear-end/Town07_rear-end_sunset_00_aug2.mp4,video_annotations/Town07_rear-end_sunset_00.json.gz,rear-end,9.2,184,0.5244791666666667,0.524537037037037,0.4979166666666667,0.3861111111111111,0.5510416666666667,0.662962962962963,Town07,sunset,0,305,15.25,1080,1920,46
videos/rear-end/Town07_rear-end_sunset_02_aug2.mp4,video_annotations/Town07_rear-end_sunset_02.json.gz,rear-end,7.4,148,0.5752604166666667,0.7601851851851852,0.5130208333333334,0.6333333333333333,0.6375,0.8870370370370371,Town07,sunset,2,244,12.2,1080,1920,88
videos/rear-end/Town07_rear-end_sunset_04_aug2.mp4,video_annotations/Town07_rear-end_sunset_04.json.gz,rear-end,8.5,170,0.5489583333333333,0.3666666666666666,0.4651041666666666,0.3166666666666666,0.6328125,0.4166666666666667,Town07,sunset,4,290,14.5,1080,1920,61
videos/rear-end/Town07_rear-end_sunset_06_aug2.mp4,video_annotations/Town07_rear-end_sunset_06.json.gz,rear-end,8.1,162,0.5026041666666666,0.3555555555555555,0.4552083333333333,0.25,0.55,0.4611111111111111,Town07,sunset,6,264,13.2,1080,1920,70
videos/rear-end/Town07_rear-end_sunset_08_aug2.mp4,video_annotations/Town07_rear-end_sunset_08.json.gz,rear-end,8.3,166,0.4208333333333333,0.5319444444444444,0.3885416666666667,0.4351851851851852,0.453125,0.6287037037037037,Town07,sunset,8,274,13.7,1080,1920,64
videos/rear-end/Town07_rear-end_sunset_10_aug2.mp4,video_annotations/Town07_rear-end_sunset_10.json.gz,rear-end,10.15,203,0.5286458333333334,0.2208333333333333,0.4760416666666666,0.1157407407407407,0.58125,0.3259259259259259,Town07,sunset,10,290,14.5,1080,1920,28
videos/rear-end/Town07_rear-end_sunset_12_aug2.mp4,video_annotations/Town07_rear-end_sunset_12.json.gz,rear-end,10.65,213,0.4130208333333333,0.6703703703703704,0.3109375,0.5898148148148148,0.5151041666666667,0.7509259259259259,Town07,sunset,12,314,15.7,1080,1920,23
videos/rear-end/Town07_rear-end_sunset_14_aug2.mp4,video_annotations/Town07_rear-end_sunset_14.json.gz,rear-end,6.5,130,0.4307291666666666,0.7939814814814815,0.3838541666666666,0.6675925925925926,0.4776041666666666,0.9203703703703704,Town07,sunset,14,265,13.25,1080,1920,107
videos/rear-end/Town07_rear-end_sunset_17_aug2.mp4,video_annotations/Town07_rear-end_sunset_17.json.gz,rear-end,7.05,141,0.59453125,0.562037037037037,0.534375,0.4425925925925926,0.6546875,0.6814814814814815,Town07,sunset,17,286,14.3,1080,1920,91
videos/rear-end/Town07_rear-end_sunset_19_aug2.mp4,video_annotations/Town07_rear-end_sunset_19.json.gz,rear-end,9.5,190,0.53984375,0.4185185185185185,0.4598958333333333,0.3824074074074074,0.6197916666666666,0.4546296296296296,Town07,sunset,19,327,16.35,1080,1920,42
videos/rear-end/Town07_rear-end_sunset_21_aug2.mp4,video_annotations/Town07_rear-end_sunset_21.json.gz,rear-end,9.45,189,0.5,0.3847222222222222,0.4536458333333333,0.312037037037037,0.5463541666666667,0.4574074074074074,Town07,sunset,21,342,17.1,1080,1920,38
videos/rear-end/Town07_rear-end_sunset_23_aug2.mp4,video_annotations/Town07_rear-end_sunset_23.json.gz,rear-end,4.85,97,0.5528645833333333,0.5861111111111111,0.5380208333333333,0.5111111111111111,0.5677083333333334,0.6611111111111111,Town07,sunset,23,166,8.3,1080,1920,139
videos/rear-end/Town07_rear-end_sunset_25_aug2.mp4,video_annotations/Town07_rear-end_sunset_25.json.gz,rear-end,9.7,194,0.4041666666666667,0.3129629629629629,0.3171875,0.212037037037037,0.4911458333333333,0.4138888888888888,Town07,sunset,25,327,16.35,1080,1920,36
videos/rear-end/Town07_rear-end_sunset_27_aug2.mp4,video_annotations/Town07_rear-end_sunset_27.json.gz,rear-end,5.5,110,0.4479166666666667,0.774537037037037,0.3864583333333333,0.7194444444444444,0.509375,0.8296296296296296,Town07,sunset,27,208,10.4,1080,1920,125
videos/rear-end/Town07_rear-end_sunset_29_aug2.mp4,video_annotations/Town07_rear-end_sunset_29.json.gz,rear-end,5.55,111,0.5174479166666667,0.6393518518518518,0.4625,0.5388888888888889,0.5723958333333333,0.7398148148148148,Town07,sunset,29,229,11.45,1080,1920,120
videos/rear-end/Town07_rear-end_sunset_31_aug2.mp4,video_annotations/Town07_rear-end_sunset_31.json.gz,rear-end,6.7,134,0.5924479166666666,0.499537037037037,0.5354166666666667,0.3361111111111111,0.6494791666666667,0.662962962962963,Town07,sunset,31,282,14.1,1080,1920,92
videos/rear-end/Town07_rear-end_sunset_33_aug2.mp4,video_annotations/Town07_rear-end_sunset_33.json.gz,rear-end,9.2,184,0.659375,0.5171296296296296,0.559375,0.4175925925925925,0.759375,0.6166666666666667,Town07,sunset,33,259,12.95,1080,1920,50
videos/rear-end/Town07_rear-end_sunset_35_aug2.mp4,video_annotations/Town07_rear-end_sunset_35.json.gz,rear-end,9.1,182,0.565625,0.5532407407407407,0.5067708333333333,0.5,0.6244791666666667,0.6064814814814815,Town07,sunset,35,261,13.05,1080,1920,56
videos/rear-end/Town07_rear-end_sunset_37_aug2.mp4,video_annotations/Town07_rear-end_sunset_37.json.gz,rear-end,7.8,156,0.5604166666666667,0.6194444444444445,0.5291666666666667,0.5518518518518518,0.5916666666666667,0.687037037037037,Town07,sunset,37,221,11.05,1080,1920,77
videos/rear-end/Town07_rear-end_sunset_39_aug2.mp4,video_annotations/Town07_rear-end_sunset_39.json.gz,rear-end,6.3,126,0.5713541666666667,0.2949074074074074,0.5265625,0.2064814814814815,0.6161458333333333,0.3833333333333333,Town07,sunset,39,246,12.3,1080,1920,99
videos/rear-end/Town07_rear-end_sunset_41_aug2.mp4,video_annotations/Town07_rear-end_sunset_41.json.gz,rear-end,8.6,172,0.3638020833333333,0.7148148148148148,0.2927083333333333,0.675,0.4348958333333333,0.7546296296296297,Town07,sunset,41,238,11.9,1080,1920,58
videos/rear-end/Town07_rear-end_sunset_43_aug2.mp4,video_annotations/Town07_rear-end_sunset_43.json.gz,rear-end,6.7,134,0.390625,0.5925925925925926,0.3,0.4768518518518518,0.48125,0.7083333333333334,Town07,sunset,43,261,13.05,1080,1920,107
videos/rear-end/Town07_rear-end_sunset_45_aug2.mp4,video_annotations/Town07_rear-end_sunset_45.json.gz,rear-end,8.95,179,0.5091145833333334,0.3819444444444444,0.4833333333333333,0.2981481481481481,0.5348958333333333,0.4657407407407407,Town07,sunset,45,305,15.25,1080,1920,51
videos/rear-end/Town07_rear-end_sunset_47_aug2.mp4,video_annotations/Town07_rear-end_sunset_47.json.gz,rear-end,6.45,129,0.5885416666666666,0.6601851851851852,0.5057291666666667,0.5907407407407408,0.6713541666666667,0.7296296296296296,Town07,sunset,47,269,13.45,1080,1920,105
videos/rear-end/Town07_rear-end_sunset_51_aug2.mp4,video_annotations/Town07_rear-end_sunset_51.json.gz,rear-end,6.85,137,0.40703125,0.524537037037037,0.3609375,0.4833333333333333,0.453125,0.5657407407407408,Town07,sunset,51,256,12.8,1080,1920,96
videos/rear-end/Town07_rear-end_sunset_53_aug2.mp4,video_annotations/Town07_rear-end_sunset_53.json.gz,rear-end,10.15,203,0.5890625,0.5365740740740741,0.5671875,0.487037037037037,0.6109375,0.5861111111111111,Town07,sunset,53,310,15.5,1080,1920,35
videos/rear-end/Town07_rear-end_sunset_55_aug2.mp4,video_annotations/Town07_rear-end_sunset_55.json.gz,rear-end,8.8,176,0.3877604166666666,0.3694444444444444,0.3317708333333333,0.3314814814814815,0.44375,0.4074074074074074,Town07,sunset,55,259,12.95,1080,1920,75
videos/rear-end/Town07_rear-end_sunset_57_aug2.mp4,video_annotations/Town07_rear-end_sunset_57.json.gz,rear-end,7.6,152,0.49609375,0.4550925925925926,0.421875,0.4175925925925925,0.5703125,0.4925925925925926,Town07,sunset,57,267,13.35,1080,1920,86
videos/rear-end/Town07_rear-end_sunset_59_aug2.mp4,video_annotations/Town07_rear-end_sunset_59.json.gz,rear-end,3.75,75,0.5510416666666667,0.4018518518518518,0.4609375,0.299074074074074,0.6411458333333333,0.5046296296296297,Town07,sunset,59,167,8.35,1080,1920,151
videos/rear-end/Town07_rear-end_wet_01_aug2.mp4,video_annotations/Town07_rear-end_wet_01.json.gz,rear-end,8.2,164,0.5361979166666667,0.7953703703703704,0.4927083333333333,0.649074074074074,0.5796875,0.9416666666666668,Town07,wet,1,262,13.1,1080,1920,63
videos/rear-end/Town07_rear-end_wet_03_aug2.mp4,video_annotations/Town07_rear-end_wet_03.json.gz,rear-end,9.55,191,0.5302083333333333,0.425,0.459375,0.3564814814814814,0.6010416666666667,0.4935185185185185,Town07,wet,3,300,15.0,1080,1920,45
videos/rear-end/Town07_rear-end_wet_05_aug2.mp4,video_annotations/Town07_rear-end_wet_05.json.gz,rear-end,8.9,178,0.6057291666666667,0.5662037037037037,0.5369791666666667,0.525,0.6744791666666666,0.6074074074074074,Town07,wet,5,318,15.9,1080,1920,52
videos/rear-end/Town07_rear-end_wet_07_aug2.mp4,video_annotations/Town07_rear-end_wet_07.json.gz,rear-end,3.05,61,0.5111979166666667,0.6310185185185185,0.4760416666666666,0.525,0.5463541666666667,0.737037037037037,Town07,wet,7,218,10.9,1080,1920,173
videos/rear-end/Town07_rear-end_wet_10_aug2.mp4,video_annotations/Town07_rear-end_wet_10.json.gz,rear-end,9.6,192,0.52265625,0.199074074074074,0.4666666666666667,0.0842592592592592,0.5786458333333333,0.3138888888888889,Town07,wet,10,282,14.1,1080,1920,48
videos/rear-end/Town07_rear-end_wet_12_aug2.mp4,video_annotations/Town07_rear-end_wet_12.json.gz,rear-end,6.65,133,0.4322916666666667,0.6912037037037037,0.3541666666666667,0.6287037037037037,0.5104166666666666,0.7537037037037037,Town07,wet,12,286,14.3,1080,1920,101
videos/rear-end/Town07_rear-end_wet_15_aug2.mp4,video_annotations/Town07_rear-end_wet_15.json.gz,rear-end,6.5,130,0.559375,0.6731481481481482,0.5203125,0.4898148148148148,0.5984375,0.8564814814814815,Town07,wet,15,237,11.85,1080,1920,111
videos/rear-end/Town07_rear-end_wet_17_aug2.mp4,video_annotations/Town07_rear-end_wet_17.json.gz,rear-end,8.3,166,0.6013020833333333,0.5842592592592593,0.5395833333333333,0.4666666666666667,0.6630208333333333,0.7018518518518518,Town07,wet,17,319,15.95,1080,1920,67
videos/rear-end/Town07_rear-end_wet_20_aug2.mp4,video_annotations/Town07_rear-end_wet_20.json.gz,rear-end,8.15,163,0.49296875,0.4328703703703703,0.4234375,0.3592592592592593,0.5625,0.5064814814814815,Town07,wet,20,257,12.85,1080,1920,75
videos/rear-end/Town07_rear-end_wet_22_aug2.mp4,video_annotations/Town07_rear-end_wet_22.json.gz,rear-end,8.75,175,0.4544270833333333,0.6032407407407407,0.4302083333333333,0.5324074074074074,0.4786458333333333,0.674074074074074,Town07,wet,22,264,13.2,1080,1920,61
videos/rear-end/Town07_rear-end_wet_24_aug2.mp4,video_annotations/Town07_rear-end_wet_24.json.gz,rear-end,10.0,200,0.5671875,0.4236111111111111,0.5265625,0.3138888888888889,0.6078125,0.5333333333333333,Town07,wet,24,290,14.5,1080,1920,41
videos/rear-end/Town07_rear-end_wet_26_aug2.mp4,video_annotations/Town07_rear-end_wet_26.json.gz,rear-end,8.7,174,0.3453125,0.524537037037037,0.2614583333333333,0.4768518518518518,0.4291666666666666,0.5722222222222222,Town07,wet,26,288,14.4,1080,1920,57
videos/rear-end/Town07_rear-end_wet_28_aug2.mp4,video_annotations/Town07_rear-end_wet_28.json.gz,rear-end,9.6,192,0.3815104166666667,0.749537037037037,0.30625,0.6555555555555556,0.4567708333333333,0.8435185185185186,Town07,wet,28,281,14.05,1080,1920,42
videos/rear-end/Town07_rear-end_wet_30_aug2.mp4,video_annotations/Town07_rear-end_wet_30.json.gz,rear-end,8.85,177,0.4247395833333333,0.6231481481481481,0.4,0.4981481481481482,0.4494791666666666,0.7481481481481481,Town07,wet,30,310,15.5,1080,1920,54
videos/rear-end/Town07_rear-end_wet_33_aug2.mp4,video_annotations/Town07_rear-end_wet_33.json.gz,rear-end,7.5,150,0.6583333333333333,0.575462962962963,0.5541666666666667,0.4629629629629629,0.7625,0.687962962962963,Town07,wet,33,289,14.45,1080,1920,82
videos/rear-end/Town07_rear-end_wet_35_aug2.mp4,video_annotations/Town07_rear-end_wet_35.json.gz,rear-end,8.65,173,0.5541666666666667,0.5148148148148148,0.4921875,0.462037037037037,0.6161458333333333,0.5675925925925925,Town07,wet,35,261,13.05,1080,1920,56
videos/rear-end/Town07_rear-end_wet_37_aug2.mp4,video_annotations/Town07_rear-end_wet_37.json.gz,rear-end,7.6,152,0.5229166666666667,0.6532407407407408,0.4901041666666667,0.5805555555555556,0.5557291666666667,0.725925925925926,Town07,wet,37,240,12.0,1080,1920,77
videos/rear-end/Town07_rear-end_wet_39_aug2.mp4,video_annotations/Town07_rear-end_wet_39.json.gz,rear-end,6.65,133,0.5614583333333333,0.2694444444444444,0.5208333333333334,0.1861111111111111,0.6020833333333333,0.3527777777777778,Town07,wet,39,246,12.3,1080,1920,94
videos/rear-end/Town07_rear-end_wet_41_aug2.mp4,video_annotations/Town07_rear-end_wet_41.json.gz,rear-end,8.5,170,0.4013020833333333,0.7467592592592592,0.3338541666666667,0.7,0.46875,0.7935185185185185,Town07,wet,41,229,11.45,1080,1920,64
videos/rear-end/Town07_rear-end_wet_43_aug2.mp4,video_annotations/Town07_rear-end_wet_43.json.gz,rear-end,7.45,149,0.3895833333333333,0.5592592592592592,0.29375,0.437037037037037,0.4854166666666666,0.6814814814814815,Town07,wet,43,253,12.65,1080,1920,74
videos/rear-end/Town07_rear-end_wet_45_aug2.mp4,video_annotations/Town07_rear-end_wet_45.json.gz,rear-end,9.95,199,0.5263020833333333,0.3833333333333333,0.4984375,0.3101851851851852,0.5541666666666667,0.4564814814814815,Town07,wet,45,276,13.8,1080,1920,40
videos/rear-end/Town07_rear-end_wet_47_aug2.mp4,video_annotations/Town07_rear-end_wet_47.json.gz,rear-end,9.1,182,0.6432291666666666,0.7134259259259259,0.5479166666666667,0.6361111111111111,0.7385416666666667,0.7907407407407407,Town07,wet,47,307,15.35,1080,1920,48
videos/rear-end/Town07_rear-end_wet_49_aug2.mp4,video_annotations/Town07_rear-end_wet_49.json.gz,rear-end,7.85,157,0.4705729166666667,0.4027777777777778,0.3942708333333333,0.3555555555555555,0.546875,0.45,Town07,wet,49,283,14.15,1080,1920,82
videos/rear-end/Town07_rear-end_wet_51_aug2.mp4,video_annotations/Town07_rear-end_wet_51.json.gz,rear-end,7.95,159,0.41875,0.5365740740740741,0.3697916666666667,0.4925925925925926,0.4677083333333333,0.5805555555555556,Town07,wet,51,232,11.6,1080,1920,74
videos/rear-end/Town07_rear-end_wet_54_aug2.mp4,video_annotations/Town07_rear-end_wet_54.json.gz,rear-end,8.85,177,0.6091145833333333,0.6263888888888889,0.5619791666666667,0.5768518518518518,0.65625,0.6759259259259259,Town07,wet,54,291,14.55,1080,1920,53
videos/rear-end/Town07_rear-end_wet_57_aug2.mp4,video_annotations/Town07_rear-end_wet_57.json.gz,rear-end,6.35,127,0.5067708333333333,0.4550925925925926,0.4302083333333333,0.4231481481481481,0.5833333333333334,0.487037037037037,Town07,wet,57,199,9.95,1080,1920,106
videos/rear-end/Town07_rear-end_wet_59_aug2.mp4,video_annotations/Town07_rear-end_wet_59.json.gz,rear-end,6.7,134,0.5872395833333334,0.4425925925925926,0.525,0.3851851851851852,0.6494791666666667,0.5,Town07,wet,59,250,12.5,1080,1920,96
videos/sideswipe/Town04_sideswipe_clear_02_aug2.mp4,video_annotations/Town04_sideswipe_clear_02.json.gz,sideswipe,11.0,220,0.4684895833333333,0.4319444444444444,0.4276041666666667,0.3879629629629629,0.509375,0.4759259259259259,Town04,clear,2,381,19.05,1080,1920,57
videos/sideswipe/Town04_sideswipe_clear_05_aug2.mp4,video_annotations/Town04_sideswipe_clear_05.json.gz,sideswipe,10.65,213,0.30859375,0.35,0.2760416666666667,0.2527777777777777,0.3411458333333333,0.4472222222222222,Town04,clear,5,382,19.1,1080,1920,67
videos/sideswipe/Town04_sideswipe_clear_08_aug2.mp4,video_annotations/Town04_sideswipe_clear_08.json.gz,sideswipe,11.7,234,0.4432291666666667,0.9402777777777778,0.3677083333333333,0.8814814814814815,0.51875,0.999074074074074,Town04,clear,8,456,22.8,1080,1920,49
videos/sideswipe/Town04_sideswipe_clear_10_aug2.mp4,video_annotations/Town04_sideswipe_clear_10.json.gz,sideswipe,10.9,218,0.5888020833333333,0.8222222222222222,0.5354166666666667,0.7231481481481481,0.6421875,0.9212962962962964,Town04,clear,10,428,21.4,1080,1920,65
videos/sideswipe/Town04_sideswipe_clear_12_aug2.mp4,video_annotations/Town04_sideswipe_clear_12.json.gz,sideswipe,8.1,162,0.659375,0.4337962962962963,0.6182291666666667,0.3759259259259259,0.7005208333333334,0.4916666666666666,Town04,clear,12,248,12.4,1080,1920,117
videos/sideswipe/Town04_sideswipe_clear_14_aug2.mp4,video_annotations/Town04_sideswipe_clear_14.json.gz,sideswipe,11.15,223,0.5643229166666667,0.4310185185185185,0.521875,0.3731481481481482,0.6067708333333334,0.4888888888888889,Town04,clear,14,420,21.0,1080,1920,56
videos/sideswipe/Town04_sideswipe_clear_19_aug2.mp4,video_annotations/Town04_sideswipe_clear_19.json.gz,sideswipe,6.85,137,0.4375,0.1967592592592592,0.4052083333333333,0.1435185185185185,0.4697916666666666,0.25,Town04,clear,19,305,15.25,1080,1920,140
videos/sideswipe/Town04_sideswipe_clear_22_aug2.mp4,video_annotations/Town04_sideswipe_clear_22.json.gz,sideswipe,11.95,239,0.4028645833333333,0.6300925925925925,0.3552083333333333,0.5611111111111111,0.4505208333333333,0.6990740740740741,Town04,clear,22,454,22.7,1080,1920,39
videos/sideswipe/Town04_sideswipe_clear_24_aug2.mp4,video_annotations/Town04_sideswipe_clear_24.json.gz,sideswipe,7.75,155,0.5515625,0.700462962962963,0.5036458333333333,0.6157407407407407,0.5994791666666667,0.7851851851851852,Town04,clear,24,302,15.1,1080,1920,123
videos/sideswipe/Town04_sideswipe_clear_27_aug2.mp4,video_annotations/Town04_sideswipe_clear_27.json.gz,sideswipe,8.2,164,0.67734375,0.6995370370370371,0.634375,0.6240740740740741,0.7203125,0.775,Town04,clear,27,294,14.7,1080,1920,119
videos/sideswipe/Town04_sideswipe_clear_32_aug2.mp4,video_annotations/Town04_sideswipe_clear_32.json.gz,sideswipe,11.65,233,0.41796875,0.1768518518518518,0.3911458333333333,0.1342592592592592,0.4447916666666666,0.2194444444444444,Town04,clear,32,385,19.25,1080,1920,46
videos/sideswipe/Town04_sideswipe_clear_36_aug2.mp4,video_annotations/Town04_sideswipe_clear_36.json.gz,sideswipe,10.6,212,0.3609375,0.3958333333333333,0.325,0.3361111111111111,0.396875,0.4555555555555555,Town04,clear,36,338,16.9,1080,1920,69
videos/sideswipe/Town04_sideswipe_clear_41_aug2.mp4,video_annotations/Town04_sideswipe_clear_41.json.gz,sideswipe,8.5,170,0.26328125,0.225,0.2265625,0.2009259259259259,0.3,0.2490740740740741,Town04,clear,41,327,16.35,1080,1920,107
videos/sideswipe/Town04_sideswipe_clear_45_aug2.mp4,video_annotations/Town04_sideswipe_clear_45.json.gz,sideswipe,7.75,155,0.5817708333333333,0.3981481481481481,0.5447916666666667,0.3648148148148148,0.61875,0.4314814814814814,Town04,clear,45,239,11.95,1080,1920,124
videos/sideswipe/Town04_sideswipe_night_02_aug2.mp4,video_annotations/Town04_sideswipe_night_02.json.gz,sideswipe,9.3,186,0.4708333333333333,0.4226851851851851,0.4348958333333333,0.3833333333333333,0.5067708333333333,0.462037037037037,Town04,night,2,451,22.55,1080,1920,97
videos/sideswipe/Town04_sideswipe_night_05_aug2.mp4,video_annotations/Town04_sideswipe_night_05.json.gz,sideswipe,9.2,184,0.29921875,0.35,0.259375,0.2888888888888888,0.3390625,0.4111111111111111,Town04,night,5,437,21.85,1080,1920,94
videos/sideswipe/Town04_sideswipe_night_11_aug2.mp4,video_annotations/Town04_sideswipe_night_11.json.gz,sideswipe,9.95,199,0.6395833333333333,0.462037037037037,0.5989583333333334,0.3583333333333333,0.6802083333333333,0.5657407407407408,Town04,night,11,456,22.8,1080,1920,79
videos/sideswipe/Town04_sideswipe_night_14_aug2.mp4,video_annotations/Town04_sideswipe_night_14.json.gz,sideswipe,10.35,207,0.5778645833333333,0.4722222222222222,0.54375,0.4194444444444444,0.6119791666666666,0.525,Town04,night,14,393,19.65,1080,1920,71
videos/sideswipe/Town04_sideswipe_night_16_aug2.mp4,video_annotations/Town04_sideswipe_night_16.json.gz,sideswipe,9.95,199,0.48671875,0.0282407407407407,0.4432291666666667,0.0,0.5302083333333333,0.0564814814814814,Town04,night,16,496,24.8,1080,1920,77
videos/sideswipe/Town04_sideswipe_night_19_aug2.mp4,video_annotations/Town04_sideswipe_night_19.json.gz,sideswipe,11.65,233,0.425,0.1986111111111111,0.3932291666666667,0.1462962962962962,0.4567708333333333,0.2509259259259259,Town04,night,19,487,24.35,1080,1920,44
videos/sideswipe/Town04_sideswipe_night_21_aug2.mp4,video_annotations/Town04_sideswipe_night_21.json.gz,sideswipe,12.6,252,0.3002604166666666,0.4412037037037037,0.2578125,0.375,0.3427083333333333,0.5074074074074074,Town04,night,21,514,25.7,1080,1920,27
videos/sideswipe/Town04_sideswipe_night_23_aug2.mp4,video_annotations/Town04_sideswipe_night_23.json.gz,sideswipe,11.9,238,0.3947916666666666,0.6791666666666667,0.3052083333333333,0.587037037037037,0.484375,0.7712962962962963,Town04,night,23,447,22.35,1080,1920,46
videos/sideswipe/Town04_sideswipe_night_28_aug2.mp4,video_annotations/Town04_sideswipe_night_28.json.gz,sideswipe,7.55,151,0.67578125,0.1944444444444444,0.6364583333333333,0.1194444444444444,0.7151041666666667,0.2694444444444444,Town04,night,28,386,19.3,1080,1920,124
videos/sideswipe/Town04_sideswipe_night_30_aug2.mp4,video_annotations/Town04_sideswipe_night_30.json.gz,sideswipe,5.15,103,0.49609375,0.2916666666666667,0.4583333333333333,0.262037037037037,0.5338541666666666,0.3212962962962963,Town04,night,30,393,19.65,1080,1920,175
videos/sideswipe/Town04_sideswipe_night_34_aug2.mp4,video_annotations/Town04_sideswipe_night_34.json.gz,sideswipe,10.3,206,0.2809895833333333,0.474537037037037,0.2515625,0.4416666666666666,0.3104166666666667,0.5074074074074074,Town04,night,34,373,18.65,1080,1920,71
videos/sideswipe/Town04_sideswipe_night_39_aug2.mp4,video_annotations/Town04_sideswipe_night_39.json.gz,sideswipe,11.55,231,0.4783854166666667,0.9050925925925926,0.4,0.8111111111111111,0.5567708333333333,0.999074074074074,Town04,night,39,425,21.25,1080,1920,51
videos/sideswipe/Town04_sideswipe_night_41_aug2.mp4,video_annotations/Town04_sideswipe_night_41.json.gz,sideswipe,8.75,175,0.2846354166666666,0.2310185185185185,0.2515625,0.2,0.3177083333333333,0.262037037037037,Town04,night,41,314,15.7,1080,1920,103
videos/sideswipe/Town04_sideswipe_night_43_aug2.mp4,video_annotations/Town04_sideswipe_night_43.json.gz,sideswipe,10.1,202,0.2359375,0.4722222222222222,0.1984375,0.4416666666666666,0.2734375,0.5027777777777778,Town04,night,43,326,16.3,1080,1920,74
videos/sideswipe/Town04_sideswipe_night_45_aug2.mp4,video_annotations/Town04_sideswipe_night_45.json.gz,sideswipe,9.15,183,0.60234375,0.4101851851851852,0.5635416666666667,0.3787037037037037,0.6411458333333333,0.4416666666666666,Town04,night,45,399,19.95,1080,1920,96
videos/sideswipe/Town04_sideswipe_rain_02_aug2.mp4,video_annotations/Town04_sideswipe_rain_02.json.gz,sideswipe,10.9,218,0.4479166666666667,0.462037037037037,0.415625,0.3935185185185185,0.4802083333333333,0.5305555555555556,Town04,rain,2,307,15.35,1080,1920,75
videos/sideswipe/Town04_sideswipe_rain_05_aug2.mp4,video_annotations/Town04_sideswipe_rain_05.json.gz,sideswipe,10.4,208,0.2822916666666666,0.3310185185185185,0.2416666666666666,0.2601851851851852,0.3229166666666667,0.4018518518518518,Town04,rain,5,457,22.85,1080,1920,69
videos/sideswipe/Town04_sideswipe_rain_10_aug2.mp4,video_annotations/Town04_sideswipe_rain_10.json.gz,sideswipe,10.75,215,0.5888020833333333,0.8578703703703704,0.5489583333333333,0.7583333333333333,0.6286458333333333,0.9574074074074074,Town04,rain,10,375,18.75,1080,1920,65
videos/sideswipe/Town04_sideswipe_rain_16_aug2.mp4,video_annotations/Town04_sideswipe_rain_16.json.gz,sideswipe,7.0,140,0.4877604166666666,0.0314814814814814,0.4510416666666667,0.0,0.5244791666666667,0.0629629629629629,Town04,rain,16,360,18.0,1080,1920,139
videos/sideswipe/Town04_sideswipe_rain_19_aug2.mp4,video_annotations/Town04_sideswipe_rain_19.json.gz,sideswipe,8.45,169,0.41640625,0.2546296296296296,0.3864583333333333,0.199074074074074,0.4463541666666666,0.3101851851851852,Town04,rain,19,397,19.85,1080,1920,107
videos/sideswipe/Town04_sideswipe_rain_21_aug2.mp4,video_annotations/Town04_sideswipe_rain_21.json.gz,sideswipe,7.15,143,0.3041666666666666,0.4222222222222222,0.2682291666666667,0.3462962962962962,0.3401041666666666,0.4981481481481482,Town04,rain,21,314,15.7,1080,1920,138
videos/sideswipe/Town04_sideswipe_rain_23_aug2.mp4,video_annotations/Town04_sideswipe_rain_23.json.gz,sideswipe,10.2,204,0.3869791666666666,0.7143518518518519,0.3265625,0.6064814814814815,0.4473958333333333,0.8222222222222222,Town04,rain,23,287,14.35,1080,1920,73
videos/sideswipe/Town04_sideswipe_rain_28_aug2.mp4,video_annotations/Town04_sideswipe_rain_28.json.gz,sideswipe,8.85,177,0.67265625,0.1625,0.61875,0.074074074074074,0.7265625,0.2509259259259259,Town04,rain,28,412,20.6,1080,1920,102
videos/sideswipe/Town04_sideswipe_rain_33_aug2.mp4,video_annotations/Town04_sideswipe_rain_33.json.gz,sideswipe,5.9,118,0.4255208333333333,0.5185185185185185,0.3854166666666667,0.475,0.465625,0.562037037037037,Town04,rain,33,283,14.15,1080,1920,164
videos/sideswipe/Town04_sideswipe_rain_35_aug2.mp4,video_annotations/Town04_sideswipe_rain_35.json.gz,sideswipe,9.65,193,0.3080729166666666,0.6824074074074075,0.2760416666666667,0.6351851851851852,0.3401041666666666,0.7296296296296296,Town04,rain,35,322,16.1,1080,1920,85
videos/sideswipe/Town04_sideswipe_rain_39_aug2.mp4,video_annotations/Town04_sideswipe_rain_39.json.gz,sideswipe,6.85,137,0.4463541666666666,0.8342592592592593,0.3671875,0.7314814814814815,0.5255208333333333,0.937037037037037,Town04,rain,39,296,14.8,1080,1920,140
videos/sideswipe/Town04_sideswipe_rain_42_aug2.mp4,video_annotations/Town04_sideswipe_rain_42.json.gz,sideswipe,8.8,176,0.3302083333333333,0.1476851851851852,0.2963541666666666,0.1166666666666666,0.3640625,0.1787037037037037,Town04,rain,42,315,15.75,1080,1920,103
videos/sideswipe/Town04_sideswipe_rain_46_aug2.mp4,video_annotations/Town04_sideswipe_rain_46.json.gz,sideswipe,10.65,213,0.8364583333333333,0.5824074074074074,0.7744791666666667,0.537962962962963,0.8984375,0.6268518518518519,Town04,rain,46,394,19.7,1080,1920,65
videos/sideswipe/Town04_sideswipe_sunset_01_aug2.mp4,video_annotations/Town04_sideswipe_sunset_01.json.gz,sideswipe,9.65,193,0.5411458333333333,0.1296296296296296,0.5072916666666667,0.0638888888888888,0.575,0.1953703703703703,Town04,sunset,1,400,20.0,1080,1920,86
videos/sideswipe/Town04_sideswipe_sunset_05_aug2.mp4,video_annotations/Town04_sideswipe_sunset_05.json.gz,sideswipe,8.95,179,0.30234375,0.3296296296296296,0.2541666666666666,0.2657407407407407,0.3505208333333333,0.3935185185185185,Town04,sunset,5,368,18.4,1080,1920,98
videos/sideswipe/Town04_sideswipe_sunset_10_aug2.mp4,video_annotations/Town04_sideswipe_sunset_10.json.gz,sideswipe,9.7,194,0.5765625,0.8064814814814815,0.5364583333333334,0.7055555555555556,0.6166666666666667,0.9074074074074074,Town04,sunset,10,407,20.35,1080,1920,81
videos/sideswipe/Town04_sideswipe_sunset_12_aug2.mp4,video_annotations/Town04_sideswipe_sunset_12.json.gz,sideswipe,8.85,177,0.6697916666666667,0.449537037037037,0.6338541666666667,0.362962962962963,0.7057291666666666,0.5361111111111111,Town04,sunset,12,299,14.95,1080,1920,102
videos/sideswipe/Town04_sideswipe_sunset_14_aug2.mp4,video_annotations/Town04_sideswipe_sunset_14.json.gz,sideswipe,11.85,237,0.5549479166666667,0.4412037037037037,0.5125,0.3833333333333333,0.5973958333333333,0.499074074074074,Town04,sunset,14,375,18.75,1080,1920,41
videos/sideswipe/Town04_sideswipe_sunset_17_aug2.mp4,video_annotations/Town04_sideswipe_sunset_17.json.gz,sideswipe,12.25,245,0.3580729166666667,0.1962962962962963,0.3083333333333333,0.1342592592592592,0.4078125,0.2583333333333333,Town04,sunset,17,382,19.1,1080,1920,38
videos/sideswipe/Town04_sideswipe_sunset_19_aug2.mp4,video_annotations/Town04_sideswipe_sunset_19.json.gz,sideswipe,10.95,219,0.4416666666666666,0.2009259259259259,0.4026041666666666,0.1444444444444444,0.4807291666666666,0.2574074074074074,Town04,sunset,19,393,19.65,1080,1920,59
videos/sideswipe/Town04_sideswipe_sunset_21_aug2.mp4,video_annotations/Town04_sideswipe_sunset_21.json.gz,sideswipe,7.95,159,0.3049479166666666,0.4125,0.2489583333333333,0.3583333333333333,0.3609375,0.4666666666666667,Town04,sunset,21,335,16.75,1080,1920,122
videos/sideswipe/Town04_sideswipe_sunset_25_aug2.mp4,video_annotations/Town04_sideswipe_sunset_25.json.gz,sideswipe,11.95,239,0.5453125,0.8476851851851852,0.4932291666666666,0.7518518518518519,0.5973958333333333,0.9435185185185184,Town04,sunset,25,348,17.4,1080,1920,36
videos/sideswipe/Town04_sideswipe_sunset_29_aug2.mp4,video_annotations/Town04_sideswipe_sunset_29.json.gz,sideswipe,11.1,222,0.5515625,0.4222222222222222,0.5145833333333333,0.3851851851851852,0.5885416666666666,0.4592592592592592,Town04,sunset,29,379,18.95,1080,1920,58
videos/sideswipe/Town04_sideswipe_sunset_31_aug2.mp4,video_annotations/Town04_sideswipe_sunset_31.json.gz,sideswipe,4.0,80,0.5174479166666667,0.0467592592592592,0.4869791666666667,0.0166666666666666,0.5479166666666667,0.0768518518518518,Town04,sunset,31,283,14.15,1080,1920,199
videos/sideswipe/Town04_sideswipe_sunset_34_aug2.mp4,video_annotations/Town04_sideswipe_sunset_34.json.gz,sideswipe,10.4,208,0.2869791666666667,0.4449074074074074,0.2572916666666666,0.412962962962963,0.3166666666666666,0.4768518518518518,Town04,sunset,34,334,16.7,1080,1920,68
videos/sideswipe/Town04_sideswipe_sunset_39_aug2.mp4,video_annotations/Town04_sideswipe_sunset_39.json.gz,sideswipe,7.9,158,0.4625,0.8449074074074074,0.3854166666666667,0.7462962962962963,0.5395833333333333,0.9435185185185184,Town04,sunset,39,279,13.95,1080,1920,120
videos/sideswipe/Town04_sideswipe_sunset_41_aug2.mp4,video_annotations/Town04_sideswipe_sunset_41.json.gz,sideswipe,11.5,230,0.27734375,0.1875,0.2395833333333333,0.1611111111111111,0.3151041666666667,0.2138888888888888,Town04,sunset,41,397,19.85,1080,1920,46
videos/sideswipe/Town04_sideswipe_sunset_43_aug2.mp4,video_annotations/Town04_sideswipe_sunset_43.json.gz,sideswipe,10.1,202,0.21875,0.4819444444444444,0.1854166666666666,0.4509259259259259,0.2520833333333333,0.512962962962963,Town04,sunset,43,311,15.55,1080,1920,74
videos/sideswipe/Town04_sideswipe_wet_00_aug2.mp4,video_annotations/Town04_sideswipe_wet_00.json.gz,sideswipe,12.15,243,0.496875,0.0462962962962962,0.4447916666666666,0.0,0.5489583333333333,0.0925925925925925,Town04,wet,0,435,21.75,1080,1920,39
videos/sideswipe/Town04_sideswipe_wet_03_aug2.mp4,video_annotations/Town04_sideswipe_wet_03.json.gz,sideswipe,5.1,102,0.2786458333333333,0.111574074074074,0.2421875,0.0407407407407407,0.3151041666666667,0.1824074074074074,Town04,wet,3,304,15.2,1080,1920,176
videos/sideswipe/Town04_sideswipe_wet_09_aug2.mp4,video_annotations/Town04_sideswipe_wet_09.json.gz,sideswipe,10.9,218,0.48828125,0.5962962962962963,0.4328125,0.5212962962962963,0.54375,0.6712962962962963,Town04,wet,9,337,16.85,1080,1920,56
videos/sideswipe/Town04_sideswipe_wet_11_aug2.mp4,video_annotations/Town04_sideswipe_wet_11.json.gz,sideswipe,7.4,148,0.6627604166666666,0.4902777777777777,0.6255208333333333,0.4296296296296296,0.7,0.5509259259259259,Town04,wet,11,352,17.6,1080,1920,130
videos/sideswipe/Town04_sideswipe_wet_17_aug2.mp4,video_annotations/Town04_sideswipe_wet_17.json.gz,sideswipe,8.9,178,0.3848958333333333,0.2018518518518518,0.3546875,0.1435185185185185,0.4151041666666666,0.2601851851851852,Town04,wet,17,325,16.25,1080,1920,100
videos/sideswipe/Town04_sideswipe_wet_22_aug2.mp4,video_annotations/Town04_sideswipe_wet_22.json.gz,sideswipe,11.85,237,0.3708333333333333,0.6601851851851852,0.3223958333333333,0.5861111111111111,0.4192708333333333,0.7342592592592593,Town04,wet,22,411,20.55,1080,1920,38
videos/sideswipe/Town04_sideswipe_wet_25_aug2.mp4,video_annotations/Town04_sideswipe_wet_25.json.gz,sideswipe,10.15,203,0.5729166666666666,0.8462962962962963,0.5286458333333334,0.7092592592592593,0.6171875,0.9833333333333332,Town04,wet,25,344,17.2,1080,1920,80
videos/sideswipe/Town04_sideswipe_wet_31_aug2.mp4,video_annotations/Town04_sideswipe_wet_31.json.gz,sideswipe,7.4,148,0.5328125,0.0898148148148148,0.503125,0.0518518518518518,0.5625,0.1277777777777777,Town04,wet,31,267,13.35,1080,1920,130
videos/sideswipe/Town04_sideswipe_wet_34_aug2.mp4,video_annotations/Town04_sideswipe_wet_34.json.gz,sideswipe,9.75,195,0.25703125,0.5037037037037037,0.2276041666666666,0.4611111111111111,0.2864583333333333,0.5462962962962963,Town04,wet,34,312,15.6,1080,1920,82
videos/sideswipe/Town04_sideswipe_wet_37_aug2.mp4,video_annotations/Town04_sideswipe_wet_37.json.gz,sideswipe,12.45,249,0.3138020833333333,0.5972222222222222,0.2401041666666666,0.5416666666666666,0.3875,0.6527777777777778,Town04,wet,37,387,19.35,1080,1920,29
videos/sideswipe/Town04_sideswipe_wet_42_aug2.mp4,video_annotations/Town04_sideswipe_wet_42.json.gz,sideswipe,8.65,173,0.3236979166666666,0.1675925925925926,0.28125,0.1398148148148148,0.3661458333333333,0.1953703703703703,Town04,wet,42,291,14.55,1080,1920,117
videos/sideswipe/Town04_sideswipe_wet_45_aug2.mp4,video_annotations/Town04_sideswipe_wet_45.json.gz,sideswipe,8.15,163,0.5986979166666667,0.4194444444444444,0.5458333333333333,0.3787037037037037,0.6515625,0.4601851851851852,Town04,wet,45,270,13.5,1080,1920,114
videos/sideswipe/Town05_sideswipe_clear_00_aug2.mp4,video_annotations/Town05_sideswipe_clear_00.json.gz,sideswipe,8.65,173,0.4940104166666667,0.6791666666666667,0.453125,0.5953703703703703,0.5348958333333333,0.762962962962963,Town05,clear,0,416,20.8,1080,1920,50
videos/sideswipe/Town05_sideswipe_clear_02_aug2.mp4,video_annotations/Town05_sideswipe_clear_02.json.gz,sideswipe,3.85,77,0.5169270833333334,0.5310185185185186,0.471875,0.4268518518518518,0.5619791666666667,0.6351851851851852,Town05,clear,2,323,16.15,1080,1920,157
videos/sideswipe/Town05_sideswipe_clear_04_aug2.mp4,video_annotations/Town05_sideswipe_clear_04.json.gz,sideswipe,5.2,104,0.4966145833333333,0.8217592592592593,0.4515625,0.7564814814814815,0.5416666666666666,0.8870370370370371,Town05,clear,4,392,19.6,1080,1920,124
videos/sideswipe/Town05_sideswipe_clear_07_aug2.mp4,video_annotations/Town05_sideswipe_clear_07.json.gz,sideswipe,3.3,66,0.5427083333333333,0.6606481481481481,0.5114583333333333,0.5990740740740741,0.5739583333333333,0.7222222222222222,Town05,clear,7,308,15.4,1080,1920,158
videos/sideswipe/Town05_sideswipe_clear_10_aug2.mp4,video_annotations/Town05_sideswipe_clear_10.json.gz,sideswipe,8.15,163,0.6424479166666667,0.3537037037037037,0.6067708333333334,0.2675925925925926,0.678125,0.4398148148148148,Town05,clear,10,390,19.5,1080,1920,61
videos/sideswipe/Town05_sideswipe_clear_12_aug2.mp4,video_annotations/Town05_sideswipe_clear_12.json.gz,sideswipe,4.85,97,0.4221354166666666,0.5699074074074074,0.3869791666666666,0.5148148148148148,0.4572916666666666,0.625,Town05,clear,12,352,17.6,1080,1920,132
videos/sideswipe/Town05_sideswipe_clear_16_aug2.mp4,video_annotations/Town05_sideswipe_clear_16.json.gz,sideswipe,6.0,120,0.45546875,0.499074074074074,0.4177083333333333,0.4185185185185185,0.4932291666666666,0.5796296296296296,Town05,clear,16,359,17.95,1080,1920,113
videos/sideswipe/Town05_sideswipe_clear_19_aug2.mp4,video_annotations/Town05_sideswipe_clear_19.json.gz,sideswipe,9.55,191,0.4731770833333333,0.6134259259259259,0.3979166666666666,0.549074074074074,0.5484375,0.6777777777777778,Town05,clear,19,361,18.05,1080,1920,31
videos/sideswipe/Town05_sideswipe_clear_22_aug2.mp4,video_annotations/Town05_sideswipe_clear_22.json.gz,sideswipe,7.1,142,0.6244791666666667,0.4546296296296296,0.59375,0.3768518518518518,0.6552083333333333,0.5324074074074074,Town05,clear,22,393,19.65,1080,1920,93
videos/sideswipe/Town05_sideswipe_clear_26_aug2.mp4,video_annotations/Town05_sideswipe_clear_26.json.gz,sideswipe,9.4,188,0.5799479166666667,0.2611111111111111,0.5411458333333333,0.1953703703703703,0.61875,0.3268518518518518,Town05,clear,26,468,23.4,1080,1920,33
videos/sideswipe/Town05_sideswipe_clear_29_aug2.mp4,video_annotations/Town05_sideswipe_clear_29.json.gz,sideswipe,4.25,85,0.4216145833333333,0.5171296296296296,0.3864583333333333,0.4305555555555556,0.4567708333333333,0.6037037037037037,Town05,clear,29,227,11.35,1080,1920,142
videos/sideswipe/Town05_sideswipe_clear_31_aug2.mp4,video_annotations/Town05_sideswipe_clear_31.json.gz,sideswipe,7.05,141,0.49140625,0.7574074074074074,0.4432291666666667,0.7092592592592593,0.5395833333333333,0.8055555555555556,Town05,clear,31,404,20.2,1080,1920,92
videos/sideswipe/Town05_sideswipe_clear_33_aug2.mp4,video_annotations/Town05_sideswipe_clear_33.json.gz,sideswipe,8.55,171,0.47578125,0.6439814814814815,0.4416666666666666,0.5916666666666667,0.5098958333333333,0.6962962962962963,Town05,clear,33,401,20.05,1080,1920,52
videos/sideswipe/Town05_sideswipe_clear_35_aug2.mp4,video_annotations/Town05_sideswipe_clear_35.json.gz,sideswipe,3.5,70,0.6091145833333333,0.5712962962962963,0.5755208333333334,0.5212962962962963,0.6427083333333333,0.6212962962962963,Town05,clear,35,294,14.7,1080,1920,157
videos/sideswipe/Town05_sideswipe_clear_45_aug2.mp4,video_annotations/Town05_sideswipe_clear_45.json.gz,sideswipe,5.8,116,0.6013020833333333,0.5018518518518519,0.5552083333333333,0.4342592592592592,0.6473958333333333,0.5694444444444444,Town05,clear,45,360,18.0,1080,1920,107
videos/sideswipe/Town05_sideswipe_night_02_aug2.mp4,video_annotations/Town05_sideswipe_night_02.json.gz,sideswipe,7.65,153,0.4856770833333333,0.5328703703703703,0.4161458333333333,0.4046296296296296,0.5552083333333333,0.6611111111111111,Town05,night,2,489,24.45,1080,1920,70
videos/sideswipe/Town05_sideswipe_night_04_aug2.mp4,video_annotations/Town05_sideswipe_night_04.json.gz,sideswipe,9.0,180,0.5140625,0.737037037037037,0.4567708333333333,0.6694444444444444,0.5713541666666667,0.8046296296296296,Town05,night,4,526,26.3,1080,1920,48
videos/sideswipe/Town05_sideswipe_night_06_aug2.mp4,video_annotations/Town05_sideswipe_night_06.json.gz,sideswipe,5.6,112,0.6440104166666667,0.4435185185185185,0.59375,0.3685185185185185,0.6942708333333333,0.5185185185185185,Town05,night,6,301,15.05,1080,1920,113
videos/sideswipe/Town05_sideswipe_night_08_aug2.mp4,video_annotations/Town05_sideswipe_night_08.json.gz,sideswipe,5.4,108,0.6299479166666667,0.4481481481481481,0.5833333333333334,0.3638888888888889,0.6765625,0.5324074074074074,Town05,night,8,387,19.35,1080,1920,118
videos/sideswipe/Town05_sideswipe_night_11_aug2.mp4,video_annotations/Town05_sideswipe_night_11.json.gz,sideswipe,8.75,175,0.60703125,0.6032407407407407,0.5677083333333334,0.5472222222222223,0.6463541666666667,0.6592592592592592,Town05,night,11,425,21.25,1080,1920,48
videos/sideswipe/Town05_sideswipe_night_14_aug2.mp4,video_annotations/Town05_sideswipe_night_14.json.gz,sideswipe,6.6,132,0.4091145833333333,0.5393518518518519,0.3765625,0.4574074074074074,0.4416666666666666,0.6212962962962963,Town05,night,14,566,28.3,1080,1920,96
videos/sideswipe/Town05_sideswipe_night_24_aug2.mp4,video_annotations/Town05_sideswipe_night_24.json.gz,sideswipe,9.85,197,0.6270833333333333,0.6592592592592592,0.59375,0.6027777777777777,0.6604166666666667,0.7157407407407408,Town05,night,24,482,24.1,1080,1920,26
videos/sideswipe/Town05_sideswipe_night_27_aug2.mp4,video_annotations/Town05_sideswipe_night_27.json.gz,sideswipe,7.5,150,0.4921875,0.5902777777777778,0.4494791666666666,0.5444444444444444,0.5348958333333333,0.6361111111111111,Town05,night,27,453,22.65,1080,1920,73
videos/sideswipe/Town05_sideswipe_night_30_aug2.mp4,video_annotations/Town05_sideswipe_night_30.json.gz,sideswipe,7.75,155,0.4276041666666667,0.6,0.3932291666666667,0.5518518518518518,0.4619791666666666,0.6481481481481481,Town05,night,30,488,24.4,1080,1920,68
videos/sideswipe/Town05_sideswipe_night_32_aug2.mp4,video_annotations/Town05_sideswipe_night_32.json.gz,sideswipe,6.9,138,0.63046875,0.5990740740740741,0.5791666666666667,0.524074074074074,0.6817708333333333,0.674074074074074,Town05,night,32,417,20.85,1080,1920,90
videos/sideswipe/Town05_sideswipe_night_34_aug2.mp4,video_annotations/Town05_sideswipe_night_34.json.gz,sideswipe,7.15,143,0.715625,0.2865740740740741,0.6770833333333334,0.2222222222222222,0.7541666666666667,0.3509259259259259,Town05,night,34,336,16.8,1080,1920,80
videos/sideswipe/Town05_sideswipe_rain_21_aug2.mp4,video_annotations/Town05_sideswipe_rain_21.json.gz,sideswipe,7.3,146,0.6359375,0.375,0.5895833333333333,0.3037037037037037,0.6822916666666666,0.4462962962962963,Town05,rain,21,255,12.75,1080,1920,79
videos/sideswipe/Town05_sideswipe_rain_33_aug2.mp4,video_annotations/Town05_sideswipe_rain_33.json.gz,sideswipe,8.35,167,0.48984375,0.6620370370370371,0.453125,0.6055555555555555,0.5265625,0.7185185185185186,Town05,rain,33,337,16.85,1080,1920,55
videos/sideswipe/Town05_sideswipe_rain_36_aug2.mp4,video_annotations/Town05_sideswipe_rain_36.json.gz,sideswipe,7.8,156,0.6278645833333333,0.6453703703703704,0.5958333333333333,0.5990740740740741,0.6598958333333333,0.6916666666666667,Town05,rain,36,349,17.45,1080,1920,69
videos/sideswipe/Town05_sideswipe_rain_40_aug2.mp4,video_annotations/Town05_sideswipe_rain_40.json.gz,sideswipe,8.5,170,0.63984375,0.7166666666666667,0.5442708333333334,0.637962962962963,0.7354166666666667,0.7953703703703704,Town05,rain,40,342,17.1,1080,1920,53
videos/sideswipe/Town05_sideswipe_rain_42_aug2.mp4,video_annotations/Town05_sideswipe_rain_42.json.gz,sideswipe,6.35,127,0.6559895833333333,0.7134259259259259,0.6109375,0.6703703703703704,0.7010416666666667,0.7564814814814815,Town05,rain,42,339,16.95,1080,1920,97
videos/sideswipe/Town05_sideswipe_rain_44_aug2.mp4,video_annotations/Town05_sideswipe_rain_44.json.gz,sideswipe,9.55,191,0.54921875,0.387037037037037,0.5145833333333333,0.35,0.5838541666666667,0.424074074074074,Town05,rain,44,391,19.55,1080,1920,31
videos/sideswipe/Town05_sideswipe_rain_48_aug2.mp4,video_annotations/Town05_sideswipe_rain_48.json.gz,sideswipe,4.95,99,0.3145833333333333,0.5166666666666667,0.2661458333333333,0.4768518518518518,0.3630208333333333,0.5564814814814815,Town05,rain,48,328,16.4,1080,1920,126
videos/sideswipe/Town05_sideswipe_sunset_01_aug2.mp4,video_annotations/Town05_sideswipe_sunset_01.json.gz,sideswipe,7.05,141,0.4510416666666667,0.5625,0.4223958333333333,0.4805555555555555,0.4796875,0.6444444444444445,Town05,sunset,1,409,20.45,1080,1920,92
videos/sideswipe/Town05_sideswipe_sunset_03_aug2.mp4,video_annotations/Town05_sideswipe_sunset_03.json.gz,sideswipe,10.0,200,0.56953125,0.8902777777777777,0.4744791666666667,0.7814814814814814,0.6645833333333333,0.999074074074074,Town05,sunset,3,407,20.35,1080,1920,40
videos/sideswipe/Town05_sideswipe_sunset_07_aug2.mp4,video_annotations/Town05_sideswipe_sunset_07.json.gz,sideswipe,8.4,168,0.5486979166666667,0.7050925925925926,0.5182291666666666,0.6351851851851852,0.5791666666666667,0.775,Town05,sunset,7,382,19.1,1080,1920,57
videos/sideswipe/Town05_sideswipe_sunset_10_aug2.mp4,video_annotations/Town05_sideswipe_sunset_10.json.gz,sideswipe,6.4,128,0.6247395833333333,0.362037037037037,0.5854166666666667,0.2833333333333333,0.6640625,0.4407407407407407,Town05,sunset,10,290,14.5,1080,1920,93
videos/sideswipe/Town05_sideswipe_sunset_12_aug2.mp4,video_annotations/Town05_sideswipe_sunset_12.json.gz,sideswipe,5.4,108,0.4291666666666666,0.5263888888888889,0.3682291666666666,0.4527777777777778,0.4901041666666667,0.6,Town05,sunset,12,264,13.2,1080,1920,115
videos/sideswipe/Town05_sideswipe_sunset_16_aug2.mp4,video_annotations/Town05_sideswipe_sunset_16.json.gz,sideswipe,5.9,118,0.4541666666666666,0.5106481481481482,0.4197916666666667,0.4407407407407407,0.4885416666666666,0.5805555555555556,Town05,sunset,16,371,18.55,1080,1920,106
videos/sideswipe/Town05_sideswipe_sunset_18_aug2.mp4,video_annotations/Town05_sideswipe_sunset_18.json.gz,sideswipe,6.4,128,0.5671875,0.8402777777777778,0.5260416666666666,0.7287037037037037,0.6083333333333333,0.9518518518518518,Town05,sunset,18,365,18.25,1080,1920,100
videos/sideswipe/Town05_sideswipe_sunset_21_aug2.mp4,video_annotations/Town05_sideswipe_sunset_21.json.gz,sideswipe,6.45,129,0.6244791666666667,0.3375,0.5786458333333333,0.2648148148148148,0.6703125,0.4101851851851852,Town05,sunset,21,407,20.35,1080,1920,96
videos/sideswipe/Town05_sideswipe_sunset_24_aug2.mp4,video_annotations/Town05_sideswipe_sunset_24.json.gz,sideswipe,4.45,89,0.6361979166666667,0.6842592592592592,0.6026041666666667,0.6361111111111111,0.6697916666666667,0.7324074074074074,Town05,sunset,24,383,19.15,1080,1920,136
videos/sideswipe/Town05_sideswipe_sunset_27_aug2.mp4,video_annotations/Town05_sideswipe_sunset_27.json.gz,sideswipe,9.5,190,0.5046875,0.5708333333333333,0.4671875,0.5185185185185185,0.5421875,0.6231481481481481,Town05,sunset,27,407,20.35,1080,1920,34
videos/sideswipe/Town05_sideswipe_sunset_31_aug2.mp4,video_annotations/Town05_sideswipe_sunset_31.json.gz,sideswipe,7.05,141,0.4872395833333333,0.6986111111111111,0.4395833333333333,0.6472222222222223,0.5348958333333333,0.75,Town05,sunset,31,458,22.9,1080,1920,81
videos/sideswipe/Town05_sideswipe_sunset_33_aug2.mp4,video_annotations/Town05_sideswipe_sunset_33.json.gz,sideswipe,7.65,153,0.4903645833333333,0.6638888888888889,0.45625,0.6074074074074074,0.5244791666666667,0.7203703703703703,Town05,sunset,33,340,17.0,1080,1920,70
videos/sideswipe/Town05_sideswipe_sunset_35_aug2.mp4,video_annotations/Town05_sideswipe_sunset_35.json.gz,sideswipe,6.6,132,0.62265625,0.5268518518518519,0.5911458333333334,0.4842592592592593,0.6541666666666667,0.5694444444444444,Town05,sunset,35,292,14.6,1080,1920,100
videos/sideswipe/Town05_sideswipe_sunset_37_aug2.mp4,video_annotations/Town05_sideswipe_sunset_37.json.gz,sideswipe,3.75,75,0.46171875,0.2814814814814815,0.421875,0.2444444444444444,0.5015625,0.3185185185185185,Town05,sunset,37,311,15.55,1080,1920,151
videos/sideswipe/Town05_sideswipe_sunset_41_aug2.mp4,video_annotations/Town05_sideswipe_sunset_41.json.gz,sideswipe,7.1,142,0.5278645833333333,0.6574074074074074,0.4911458333333333,0.6203703703703703,0.5645833333333333,0.6944444444444444,Town05,sunset,41,395,19.75,1080,1920,83
videos/sideswipe/Town05_sideswipe_sunset_44_aug2.mp4,video_annotations/Town05_sideswipe_sunset_44.json.gz,sideswipe,9.0,180,0.5552083333333333,0.3814814814814815,0.5234375,0.3342592592592592,0.5869791666666667,0.4287037037037037,Town05,sunset,44,415,20.75,1080,1920,47
videos/sideswipe/Town05_sideswipe_sunset_46_aug2.mp4,video_annotations/Town05_sideswipe_sunset_46.json.gz,sideswipe,6.45,129,0.5346354166666667,0.6768518518518518,0.4942708333333333,0.6166666666666667,0.575,0.737037037037037,Town05,sunset,46,386,19.3,1080,1920,95
videos/sideswipe/Town05_sideswipe_wet_40_aug2.mp4,video_annotations/Town05_sideswipe_wet_40.json.gz,sideswipe,5.4,108,0.6825520833333333,0.6837962962962963,0.5932291666666667,0.6018518518518519,0.771875,0.7657407407407407,Town05,wet,40,307,15.35,1080,1920,125
videos/sideswipe/Town05_sideswipe_wet_42_aug2.mp4,video_annotations/Town05_sideswipe_wet_42.json.gz,sideswipe,8.75,175,0.6408854166666667,0.6944444444444444,0.590625,0.6361111111111111,0.6911458333333333,0.7527777777777778,Town05,wet,42,294,14.7,1080,1920,58
videos/sideswipe/Town05_sideswipe_wet_44_aug2.mp4,video_annotations/Town05_sideswipe_wet_44.json.gz,sideswipe,9.2,184,0.5359375,0.3912037037037037,0.4984375,0.3509259259259259,0.5734375,0.4314814814814814,Town05,wet,44,318,15.9,1080,1920,39
videos/sideswipe/Town05_sideswipe_wet_48_aug2.mp4,video_annotations/Town05_sideswipe_wet_48.json.gz,sideswipe,5.35,107,0.334375,0.5217592592592593,0.2885416666666666,0.4796296296296296,0.3802083333333333,0.5638888888888889,Town05,wet,48,234,11.7,1080,1920,117
videos/sideswipe/Town06_sideswipe_clear_01_aug2.mp4,video_annotations/Town06_sideswipe_clear_01.json.gz,sideswipe,10.8,216,0.3033854166666667,0.2717592592592592,0.284375,0.212037037037037,0.3223958333333333,0.3314814814814815,Town06,clear,1,280,14.0,1080,1920,156
videos/sideswipe/Town06_sideswipe_clear_03_aug2.mp4,video_annotations/Town06_sideswipe_clear_03.json.gz,sideswipe,15.35,307,0.3408854166666666,0.3416666666666667,0.3171875,0.2898148148148148,0.3645833333333333,0.3935185185185185,Town06,clear,3,368,18.4,1080,1920,65
videos/sideswipe/Town06_sideswipe_clear_08_aug2.mp4,video_annotations/Town06_sideswipe_clear_08.json.gz,sideswipe,13.4,268,0.5786458333333333,0.5402777777777777,0.5541666666666667,0.4842592592592593,0.603125,0.5962962962962963,Town06,clear,8,343,17.15,1080,1920,97
videos/sideswipe/Town06_sideswipe_clear_12_aug2.mp4,video_annotations/Town06_sideswipe_clear_12.json.gz,sideswipe,9.05,181,0.4942708333333333,0.0810185185185185,0.4536458333333333,0.0462962962962962,0.5348958333333333,0.1157407407407407,Town06,clear,12,243,12.15,1080,1920,200
videos/sideswipe/Town06_sideswipe_clear_14_aug2.mp4,video_annotations/Town06_sideswipe_clear_14.json.gz,sideswipe,11.1,222,0.5143229166666666,0.3731481481481482,0.4895833333333333,0.3453703703703704,0.5390625,0.4009259259259259,Town06,clear,14,293,14.65,1080,1920,151
videos/sideswipe/Town06_sideswipe_clear_18_aug2.mp4,video_annotations/Town06_sideswipe_clear_18.json.gz,sideswipe,15.2,304,0.4190104166666666,0.3018518518518518,0.3958333333333333,0.2518518518518518,0.4421875,0.3518518518518518,Town06,clear,18,359,17.95,1080,1920,67
videos/sideswipe/Town06_sideswipe_clear_20_aug2.mp4,video_annotations/Town06_sideswipe_clear_20.json.gz,sideswipe,12.55,251,0.4395833333333333,0.6560185185185186,0.4,0.6037037037037037,0.4791666666666667,0.7083333333333334,Town06,clear,20,327,16.35,1080,1920,121
videos/sideswipe/Town06_sideswipe_clear_24_aug2.mp4,video_annotations/Town06_sideswipe_clear_24.json.gz,sideswipe,12.5,250,0.5877604166666667,0.7296296296296296,0.5583333333333333,0.6620370370370371,0.6171875,0.7972222222222223,Town06,clear,24,339,16.95,1080,1920,122
videos/sideswipe/Town06_sideswipe_clear_26_aug2.mp4,video_annotations/Town06_sideswipe_clear_26.json.gz,sideswipe,5.55,111,0.6880208333333333,0.6041666666666666,0.6625,0.5694444444444444,0.7135416666666666,0.6388888888888888,Town06,clear,26,181,9.05,1080,1920,260
videos/sideswipe/Town06_sideswipe_clear_31_aug2.mp4,video_annotations/Town06_sideswipe_clear_31.json.gz,sideswipe,11.0,220,0.5088541666666667,0.1819444444444444,0.4916666666666666,0.1509259259259259,0.5260416666666666,0.2129629629629629,Town06,clear,31,293,14.65,1080,1920,151
videos/sideswipe/Town06_sideswipe_clear_33_aug2.mp4,video_annotations/Town06_sideswipe_clear_33.json.gz,sideswipe,14.05,281,0.3078125,0.5171296296296296,0.2708333333333333,0.4796296296296296,0.3447916666666666,0.5546296296296296,Town06,clear,33,350,17.5,1080,1920,92
videos/sideswipe/Town06_sideswipe_clear_35_aug2.mp4,video_annotations/Town06_sideswipe_clear_35.json.gz,sideswipe,15.25,305,0.4895833333333333,0.6189814814814815,0.4546875,0.575,0.5244791666666667,0.662962962962963,Town06,clear,35,352,17.6,1080,1920,70
videos/sideswipe/Town06_sideswipe_clear_37_aug2.mp4,video_annotations/Town06_sideswipe_clear_37.json.gz,sideswipe,15.75,315,0.446875,0.5027777777777778,0.421875,0.4537037037037037,0.471875,0.5518518518518518,Town06,clear,37,399,19.95,1080,1920,59
videos/sideswipe/Town06_sideswipe_clear_39_aug2.mp4,video_annotations/Town06_sideswipe_clear_39.json.gz,sideswipe,10.65,213,0.528125,0.6828703703703703,0.4942708333333333,0.6481481481481481,0.5619791666666667,0.7175925925925926,Town06,clear,39,294,14.7,1080,1920,165
videos/sideswipe/Town06_sideswipe_clear_42_aug2.mp4,video_annotations/Town06_sideswipe_clear_42.json.gz,sideswipe,13.95,279,0.6015625,0.1787037037037037,0.5760416666666667,0.1518518518518518,0.6270833333333333,0.2055555555555555,Town06,clear,42,343,17.15,1080,1920,104
videos/sideswipe/Town06_sideswipe_clear_45_aug2.mp4,video_annotations/Town06_sideswipe_clear_45.json.gz,sideswipe,13.5,270,0.45859375,0.3416666666666667,0.4390625,0.3231481481481481,0.478125,0.3601851851851851,Town06,clear,45,358,17.9,1080,1920,98
videos/sideswipe/Town06_sideswipe_night_00_aug2.mp4,video_annotations/Town06_sideswipe_night_00.json.gz,sideswipe,13.45,269,0.3427083333333333,0.3356481481481481,0.3234375,0.2962962962962963,0.3619791666666667,0.375,Town06,night,0,437,21.85,1080,1920,103
videos/sideswipe/Town06_sideswipe_night_03_aug2.mp4,video_annotations/Town06_sideswipe_night_03.json.gz,sideswipe,12.0,240,0.33515625,0.3787037037037037,0.3005208333333333,0.3398148148148148,0.3697916666666667,0.4175925925925925,Town06,night,3,408,20.4,1080,1920,137
videos/sideswipe/Town06_sideswipe_night_05_aug2.mp4,video_annotations/Town06_sideswipe_night_05.json.gz,sideswipe,13.75,275,0.38203125,0.5185185185185185,0.3515625,0.4648148148148148,0.4125,0.5722222222222222,Town06,night,5,404,20.2,1080,1920,93
videos/sideswipe/Town06_sideswipe_night_09_aug2.mp4,video_annotations/Town06_sideswipe_night_09.json.gz,sideswipe,15.05,301,0.6484375,0.5412037037037037,0.6255208333333333,0.4694444444444444,0.6713541666666667,0.6129629629629629,Town06,night,9,434,21.7,1080,1920,76
videos/sideswipe/Town06_sideswipe_night_11_aug2.mp4,video_annotations/Town06_sideswipe_night_11.json.gz,sideswipe,11.85,237,0.6864583333333333,0.5208333333333334,0.6375,0.4537037037037037,0.7354166666666667,0.5879629629629629,Town06,night,11,441,22.05,1080,1920,150
videos/sideswipe/Town06_sideswipe_night_13_aug2.mp4,video_annotations/Town06_sideswipe_night_13.json.gz,sideswipe,13.65,273,0.5182291666666666,0.4157407407407407,0.4927083333333333,0.3851851851851852,0.54375,0.4462962962962963,Town06,night,13,457,22.85,1080,1920,99
videos/sideswipe/Town06_sideswipe_night_16_aug2.mp4,video_annotations/Town06_sideswipe_night_16.json.gz,sideswipe,16.4,328,0.36953125,0.3291666666666666,0.3510416666666666,0.2916666666666667,0.3880208333333333,0.3666666666666666,Town06,night,16,516,25.8,1080,1920,45
videos/sideswipe/Town06_sideswipe_night_19_aug2.mp4,video_annotations/Town06_sideswipe_night_19.json.gz,sideswipe,13.25,265,0.334375,0.4884259259259259,0.2822916666666666,0.4472222222222222,0.3864583333333333,0.5296296296296297,Town06,night,19,442,22.1,1080,1920,120
videos/sideswipe/Town06_sideswipe_night_22_aug2.mp4,video_annotations/Town06_sideswipe_night_22.json.gz,sideswipe,13.65,273,0.6114583333333333,0.8046296296296296,0.5708333333333333,0.7388888888888889,0.6520833333333333,0.8703703703703703,Town06,night,22,390,19.5,1080,1920,99
videos/sideswipe/Town06_sideswipe_night_25_aug2.mp4,video_annotations/Town06_sideswipe_night_25.json.gz,sideswipe,17.3,346,0.64921875,0.6194444444444445,0.6119791666666666,0.5824074074074074,0.6864583333333333,0.6564814814814814,Town06,night,25,545,27.25,1080,1920,35
videos/sideswipe/Town06_sideswipe_night_28_aug2.mp4,video_annotations/Town06_sideswipe_night_28.json.gz,sideswipe,16.9,338,0.59375,0.2833333333333333,0.5651041666666666,0.2583333333333333,0.6223958333333334,0.3083333333333333,Town06,night,28,528,26.4,1080,1920,36
videos/sideswipe/Town06_sideswipe_night_30_aug2.mp4,video_annotations/Town06_sideswipe_night_30.json.gz,sideswipe,12.85,257,0.5177083333333333,0.3569444444444444,0.4979166666666667,0.3305555555555555,0.5375,0.3833333333333333,Town06,night,30,446,22.3,1080,1920,115
videos/sideswipe/Town06_sideswipe_night_32_aug2.mp4,video_annotations/Town06_sideswipe_night_32.json.gz,sideswipe,14.35,287,0.3497395833333333,0.6277777777777778,0.3171875,0.5768518518518518,0.3822916666666666,0.6787037037037037,Town06,night,32,470,23.5,1080,1920,85
videos/sideswipe/Town06_sideswipe_night_36_aug2.mp4,video_annotations/Town06_sideswipe_night_36.json.gz,sideswipe,14.8,296,0.3791666666666666,0.4472222222222222,0.3453125,0.4,0.4130208333333333,0.4944444444444444,Town06,night,36,437,21.85,1080,1920,77
videos/sideswipe/Town06_sideswipe_night_42_aug2.mp4,video_annotations/Town06_sideswipe_night_42.json.gz,sideswipe,15.75,315,0.61328125,0.1203703703703703,0.5911458333333334,0.0944444444444444,0.6354166666666666,0.1462962962962962,Town06,night,42,538,26.9,1080,1920,64
videos/sideswipe/Town06_sideswipe_night_45_aug2.mp4,video_annotations/Town06_sideswipe_night_45.json.gz,sideswipe,12.75,255,0.4302083333333333,0.3731481481481482,0.4109375,0.3518518518518518,0.4494791666666666,0.3944444444444444,Town06,night,45,327,16.35,1080,1920,122
videos/sideswipe/Town06_sideswipe_rain_00_aug2.mp4,video_annotations/Town06_sideswipe_rain_00.json.gz,sideswipe,16.25,325,0.3528645833333333,0.3361111111111111,0.3270833333333333,0.2740740740740741,0.3786458333333333,0.3981481481481481,Town06,rain,0,371,18.55,1080,1920,49
videos/sideswipe/Town06_sideswipe_rain_02_aug2.mp4,video_annotations/Town06_sideswipe_rain_02.json.gz,sideswipe,14.1,282,0.4588541666666667,0.6013888888888889,0.4265625,0.537962962962963,0.4911458333333333,0.6648148148148149,Town06,rain,2,338,16.9,1080,1920,86
videos/sideswipe/Town06_sideswipe_rain_07_aug2.mp4,video_annotations/Town06_sideswipe_rain_07.json.gz,sideswipe,13.95,279,0.5375,0.925,0.5088541666666667,0.850925925925926,0.5661458333333333,0.999074074074074,Town06,rain,7,355,17.75,1080,1920,88
videos/sideswipe/Town06_sideswipe_rain_11_aug2.mp4,video_annotations/Town06_sideswipe_rain_11.json.gz,sideswipe,11.0,220,0.7010416666666667,0.524537037037037,0.6671875,0.4768518518518518,0.7348958333333333,0.5722222222222222,Town06,rain,11,295,14.75,1080,1920,163
videos/sideswipe/Town06_sideswipe_rain_13_aug2.mp4,video_annotations/Town06_sideswipe_rain_13.json.gz,sideswipe,11.0,220,0.5247395833333334,0.4740740740740741,0.5020833333333333,0.4351851851851852,0.5473958333333333,0.512962962962963,Town06,rain,13,293,14.65,1080,1920,152
videos/sideswipe/Town06_sideswipe_rain_16_aug2.mp4,video_annotations/Town06_sideswipe_rain_16.json.gz,sideswipe,14.15,283,0.3950520833333333,0.3166666666666666,0.3765625,0.2814814814814815,0.4135416666666666,0.3518518518518518,Town06,rain,16,350,17.5,1080,1920,90
videos/sideswipe/Town06_sideswipe_rain_18_aug2.mp4,video_annotations/Town06_sideswipe_rain_18.json.gz,sideswipe,11.4,228,0.41953125,0.2342592592592592,0.3963541666666667,0.1851851851851851,0.4427083333333333,0.2833333333333333,Town06,rain,18,274,13.7,1080,1920,145
videos/sideswipe/Town06_sideswipe_rain_21_aug2.mp4,video_annotations/Town06_sideswipe_rain_21.json.gz,sideswipe,13.35,267,0.5388020833333333,0.6620370370370371,0.5088541666666667,0.6037037037037037,0.56875,0.7203703703703703,Town06,rain,21,332,16.6,1080,1920,108
videos/sideswipe/Town06_sideswipe_rain_25_aug2.mp4,video_annotations/Town06_sideswipe_rain_25.json.gz,sideswipe,15.1,302,0.6466145833333333,0.6041666666666666,0.6140625,0.5611111111111111,0.6791666666666667,0.6472222222222223,Town06,rain,25,341,17.05,1080,1920,76
videos/sideswipe/Town06_sideswipe_rain_27_aug2.mp4,video_annotations/Town06_sideswipe_rain_27.json.gz,sideswipe,16.25,325,0.6854166666666667,0.212037037037037,0.6578125,0.1814814814814815,0.7130208333333333,0.2425925925925925,Town06,rain,27,393,19.65,1080,1920,46
videos/sideswipe/Town06_sideswipe_rain_36_aug2.mp4,video_annotations/Town06_sideswipe_rain_36.json.gz,sideswipe,14.5,290,0.3859375,0.4629629629629629,0.346875,0.4175925925925925,0.425,0.5083333333333333,Town06,rain,36,353,17.65,1080,1920,84
videos/sideswipe/Town06_sideswipe_rain_39_aug2.mp4,video_annotations/Town06_sideswipe_rain_39.json.gz,sideswipe,11.25,225,0.5111979166666667,0.6138888888888889,0.4807291666666666,0.5694444444444444,0.5416666666666666,0.6583333333333333,Town06,rain,39,295,14.75,1080,1920,157
videos/sideswipe/Town06_sideswipe_rain_42_aug2.mp4,video_annotations/Town06_sideswipe_rain_42.json.gz,sideswipe,9.9,198,0.5979166666666667,0.1194444444444444,0.5765625,0.0953703703703703,0.6192708333333333,0.1435185185185185,Town06,rain,42,273,13.65,1080,1920,169
videos/sideswipe/Town06_sideswipe_rain_46_aug2.mp4,video_annotations/Town06_sideswipe_rain_46.json.gz,sideswipe,12.85,257,0.3846354166666667,0.6583333333333333,0.3359375,0.6194444444444445,0.4333333333333333,0.6972222222222222,Town06,rain,46,301,15.05,1080,1920,115
videos/sideswipe/Town06_sideswipe_sunset_02_aug2.mp4,video_annotations/Town06_sideswipe_sunset_02.json.gz,sideswipe,12.5,250,0.4213541666666666,0.586574074074074,0.4046875,0.5342592592592592,0.4380208333333333,0.6388888888888888,Town06,sunset,2,282,14.1,1080,1920,121
videos/sideswipe/Town06_sideswipe_sunset_04_aug2.mp4,video_annotations/Town06_sideswipe_sunset_04.json.gz,sideswipe,11.95,239,0.3536458333333333,0.7111111111111111,0.3010416666666666,0.6287037037037037,0.40625,0.7935185185185185,Town06,sunset,4,303,15.15,1080,1920,127
videos/sideswipe/Town06_sideswipe_sunset_06_aug2.mp4,video_annotations/Town06_sideswipe_sunset_06.json.gz,sideswipe,10.85,217,0.4828125,0.924537037037037,0.453125,0.85,0.5125,0.999074074074074,Town06,sunset,6,265,13.25,1080,1920,159
videos/sideswipe/Town06_sideswipe_sunset_08_aug2.mp4,video_annotations/Town06_sideswipe_sunset_08.json.gz,sideswipe,14.0,280,0.5684895833333333,0.5009259259259259,0.54375,0.4481481481481481,0.5932291666666667,0.5537037037037037,Town06,sunset,8,335,16.75,1080,1920,92
videos/sideswipe/Town06_sideswipe_sunset_11_aug2.mp4,video_annotations/Town06_sideswipe_sunset_11.json.gz,sideswipe,13.9,278,0.7109375,0.5476851851851852,0.6739583333333333,0.5148148148148148,0.7479166666666667,0.5805555555555556,Town06,sunset,11,330,16.5,1080,1920,103
videos/sideswipe/Town06_sideswipe_sunset_14_aug2.mp4,video_annotations/Town06_sideswipe_sunset_14.json.gz,sideswipe,13.3,266,0.5010416666666667,0.3671296296296296,0.465625,0.312037037037037,0.5364583333333334,0.4222222222222222,Town06,sunset,14,313,15.65,1080,1920,121
videos/sideswipe/Town06_sideswipe_sunset_18_aug2.mp4,video_annotations/Town06_sideswipe_sunset_18.json.gz,sideswipe,11.3,226,0.428125,0.2912037037037037,0.3927083333333333,0.2509259259259259,0.4635416666666667,0.3314814814814815,Town06,sunset,18,283,14.15,1080,1920,148
videos/sideswipe/Town06_sideswipe_sunset_20_aug2.mp4,video_annotations/Town06_sideswipe_sunset_20.json.gz,sideswipe,15.0,300,0.4513020833333333,0.6037037037037037,0.421875,0.5638888888888889,0.4807291666666666,0.6435185185185185,Town06,sunset,20,344,17.2,1080,1920,72
videos/sideswipe/Town06_sideswipe_sunset_22_aug2.mp4,video_annotations/Town06_sideswipe_sunset_22.json.gz,sideswipe,10.05,201,0.6096354166666667,0.7902777777777777,0.5682291666666667,0.7268518518518519,0.6510416666666666,0.8537037037037037,Town06,sunset,22,262,13.1,1080,1920,171
videos/sideswipe/Town06_sideswipe_sunset_26_aug2.mp4,video_annotations/Town06_sideswipe_sunset_26.json.gz,sideswipe,7.5,150,0.6953125,0.5430555555555555,0.6588541666666666,0.5027777777777778,0.7317708333333334,0.5833333333333334,Town06,sunset,26,210,10.5,1080,1920,226
videos/sideswipe/Town06_sideswipe_sunset_29_aug2.mp4,video_annotations/Town06_sideswipe_sunset_29.json.gz,sideswipe,13.25,265,0.44375,0.1657407407407407,0.421875,0.1379629629629629,0.465625,0.1935185185185185,Town06,sunset,29,336,16.8,1080,1920,108
videos/sideswipe/Town06_sideswipe_sunset_31_aug2.mp4,video_annotations/Town06_sideswipe_sunset_31.json.gz,sideswipe,16.05,321,0.5111979166666667,0.1912037037037037,0.4901041666666667,0.1388888888888889,0.5322916666666667,0.2435185185185185,Town06,sunset,31,367,18.35,1080,1920,67
videos/sideswipe/Town06_sideswipe_sunset_33_aug2.mp4,video_annotations/Town06_sideswipe_sunset_33.json.gz,sideswipe,14.0,280,0.29609375,0.5236111111111111,0.2635416666666667,0.487962962962963,0.3286458333333333,0.5592592592592592,Town06,sunset,33,332,16.6,1080,1920,98
videos/sideswipe/Town06_sideswipe_sunset_35_aug2.mp4,video_annotations/Town06_sideswipe_sunset_35.json.gz,sideswipe,14.85,297,0.509375,0.6884259259259259,0.4734375,0.6453703703703704,0.5453125,0.7314814814814815,Town06,sunset,35,353,17.65,1080,1920,75
videos/sideswipe/Town06_sideswipe_sunset_38_aug2.mp4,video_annotations/Town06_sideswipe_sunset_38.json.gz,sideswipe,10.7,214,0.65,0.7472222222222222,0.6203125,0.6990740740740741,0.6796875,0.7953703703703704,Town06,sunset,38,270,13.5,1080,1920,155
videos/sideswipe/Town06_sideswipe_sunset_40_aug2.mp4,video_annotations/Town06_sideswipe_sunset_40.json.gz,sideswipe,13.85,277,0.703125,0.5527777777777778,0.6760416666666667,0.524074074074074,0.7302083333333333,0.5814814814814815,Town06,sunset,40,345,17.25,1080,1920,96
videos/sideswipe/Town06_sideswipe_sunset_43_aug2.mp4,video_annotations/Town06_sideswipe_sunset_43.json.gz,sideswipe,14.25,285,0.5380208333333333,0.437037037037037,0.5166666666666667,0.4074074074074074,0.559375,0.4666666666666667,Town06,sunset,43,354,17.7,1080,1920,88
videos/sideswipe/Town06_sideswipe_sunset_46_aug2.mp4,video_annotations/Town06_sideswipe_sunset_46.json.gz,sideswipe,8.7,174,0.403125,0.638425925925926,0.3651041666666667,0.5907407407407408,0.4411458333333333,0.6861111111111111,Town06,sunset,46,222,11.1,1080,1920,203
videos/sideswipe/Town06_sideswipe_wet_00_aug2.mp4,video_annotations/Town06_sideswipe_wet_00.json.gz,sideswipe,9.75,195,0.3466145833333333,0.3092592592592592,0.3255208333333333,0.2657407407407407,0.3677083333333333,0.3527777777777778,Town06,wet,0,244,12.2,1080,1920,180
videos/sideswipe/Town06_sideswipe_wet_06_aug2.mp4,video_annotations/Town06_sideswipe_wet_06.json.gz,sideswipe,15.7,314,0.47421875,0.911574074074074,0.4411458333333333,0.825,0.5072916666666667,0.998148148148148,Town06,wet,6,365,18.25,1080,1920,67
videos/sideswipe/Town06_sideswipe_wet_09_aug2.mp4,video_annotations/Town06_sideswipe_wet_09.json.gz,sideswipe,16.05,321,0.6294270833333333,0.5361111111111111,0.5973958333333333,0.487962962962963,0.6614583333333334,0.5842592592592593,Town06,wet,9,374,18.7,1080,1920,57
videos/sideswipe/Town06_sideswipe_wet_11_aug2.mp4,video_annotations/Town06_sideswipe_wet_11.json.gz,sideswipe,9.8,196,0.6828125,0.5421296296296296,0.6546875,0.4962962962962963,0.7109375,0.5879629629629629,Town06,wet,11,250,12.5,1080,1920,175
videos/sideswipe/Town06_sideswipe_wet_13_aug2.mp4,video_annotations/Town06_sideswipe_wet_13.json.gz,sideswipe,7.55,151,0.5502604166666667,0.4393518518518518,0.5291666666666667,0.4,0.5713541666666667,0.4787037037037037,Town06,wet,13,206,10.3,1080,1920,225
videos/sideswipe/Town06_sideswipe_wet_17_aug2.mp4,video_annotations/Town06_sideswipe_wet_17.json.gz,sideswipe,14.85,297,0.2963541666666666,0.4324074074074074,0.2604166666666667,0.3962962962962963,0.3322916666666666,0.4685185185185185,Town06,wet,17,302,15.1,1080,1920,86
videos/sideswipe/Town06_sideswipe_wet_19_aug2.mp4,video_annotations/Town06_sideswipe_wet_19.json.gz,sideswipe,14.7,294,0.3432291666666666,0.5435185185185185,0.30625,0.499074074074074,0.3802083333333333,0.5879629629629629,Town06,wet,19,309,15.45,1080,1920,80
videos/sideswipe/Town06_sideswipe_wet_23_aug2.mp4,video_annotations/Town06_sideswipe_wet_23.json.gz,sideswipe,9.75,195,0.60546875,0.6101851851851852,0.5807291666666666,0.5592592592592592,0.6302083333333334,0.6611111111111111,Town06,wet,23,258,12.9,1080,1920,179
videos/sideswipe/Town06_sideswipe_wet_26_aug2.mp4,video_annotations/Town06_sideswipe_wet_26.json.gz,sideswipe,13.55,271,0.7065104166666667,0.5819444444444445,0.6828125,0.5462962962962963,0.7302083333333333,0.6175925925925926,Town06,wet,26,335,16.75,1080,1920,100
videos/sideswipe/Town06_sideswipe_wet_31_aug2.mp4,video_annotations/Town06_sideswipe_wet_31.json.gz,sideswipe,14.7,294,0.5145833333333333,0.2055555555555555,0.4958333333333333,0.1805555555555555,0.5333333333333333,0.2305555555555555,Town06,wet,31,359,17.95,1080,1920,72
videos/sideswipe/Town06_sideswipe_wet_35_aug2.mp4,video_annotations/Town06_sideswipe_wet_35.json.gz,sideswipe,12.2,244,0.4666666666666667,0.6138888888888889,0.4229166666666666,0.5740740740740741,0.5104166666666666,0.6537037037037037,Town06,wet,35,289,14.45,1080,1920,136
videos/sideswipe/Town06_sideswipe_wet_37_aug2.mp4,video_annotations/Town06_sideswipe_wet_37.json.gz,sideswipe,16.7,334,0.4489583333333333,0.5504629629629629,0.4223958333333333,0.4851851851851851,0.4755208333333333,0.6157407407407407,Town06,wet,37,375,18.75,1080,1920,43
videos/sideswipe/Town06_sideswipe_wet_42_aug2.mp4,video_annotations/Town06_sideswipe_wet_42.json.gz,sideswipe,13.95,279,0.6026041666666667,0.1439814814814815,0.5723958333333333,0.1222222222222222,0.6328125,0.1657407407407407,Town06,wet,42,340,17.0,1080,1920,97
videos/sideswipe/Town06_sideswipe_wet_44_aug2.mp4,video_annotations/Town06_sideswipe_wet_44.json.gz,sideswipe,9.1,182,0.3026041666666667,0.1833333333333333,0.2786458333333333,0.1601851851851851,0.3265625,0.2064814814814815,Town06,wet,44,246,12.3,1080,1920,199
videos/sideswipe/Town06_sideswipe_wet_46_aug2.mp4,video_annotations/Town06_sideswipe_wet_46.json.gz,sideswipe,7.3,146,0.4072916666666666,0.5930555555555556,0.3625,0.5416666666666666,0.4520833333333333,0.6444444444444445,Town06,wet,46,213,10.65,1080,1920,226
videos/t-bone/Town03_t-bone_clear_00_aug2.mp4,video_annotations/Town03_t-bone_clear_00.json.gz,t-bone,3.95,79,0.6557291666666667,0.2722222222222222,0.6244791666666667,0.2037037037037037,0.6869791666666667,0.3407407407407407,Town03,clear,0,296,14.8,1080,1920,95
videos/t-bone/Town03_t-bone_clear_02_aug2.mp4,video_annotations/Town03_t-bone_clear_02.json.gz,t-bone,5.8,116,0.6700520833333333,0.1546296296296296,0.6328125,0.1037037037037037,0.7072916666666667,0.2055555555555555,Town03,clear,2,428,21.4,1080,1920,61
videos/t-bone/Town03_t-bone_clear_04_aug2.mp4,video_annotations/Town03_t-bone_clear_04.json.gz,t-bone,3.9,78,0.409375,0.1828703703703703,0.36875,0.1416666666666666,0.45,0.224074074074074,Town03,clear,4,339,16.95,1080,1920,96
videos/t-bone/Town03_t-bone_clear_06_aug2.mp4,video_annotations/Town03_t-bone_clear_06.json.gz,t-bone,6.1,122,0.21953125,0.7231481481481481,0.184375,0.6435185185185185,0.2546875,0.8027777777777778,Town03,clear,6,328,16.4,1080,1920,53
videos/t-bone/Town03_t-bone_clear_08_aug2.mp4,video_annotations/Town03_t-bone_clear_08.json.gz,t-bone,5.25,105,0.2846354166666666,0.4675925925925926,0.2505208333333333,0.3842592592592592,0.31875,0.5509259259259259,Town03,clear,8,452,22.6,1080,1920,71
videos/t-bone/Town03_t-bone_clear_12_aug2.mp4,video_annotations/Town03_t-bone_clear_12.json.gz,t-bone,8.05,161,0.71875,0.9305555555555556,0.665625,0.862037037037037,0.771875,0.999074074074074,Town03,clear,12,475,23.75,1080,1920,46
videos/t-bone/Town03_t-bone_clear_14_aug2.mp4,video_annotations/Town03_t-bone_clear_14.json.gz,t-bone,4.5,90,0.70625,0.6134259259259259,0.6630208333333333,0.5259259259259259,0.7494791666666667,0.700925925925926,Town03,clear,14,239,11.95,1080,1920,85
videos/t-bone/Town03_t-bone_clear_16_aug2.mp4,video_annotations/Town03_t-bone_clear_16.json.gz,t-bone,7.6,152,0.5734375,0.4481481481481481,0.5354166666666667,0.4092592592592592,0.6114583333333333,0.487037037037037,Town03,clear,16,456,22.8,1080,1920,23
videos/t-bone/Town03_t-bone_clear_18_aug2.mp4,video_annotations/Town03_t-bone_clear_18.json.gz,t-bone,5.05,101,0.5549479166666667,0.3861111111111111,0.5234375,0.3574074074074074,0.5864583333333333,0.4148148148148148,Town03,clear,18,356,17.8,1080,1920,73
videos/t-bone/Town03_t-bone_clear_20_aug2.mp4,video_annotations/Town03_t-bone_clear_20.json.gz,t-bone,3.35,67,0.4947916666666667,0.3101851851851852,0.4619791666666666,0.2731481481481481,0.5276041666666667,0.3472222222222222,Town03,clear,20,359,17.95,1080,1920,99
videos/t-bone/Town03_t-bone_clear_22_aug2.mp4,video_annotations/Town03_t-bone_clear_22.json.gz,t-bone,3.25,65,0.1765625,0.4439814814814815,0.1302083333333333,0.3842592592592592,0.2229166666666666,0.5037037037037037,Town03,clear,22,333,16.65,1080,1920,102
videos/t-bone/Town03_t-bone_clear_24_aug2.mp4,video_annotations/Town03_t-bone_clear_24.json.gz,t-bone,5.4,108,0.39609375,0.5657407407407408,0.3515625,0.4907407407407407,0.440625,0.6407407407407407,Town03,clear,24,309,15.45,1080,1920,70
videos/t-bone/Town03_t-bone_clear_27_aug2.mp4,video_annotations/Town03_t-bone_clear_27.json.gz,t-bone,6.85,137,0.6294270833333333,0.6902777777777778,0.5817708333333333,0.600925925925926,0.6770833333333334,0.7796296296296297,Town03,clear,27,340,17.0,1080,1920,38
videos/t-bone/Town03_t-bone_clear_29_aug2.mp4,video_annotations/Town03_t-bone_clear_29.json.gz,t-bone,6.65,133,0.7591145833333334,0.7097222222222223,0.715625,0.6074074074074074,0.8026041666666667,0.812037037037037,Town03,clear,29,409,20.45,1080,1920,45
videos/t-bone/Town03_t-bone_clear_34_aug2.mp4,video_annotations/Town03_t-bone_clear_34.json.gz,t-bone,6.3,126,0.48515625,0.4708333333333333,0.4484375,0.4444444444444444,0.521875,0.4972222222222222,Town03,clear,34,406,20.3,1080,1920,51
videos/t-bone/Town03_t-bone_clear_36_aug2.mp4,video_annotations/Town03_t-bone_clear_36.json.gz,t-bone,4.2,84,0.4723958333333333,0.6240740740740741,0.4447916666666666,0.5925925925925926,0.5,0.6555555555555556,Town03,clear,36,342,17.1,1080,1920,88
videos/t-bone/Town03_t-bone_clear_38_aug2.mp4,video_annotations/Town03_t-bone_clear_38.json.gz,t-bone,6.45,129,0.22421875,0.4833333333333333,0.1760416666666666,0.4101851851851852,0.2723958333333333,0.5564814814814815,Town03,clear,38,438,21.9,1080,1920,47
videos/t-bone/Town03_t-bone_clear_42_aug2.mp4,video_annotations/Town03_t-bone_clear_42.json.gz,t-bone,6.25,125,0.6505208333333333,0.4564814814814815,0.609375,0.4157407407407407,0.6916666666666667,0.4972222222222222,Town03,clear,42,398,19.9,1080,1920,51
videos/t-bone/Town03_t-bone_clear_46_aug2.mp4,video_annotations/Town03_t-bone_clear_46.json.gz,t-bone,7.35,147,0.6088541666666667,0.575925925925926,0.5666666666666667,0.5388888888888889,0.6510416666666666,0.6129629629629629,Town03,clear,46,482,24.1,1080,1920,27
videos/t-bone/Town03_t-bone_clear_50_aug2.mp4,video_annotations/Town03_t-bone_clear_50.json.gz,t-bone,6.4,128,0.4682291666666666,0.4634259259259259,0.3927083333333333,0.4055555555555555,0.54375,0.5212962962962963,Town03,clear,50,356,17.8,1080,1920,50
videos/t-bone/Town03_t-bone_night_00_aug2.mp4,video_annotations/Town03_t-bone_night_00.json.gz,t-bone,6.4,128,0.6427083333333333,0.2083333333333333,0.6036458333333333,0.1537037037037037,0.6817708333333333,0.2629629629629629,Town03,night,0,459,22.95,1080,1920,49
videos/t-bone/Town03_t-bone_night_02_aug2.mp4,video_annotations/Town03_t-bone_night_02.json.gz,t-bone,6.25,125,0.6802083333333333,0.1611111111111111,0.6276041666666666,0.0814814814814814,0.7328125,0.2407407407407407,Town03,night,2,518,25.9,1080,1920,51
videos/t-bone/Town03_t-bone_night_04_aug2.mp4,video_annotations/Town03_t-bone_night_04.json.gz,t-bone,4.55,91,0.39921875,0.1791666666666666,0.353125,0.1027777777777777,0.4453125,0.2555555555555555,Town03,night,4,363,18.15,1080,1920,78
videos/t-bone/Town03_t-bone_night_06_aug2.mp4,video_annotations/Town03_t-bone_night_06.json.gz,t-bone,5.8,116,0.2184895833333333,0.725925925925926,0.1833333333333333,0.6518518518518519,0.2536458333333333,0.8,Town03,night,6,395,19.75,1080,1920,58
videos/t-bone/Town03_t-bone_night_08_aug2.mp4,video_annotations/Town03_t-bone_night_08.json.gz,t-bone,6.65,133,0.284375,0.4282407407407407,0.2484375,0.3611111111111111,0.3203125,0.4953703703703703,Town03,night,8,474,23.7,1080,1920,42
videos/t-bone/Town03_t-bone_night_13_aug2.mp4,video_annotations/Town03_t-bone_night_13.json.gz,t-bone,5.3,106,0.7203125,0.9291666666666668,0.6765625,0.8592592592592593,0.7640625,0.999074074074074,Town03,night,13,412,20.6,1080,1920,72
videos/t-bone/Town03_t-bone_night_15_aug2.mp4,video_annotations/Town03_t-bone_night_15.json.gz,t-bone,4.15,83,0.7859375,0.3050925925925926,0.7442708333333333,0.2351851851851852,0.8276041666666667,0.375,Town03,night,15,444,22.2,1080,1920,88
videos/t-bone/Town03_t-bone_night_17_aug2.mp4,video_annotations/Town03_t-bone_night_17.json.gz,t-bone,6.25,125,0.6192708333333333,0.3657407407407407,0.5859375,0.3231481481481481,0.6526041666666667,0.4083333333333333,Town03,night,17,397,19.85,1080,1920,50
videos/t-bone/Town03_t-bone_night_19_aug2.mp4,video_annotations/Town03_t-bone_night_19.json.gz,t-bone,6.45,129,0.52578125,0.0212962962962962,0.4854166666666666,0.0,0.5661458333333333,0.0425925925925925,Town03,night,19,415,20.75,1080,1920,48
videos/t-bone/Town03_t-bone_night_22_aug2.mp4,video_annotations/Town03_t-bone_night_22.json.gz,t-bone,6.35,127,0.19140625,0.4097222222222222,0.1578125,0.3361111111111111,0.225,0.4833333333333333,Town03,night,22,384,19.2,1080,1920,49
videos/t-bone/Town03_t-bone_night_24_aug2.mp4,video_annotations/Town03_t-bone_night_24.json.gz,t-bone,5.4,108,0.3986979166666666,0.549537037037037,0.3614583333333333,0.4787037037037037,0.4359375,0.6203703703703703,Town03,night,24,312,15.6,1080,1920,67
videos/t-bone/Town03_t-bone_night_29_aug2.mp4,video_annotations/Town03_t-bone_night_29.json.gz,t-bone,5.55,111,0.7768229166666667,0.7592592592592593,0.7390625,0.6814814814814815,0.8145833333333333,0.837037037037037,Town03,night,29,427,21.35,1080,1920,62
videos/t-bone/Town03_t-bone_night_32_aug2.mp4,video_annotations/Town03_t-bone_night_32.json.gz,t-bone,4.65,93,0.63671875,0.3106481481481482,0.6109375,0.2842592592592592,0.6625,0.337037037037037,Town03,night,32,274,13.7,1080,1920,80
videos/t-bone/Town03_t-bone_night_34_aug2.mp4,video_annotations/Town03_t-bone_night_34.json.gz,t-bone,6.25,125,0.4697916666666666,0.5356481481481481,0.4322916666666667,0.5064814814814815,0.5072916666666667,0.5648148148148148,Town03,night,34,493,24.65,1080,1920,50
videos/t-bone/Town03_t-bone_night_36_aug2.mp4,video_annotations/Town03_t-bone_night_36.json.gz,t-bone,6.05,121,0.4614583333333333,0.5986111111111111,0.43125,0.5675925925925925,0.4916666666666666,0.6296296296296297,Town03,night,36,422,21.1,1080,1920,51
videos/t-bone/Town03_t-bone_night_40_aug2.mp4,video_annotations/Town03_t-bone_night_40.json.gz,t-bone,7.15,143,0.58984375,0.8546296296296296,0.5177083333333333,0.7398148148148148,0.6619791666666667,0.9694444444444444,Town03,night,40,490,24.5,1080,1920,35
videos/t-bone/Town03_t-bone_night_42_aug2.mp4,video_annotations/Town03_t-bone_night_42.json.gz,t-bone,6.65,133,0.6338541666666667,0.4263888888888889,0.5979166666666667,0.3851851851851852,0.6697916666666667,0.4675925925925926,Town03,night,42,512,25.6,1080,1920,34
videos/t-bone/Town03_t-bone_night_44_aug2.mp4,video_annotations/Town03_t-bone_night_44.json.gz,t-bone,5.35,107,0.6447916666666667,0.4902777777777777,0.6223958333333334,0.4675925925925926,0.6671875,0.512962962962963,Town03,night,44,349,17.45,1080,1920,60
videos/t-bone/Town03_t-bone_night_47_aug2.mp4,video_annotations/Town03_t-bone_night_47.json.gz,t-bone,5.7,114,0.40859375,0.3310185185185185,0.3723958333333333,0.312037037037037,0.4447916666666666,0.35,Town03,night,47,434,21.7,1080,1920,63
videos/t-bone/Town03_t-bone_night_49_aug2.mp4,video_annotations/Town03_t-bone_night_49.json.gz,t-bone,4.45,89,0.1338541666666666,0.7490740740740741,0.0822916666666666,0.6916666666666667,0.1854166666666666,0.8064814814814815,Town03,night,49,439,21.95,1080,1920,85
videos/t-bone/Town03_t-bone_night_51_aug2.mp4,video_annotations/Town03_t-bone_night_51.json.gz,t-bone,7.0,140,0.66640625,0.7384259259259259,0.603125,0.6787037037037037,0.7296875,0.7981481481481482,Town03,night,51,383,19.15,1080,1920,37
videos/t-bone/Town03_t-bone_rain_04_aug2.mp4,video_annotations/Town03_t-bone_rain_04.json.gz,t-bone,6.55,131,0.4046875,0.2328703703703703,0.36875,0.1907407407407407,0.440625,0.275,Town03,rain,4,374,18.7,1080,1920,42
videos/t-bone/Town03_t-bone_rain_07_aug2.mp4,video_annotations/Town03_t-bone_rain_07.json.gz,t-bone,4.85,97,0.2114583333333333,0.486574074074074,0.1776041666666666,0.4083333333333333,0.2453125,0.5648148148148148,Town03,rain,7,257,12.85,1080,1920,79
videos/t-bone/Town03_t-bone_rain_10_aug2.mp4,video_annotations/Town03_t-bone_rain_10.json.gz,t-bone,7.4,148,0.4015625,0.700462962962963,0.3302083333333333,0.5925925925925926,0.4729166666666666,0.8083333333333333,Town03,rain,10,410,20.5,1080,1920,26
videos/t-bone/Town03_t-bone_rain_14_aug2.mp4,video_annotations/Town03_t-bone_rain_14.json.gz,t-bone,7.45,149,0.6950520833333333,0.5787037037037037,0.665625,0.5018518518518519,0.7244791666666667,0.6555555555555556,Town03,rain,14,460,23.0,1080,1920,25
videos/t-bone/Town03_t-bone_rain_16_aug2.mp4,video_annotations/Town03_t-bone_rain_16.json.gz,t-bone,5.85,117,0.5989583333333334,0.4958333333333333,0.5713541666666667,0.4592592592592592,0.6265625,0.5324074074074074,Town03,rain,16,380,19.0,1080,1920,59
videos/t-bone/Town03_t-bone_rain_18_aug2.mp4,video_annotations/Town03_t-bone_rain_18.json.gz,t-bone,7.1,142,0.60390625,0.4328703703703703,0.56875,0.3944444444444444,0.6390625,0.4712962962962962,Town03,rain,18,368,18.4,1080,1920,30
videos/t-bone/Town03_t-bone_rain_21_aug2.mp4,video_annotations/Town03_t-bone_rain_21.json.gz,t-bone,4.5,90,0.3096354166666666,0.4425925925925926,0.271875,0.3685185185185185,0.3473958333333333,0.5166666666666667,Town03,rain,21,330,16.5,1080,1920,95
videos/t-bone/Town03_t-bone_rain_23_aug2.mp4,video_annotations/Town03_t-bone_rain_23.json.gz,t-bone,5.6,112,0.1583333333333333,0.600925925925926,0.1078125,0.5101851851851852,0.2088541666666666,0.6916666666666667,Town03,rain,23,415,20.75,1080,1920,62
videos/t-bone/Town03_t-bone_rain_27_aug2.mp4,video_annotations/Town03_t-bone_rain_27.json.gz,t-bone,6.6,132,0.6338541666666667,0.675,0.5786458333333333,0.5916666666666667,0.6890625,0.7583333333333333,Town03,rain,27,367,18.35,1080,1920,41
videos/t-bone/Town03_t-bone_rain_29_aug2.mp4,video_annotations/Town03_t-bone_rain_29.json.gz,t-bone,5.7,114,0.7651041666666667,0.7277777777777777,0.7171875,0.6703703703703704,0.8130208333333333,0.7851851851851852,Town03,rain,29,377,18.85,1080,1920,62
videos/t-bone/Town03_t-bone_rain_31_aug2.mp4,video_annotations/Town03_t-bone_rain_31.json.gz,t-bone,6.15,123,0.6921875,0.4384259259259259,0.634375,0.3722222222222222,0.75,0.5046296296296297,Town03,rain,31,372,18.6,1080,1920,63
videos/t-bone/Town03_t-bone_rain_35_aug2.mp4,video_annotations/Town03_t-bone_rain_35.json.gz,t-bone,4.65,93,0.4484375,0.2578703703703703,0.4125,0.2074074074074074,0.484375,0.3083333333333333,Town03,rain,35,282,14.1,1080,1920,81
videos/t-bone/Town03_t-bone_rain_38_aug2.mp4,video_annotations/Town03_t-bone_rain_38.json.gz,t-bone,2.4,48,0.2138020833333333,0.4759259259259259,0.1755208333333333,0.4064814814814815,0.2520833333333333,0.5453703703703704,Town03,rain,38,248,12.4,1080,1920,127
videos/t-bone/Town03_t-bone_rain_42_aug2.mp4,video_annotations/Town03_t-bone_rain_42.json.gz,t-bone,5.85,117,0.6481770833333333,0.4777777777777778,0.6192708333333333,0.4305555555555556,0.6770833333333334,0.525,Town03,rain,42,343,17.15,1080,1920,57
videos/t-bone/Town03_t-bone_rain_45_aug2.mp4,video_annotations/Town03_t-bone_rain_45.json.gz,t-bone,6.6,132,0.46953125,0.1462962962962962,0.4348958333333333,0.1287037037037037,0.5041666666666667,0.1638888888888889,Town03,rain,45,367,18.35,1080,1920,44
videos/t-bone/Town03_t-bone_rain_48_aug2.mp4,video_annotations/Town03_t-bone_rain_48.json.gz,t-bone,6.4,128,0.20859375,0.6814814814814815,0.1666666666666666,0.6435185185185185,0.2505208333333333,0.7194444444444444,Town03,rain,48,397,19.85,1080,1920,44
videos/t-bone/Town03_t-bone_rain_51_aug2.mp4,video_annotations/Town03_t-bone_rain_51.json.gz,t-bone,5.35,107,0.7005208333333334,0.7425925925925926,0.6473958333333333,0.6851851851851852,0.7536458333333333,0.8,Town03,rain,51,380,19.0,1080,1920,73
videos/t-bone/Town03_t-bone_sunset_01_aug2.mp4,video_annotations/Town03_t-bone_sunset_01.json.gz,t-bone,5.1,102,0.58203125,0.3925925925925926,0.5427083333333333,0.3453703703703704,0.6213541666666667,0.4398148148148148,Town03,sunset,1,335,16.75,1080,1920,75
videos/t-bone/Town03_t-bone_sunset_06_aug2.mp4,video_annotations/Town03_t-bone_sunset_06.json.gz,t-bone,5.7,114,0.2356770833333333,0.6282407407407408,0.1885416666666666,0.5722222222222222,0.2828125,0.6842592592592592,Town03,sunset,6,382,19.1,1080,1920,52
videos/t-bone/Town03_t-bone_sunset_10_aug2.mp4,video_annotations/Town03_t-bone_sunset_10.json.gz,t-bone,5.5,110,0.4184895833333333,0.6504629629629629,0.3536458333333333,0.5611111111111111,0.4833333333333333,0.7398148148148148,Town03,sunset,10,317,15.85,1080,1920,69
videos/t-bone/Town03_t-bone_sunset_14_aug2.mp4,video_annotations/Town03_t-bone_sunset_14.json.gz,t-bone,6.1,122,0.7145833333333333,0.5847222222222223,0.684375,0.5092592592592593,0.7447916666666666,0.6601851851851852,Town03,sunset,14,332,16.6,1080,1920,53
videos/t-bone/Town03_t-bone_sunset_16_aug2.mp4,video_annotations/Town03_t-bone_sunset_16.json.gz,t-bone,7.05,141,0.60234375,0.4842592592592593,0.565625,0.4416666666666666,0.6390625,0.5268518518518519,Town03,sunset,16,317,15.85,1080,1920,36
videos/t-bone/Town03_t-bone_sunset_18_aug2.mp4,video_annotations/Town03_t-bone_sunset_18.json.gz,t-bone,7.4,148,0.57578125,0.4416666666666666,0.5354166666666667,0.412962962962963,0.6161458333333333,0.4703703703703704,Town03,sunset,18,437,21.85,1080,1920,29
videos/t-bone/Town03_t-bone_sunset_20_aug2.mp4,video_annotations/Town03_t-bone_sunset_20.json.gz,t-bone,6.05,121,0.46953125,0.2981481481481481,0.4276041666666667,0.2546296296296296,0.5114583333333333,0.3416666666666667,Town03,sunset,20,348,17.4,1080,1920,53
videos/t-bone/Town03_t-bone_sunset_24_aug2.mp4,video_annotations/Town03_t-bone_sunset_24.json.gz,t-bone,6.4,128,0.3908854166666666,0.5990740740740741,0.3432291666666666,0.524074074074074,0.4385416666666666,0.674074074074074,Town03,sunset,24,275,13.75,1080,1920,49
videos/t-bone/Town03_t-bone_sunset_29_aug2.mp4,video_annotations/Town03_t-bone_sunset_29.json.gz,t-bone,3.65,73,0.7690104166666667,0.7675925925925926,0.7328125,0.6861111111111111,0.8052083333333333,0.8490740740740741,Town03,sunset,29,284,14.2,1080,1920,100
videos/t-bone/Town03_t-bone_sunset_31_aug2.mp4,video_annotations/Town03_t-bone_sunset_31.json.gz,t-bone,7.15,143,0.6890625,0.4277777777777777,0.653125,0.3879629629629629,0.725,0.4675925925925926,Town03,sunset,31,371,18.55,1080,1920,34
videos/t-bone/Town03_t-bone_sunset_34_aug2.mp4,video_annotations/Town03_t-bone_sunset_34.json.gz,t-bone,5.9,118,0.49296875,0.4768518518518518,0.4609375,0.449074074074074,0.525,0.5046296296296297,Town03,sunset,34,222,11.1,1080,1920,56
videos/t-bone/Town03_t-bone_sunset_37_aug2.mp4,video_annotations/Town03_t-bone_sunset_37.json.gz,t-bone,6.45,129,0.1283854166666666,0.4111111111111111,0.0901041666666666,0.3564814814814814,0.1666666666666666,0.4657407407407407,Town03,sunset,37,395,19.75,1080,1920,47
videos/t-bone/Town03_t-bone_sunset_40_aug2.mp4,video_annotations/Town03_t-bone_sunset_40.json.gz,t-bone,6.25,125,0.60546875,0.8819444444444444,0.5375,0.7842592592592592,0.6734375,0.9796296296296296,Town03,sunset,40,438,21.9,1080,1920,49
videos/t-bone/Town03_t-bone_sunset_43_aug2.mp4,video_annotations/Town03_t-bone_sunset_43.json.gz,t-bone,4.3,86,0.69765625,0.2800925925925926,0.6536458333333334,0.2416666666666666,0.7416666666666667,0.3185185185185185,Town03,sunset,43,231,11.55,1080,1920,92
videos/t-bone/Town03_t-bone_sunset_47_aug2.mp4,video_annotations/Town03_t-bone_sunset_47.json.gz,t-bone,5.6,112,0.3903645833333333,0.3287037037037037,0.3520833333333333,0.3064814814814814,0.4286458333333333,0.3509259259259259,Town03,sunset,47,250,12.5,1080,1920,75
videos/t-bone/Town03_t-bone_sunset_50_aug2.mp4,video_annotations/Town03_t-bone_sunset_50.json.gz,t-bone,3.3,66,0.45,0.5282407407407408,0.3885416666666667,0.4462962962962963,0.5114583333333333,0.6101851851851852,Town03,sunset,50,168,8.4,1080,1920,106
videos/t-bone/Town03_t-bone_wet_02_aug2.mp4,video_annotations/Town03_t-bone_wet_02.json.gz,t-bone,6.5,130,0.7002604166666667,0.1449074074074074,0.6526041666666667,0.0592592592592592,0.7479166666666667,0.2305555555555555,Town03,wet,2,390,19.5,1080,1920,33
videos/t-bone/Town03_t-bone_wet_04_aug2.mp4,video_annotations/Town03_t-bone_wet_04.json.gz,t-bone,6.45,129,0.3885416666666667,0.2486111111111111,0.340625,0.1879629629629629,0.4364583333333333,0.3092592592592592,Town03,wet,4,327,16.35,1080,1920,52
videos/t-bone/Town03_t-bone_wet_06_aug2.mp4,video_annotations/Town03_t-bone_wet_06.json.gz,t-bone,7.55,151,0.2127604166666666,0.6620370370370371,0.1770833333333333,0.587037037037037,0.2484375,0.737037037037037,Town03,wet,6,423,21.15,1080,1920,26
videos/t-bone/Town03_t-bone_wet_08_aug2.mp4,video_annotations/Town03_t-bone_wet_08.json.gz,t-bone,5.0,100,0.2802083333333333,0.4171296296296296,0.2489583333333333,0.3416666666666667,0.3114583333333333,0.4925925925925926,Town03,wet,8,267,13.35,1080,1920,73
videos/t-bone/Town03_t-bone_wet_13_aug2.mp4,video_annotations/Town03_t-bone_wet_13.json.gz,t-bone,6.15,123,0.7145833333333333,0.899074074074074,0.6713541666666667,0.825,0.7578125,0.973148148148148,Town03,wet,13,425,21.25,1080,1920,50
videos/t-bone/Town03_t-bone_wet_15_aug2.mp4,video_annotations/Town03_t-bone_wet_15.json.gz,t-bone,5.15,103,0.7859375,0.2671296296296296,0.7484375,0.1888888888888888,0.8234375,0.3453703703703704,Town03,wet,15,395,19.75,1080,1920,74
videos/t-bone/Town03_t-bone_wet_18_aug2.mp4,video_annotations/Town03_t-bone_wet_18.json.gz,t-bone,4.4,88,0.57421875,0.4546296296296296,0.5458333333333333,0.4259259259259259,0.6026041666666667,0.4833333333333333,Town03,wet,18,339,16.95,1080,1920,86
videos/t-bone/Town03_t-bone_wet_21_aug2.mp4,video_annotations/Town03_t-bone_wet_21.json.gz,t-bone,4.55,91,0.3294270833333333,0.4555555555555555,0.3,0.4111111111111111,0.3588541666666666,0.5,Town03,wet,21,284,14.2,1080,1920,82
videos/t-bone/Town03_t-bone_wet_27_aug2.mp4,video_annotations/Town03_t-bone_wet_27.json.gz,t-bone,6.15,123,0.64921875,0.7486111111111111,0.5947916666666667,0.6666666666666666,0.7036458333333333,0.8305555555555556,Town03,wet,27,293,14.65,1080,1920,52
videos/t-bone/Town03_t-bone_wet_30_aug2.mp4,video_annotations/Town03_t-bone_wet_30.json.gz,t-bone,5.2,104,0.73046875,0.4407407407407407,0.6963541666666667,0.3990740740740741,0.7645833333333333,0.4824074074074074,Town03,wet,30,265,13.25,1080,1920,64
videos/t-bone/Town03_t-bone_wet_33_aug2.mp4,video_annotations/Town03_t-bone_wet_33.json.gz,t-bone,6.8,136,0.4729166666666666,0.4379629629629629,0.4322916666666667,0.412962962962963,0.5135416666666667,0.4629629629629629,Town03,wet,33,425,21.25,1080,1920,43
videos/t-bone/Town03_t-bone_wet_35_aug2.mp4,video_annotations/Town03_t-bone_wet_35.json.gz,t-bone,7.2,144,0.4440104166666667,0.2912037037037037,0.4114583333333333,0.2601851851851852,0.4765625,0.3222222222222222,Town03,wet,35,424,21.2,1080,1920,29
videos/t-bone/Town03_t-bone_wet_38_aug2.mp4,video_annotations/Town03_t-bone_wet_38.json.gz,t-bone,3.85,77,0.22578125,0.5199074074074074,0.1838541666666666,0.4462962962962963,0.2677083333333333,0.5935185185185186,Town03,wet,38,372,18.6,1080,1920,101
videos/t-bone/Town03_t-bone_wet_41_aug2.mp4,video_annotations/Town03_t-bone_wet_41.json.gz,t-bone,6.05,121,0.7955729166666666,0.8236111111111111,0.7484375,0.7435185185185185,0.8427083333333333,0.9037037037037036,Town03,wet,41,271,13.55,1080,1920,56
videos/t-bone/Town03_t-bone_wet_43_aug2.mp4,video_annotations/Town03_t-bone_wet_43.json.gz,t-bone,5.75,115,0.6864583333333333,0.3129629629629629,0.6557291666666667,0.2824074074074074,0.7171875,0.3435185185185185,Town03,wet,43,303,15.15,1080,1920,60
videos/t-bone/Town03_t-bone_wet_45_aug2.mp4,video_annotations/Town03_t-bone_wet_45.json.gz,t-bone,5.2,104,0.4796875,0.2106481481481481,0.4416666666666666,0.187037037037037,0.5177083333333333,0.2342592592592592,Town03,wet,45,232,11.6,1080,1920,75
videos/t-bone/Town03_t-bone_wet_48_aug2.mp4,video_annotations/Town03_t-bone_wet_48.json.gz,t-bone,7.1,142,0.1484375,0.674074074074074,0.0901041666666666,0.6157407407407407,0.2067708333333333,0.7324074074074074,Town03,wet,48,401,20.05,1080,1920,30
videos/t-bone/Town03_t-bone_wet_50_aug2.mp4,video_annotations/Town03_t-bone_wet_50.json.gz,t-bone,5.8,116,0.4955729166666666,0.4856481481481481,0.4255208333333333,0.4064814814814815,0.565625,0.5648148148148148,Town03,wet,50,226,11.3,1080,1920,60
videos/t-bone/Town07_t-bone_clear_00_aug2.mp4,video_annotations/Town07_t-bone_clear_00.json.gz,t-bone,3.9,78,0.37109375,0.8787037037037037,0.2734375,0.7583333333333333,0.46875,0.999074074074074,Town07,clear,0,225,11.25,1080,1920,69
videos/t-bone/Town07_t-bone_clear_02_aug2.mp4,video_annotations/Town07_t-bone_clear_02.json.gz,t-bone,4.65,93,0.4916666666666666,0.762962962962963,0.4119791666666667,0.5851851851851851,0.5713541666666667,0.9407407407407408,Town07,clear,2,211,10.55,1080,1920,58
videos/t-bone/Town07_t-bone_clear_06_aug2.mp4,video_annotations/Town07_t-bone_clear_06.json.gz,t-bone,5.55,111,0.5552083333333333,0.6546296296296297,0.4765625,0.5509259259259259,0.6338541666666667,0.7583333333333333,Town07,clear,6,258,12.9,1080,1920,34
videos/t-bone/Town07_t-bone_clear_08_aug2.mp4,video_annotations/Town07_t-bone_clear_08.json.gz,t-bone,5.8,116,0.53828125,0.449537037037037,0.4671875,0.362037037037037,0.609375,0.5370370370370371,Town07,clear,8,238,11.9,1080,1920,31
videos/t-bone/Town07_t-bone_clear_10_aug2.mp4,video_annotations/Town07_t-bone_clear_10.json.gz,t-bone,4.5,90,0.4614583333333333,0.3814814814814815,0.4229166666666666,0.2787037037037037,0.5,0.4842592592592593,Town07,clear,10,279,13.95,1080,1920,59
videos/t-bone/Town07_t-bone_clear_12_aug2.mp4,video_annotations/Town07_t-bone_clear_12.json.gz,t-bone,6.1,122,0.4200520833333333,0.513425925925926,0.3713541666666666,0.375,0.46875,0.6518518518518519,Town07,clear,12,285,14.25,1080,1920,26
videos/t-bone/Town07_t-bone_clear_15_aug2.mp4,video_annotations/Town07_t-bone_clear_15.json.gz,t-bone,4.7,94,0.38359375,0.4453703703703703,0.3166666666666666,0.3407407407407407,0.4505208333333333,0.55,Town07,clear,15,288,14.4,1080,1920,59
videos/t-bone/Town07_t-bone_clear_17_aug2.mp4,video_annotations/Town07_t-bone_clear_17.json.gz,t-bone,4.85,97,0.3692708333333333,0.4972222222222222,0.2411458333333333,0.2851851851851852,0.4973958333333333,0.7092592592592593,Town07,clear,17,291,14.55,1080,1920,44
videos/t-bone/Town07_t-bone_clear_19_aug2.mp4,video_annotations/Town07_t-bone_clear_19.json.gz,t-bone,5.85,117,0.528125,0.6324074074074074,0.4614583333333333,0.4555555555555555,0.5947916666666667,0.8092592592592592,Town07,clear,19,257,12.85,1080,1920,35
videos/t-bone/Town07_t-bone_clear_21_aug2.mp4,video_annotations/Town07_t-bone_clear_21.json.gz,t-bone,5.9,118,0.5552083333333333,0.2986111111111111,0.4848958333333333,0.2129629629629629,0.6255208333333333,0.3842592592592592,Town07,clear,21,299,14.95,1080,1920,35
videos/t-bone/Town07_t-bone_clear_24_aug2.mp4,video_annotations/Town07_t-bone_clear_24.json.gz,t-bone,5.45,109,0.63515625,0.5587962962962963,0.5375,0.4592592592592592,0.7328125,0.6583333333333333,Town07,clear,24,340,17.0,1080,1920,41
videos/t-bone/Town07_t-bone_clear_26_aug2.mp4,video_annotations/Town07_t-bone_clear_26.json.gz,t-bone,4.4,88,0.43046875,0.6125,0.3927083333333333,0.512962962962963,0.4682291666666666,0.712037037037037,Town07,clear,26,261,13.05,1080,1920,58
videos/t-bone/Town07_t-bone_clear_28_aug2.mp4,video_annotations/Town07_t-bone_clear_28.json.gz,t-bone,5.3,106,0.3822916666666666,0.4583333333333333,0.3260416666666667,0.3537037037037037,0.4385416666666666,0.562962962962963,Town07,clear,28,249,12.45,1080,1920,41
videos/t-bone/Town07_t-bone_clear_30_aug2.mp4,video_annotations/Town07_t-bone_clear_30.json.gz,t-bone,6.1,122,0.2364583333333333,0.7574074074074074,0.1270833333333333,0.649074074074074,0.3458333333333333,0.8657407407407407,Town07,clear,30,234,11.7,1080,1920,29
videos/t-bone/Town07_t-bone_clear_32_aug2.mp4,video_annotations/Town07_t-bone_clear_32.json.gz,t-bone,5.85,117,0.4434895833333333,0.7222222222222222,0.3588541666666666,0.5861111111111111,0.528125,0.8583333333333333,Town07,clear,32,310,15.5,1080,1920,32
videos/t-bone/Town07_t-bone_clear_34_aug2.mp4,video_annotations/Town07_t-bone_clear_34.json.gz,t-bone,5.35,107,0.63984375,0.4375,0.5583333333333333,0.2629629629629629,0.7213541666666666,0.612037037037037,Town07,clear,34,334,16.7,1080,1920,39
videos/t-bone/Town07_t-bone_clear_36_aug2.mp4,video_annotations/Town07_t-bone_clear_36.json.gz,t-bone,5.8,116,0.6661458333333333,0.6976851851851852,0.5645833333333333,0.612037037037037,0.7677083333333333,0.7833333333333333,Town07,clear,36,233,11.65,1080,1920,32
videos/t-bone/Town07_t-bone_clear_38_aug2.mp4,video_annotations/Town07_t-bone_clear_38.json.gz,t-bone,4.0,80,0.55,0.5791666666666667,0.4661458333333333,0.5148148148148148,0.6338541666666667,0.6435185185185185,Town07,clear,38,274,13.7,1080,1920,66
videos/t-bone/Town07_t-bone_clear_40_aug2.mp4,video_annotations/Town07_t-bone_clear_40.json.gz,t-bone,4.55,91,0.3994791666666666,0.3699074074074074,0.3208333333333333,0.2518518518518518,0.478125,0.487962962962963,Town07,clear,40,187,9.35,1080,1920,53
videos/t-bone/Town07_t-bone_clear_42_aug2.mp4,video_annotations/Town07_t-bone_clear_42.json.gz,t-bone,5.25,105,0.4963541666666666,0.4972222222222222,0.4588541666666667,0.4203703703703704,0.5338541666666666,0.5740740740740741,Town07,clear,42,240,12.0,1080,1920,51
videos/t-bone/Town07_t-bone_clear_44_aug2.mp4,video_annotations/Town07_t-bone_clear_44.json.gz,t-bone,5.15,103,0.24609375,0.3657407407407407,0.1244791666666666,0.2731481481481481,0.3677083333333333,0.4583333333333333,Town07,clear,44,250,12.5,1080,1920,44
videos/t-bone/Town07_t-bone_clear_46_aug2.mp4,video_annotations/Town07_t-bone_clear_46.json.gz,t-bone,5.0,100,0.4796875,0.4740740740740741,0.38125,0.3824074074074074,0.578125,0.5657407407407408,Town07,clear,46,212,10.6,1080,1920,46
videos/t-bone/Town10HD_t-bone_clear_02_aug2.mp4,video_annotations/Town10HD_t-bone_clear_02.json.gz,t-bone,5.0,100,0.38828125,0.6564814814814814,0.3177083333333333,0.5342592592592592,0.4588541666666667,0.7787037037037037,Town10HD,clear,2,365,18.25,1080,1920,86
videos/t-bone/Town10HD_t-bone_clear_04_aug2.mp4,video_annotations/Town10HD_t-bone_clear_04.json.gz,t-bone,6.0,120,0.2877604166666667,0.850462962962963,0.2234375,0.7018518518518518,0.3520833333333333,0.999074074074074,Town10HD,clear,4,456,22.8,1080,1920,59
videos/t-bone/Town10HD_t-bone_clear_07_aug2.mp4,video_annotations/Town10HD_t-bone_clear_07.json.gz,t-bone,7.1,142,0.5625,0.8611111111111112,0.4708333333333333,0.7231481481481481,0.6541666666666667,0.999074074074074,Town10HD,clear,7,404,20.2,1080,1920,39
videos/t-bone/Town10HD_t-bone_clear_11_aug2.mp4,video_annotations/Town10HD_t-bone_clear_11.json.gz,t-bone,7.45,149,0.56171875,0.3125,0.5067708333333333,0.2148148148148148,0.6166666666666667,0.4101851851851852,Town10HD,clear,11,404,20.2,1080,1920,30
videos/t-bone/Town10HD_t-bone_clear_13_aug2.mp4,video_annotations/Town10HD_t-bone_clear_13.json.gz,t-bone,6.25,125,0.5236979166666667,0.0805555555555555,0.4567708333333333,0.0,0.590625,0.1611111111111111,Town10HD,clear,13,456,22.8,1080,1920,57
videos/t-bone/Town10HD_t-bone_clear_15_aug2.mp4,video_annotations/Town10HD_t-bone_clear_15.json.gz,t-bone,6.9,138,0.3283854166666666,0.2819444444444444,0.2713541666666667,0.2212962962962963,0.3854166666666667,0.3425925925925926,Town10HD,clear,15,377,18.85,1080,1920,41
videos/t-bone/Town10HD_t-bone_clear_18_aug2.mp4,video_annotations/Town10HD_t-bone_clear_18.json.gz,t-bone,5.2,104,0.2322916666666666,0.5777777777777777,0.1713541666666666,0.4666666666666667,0.2932291666666666,0.6888888888888889,Town10HD,clear,18,396,19.8,1080,1920,83
videos/t-bone/Town10HD_t-bone_clear_20_aug2.mp4,video_annotations/Town10HD_t-bone_clear_20.json.gz,t-bone,4.45,89,0.478125,0.7958333333333333,0.4125,0.6222222222222222,0.54375,0.9694444444444444,Town10HD,clear,20,433,21.65,1080,1920,87
videos/t-bone/Town10HD_t-bone_clear_24_aug2.mp4,video_annotations/Town10HD_t-bone_clear_24.json.gz,t-bone,6.3,126,0.7395833333333334,0.5583333333333333,0.6572916666666667,0.4287037037037037,0.821875,0.687962962962963,Town10HD,clear,24,358,17.9,1080,1920,56
videos/t-bone/Town10HD_t-bone_clear_26_aug2.mp4,video_annotations/Town10HD_t-bone_clear_26.json.gz,t-bone,6.25,125,0.5661458333333333,0.3722222222222222,0.5109375,0.2805555555555555,0.6213541666666667,0.4638888888888889,Town10HD,clear,26,350,17.5,1080,1920,54
videos/t-bone/Town10HD_t-bone_clear_28_aug2.mp4,video_annotations/Town10HD_t-bone_clear_28.json.gz,t-bone,4.85,97,0.5,0.6134259259259259,0.4515625,0.5435185185185185,0.5484375,0.6833333333333333,Town10HD,clear,28,403,20.15,1080,1920,79
videos/t-bone/Town10HD_t-bone_clear_31_aug2.mp4,video_annotations/Town10HD_t-bone_clear_31.json.gz,t-bone,5.7,114,0.2408854166666666,0.4671296296296296,0.1640625,0.3731481481481482,0.3177083333333333,0.5611111111111111,Town10HD,clear,31,434,21.7,1080,1920,73
videos/t-bone/Town10HD_t-bone_clear_36_aug2.mp4,video_annotations/Town10HD_t-bone_clear_36.json.gz,t-bone,7.6,152,0.61171875,0.6583333333333333,0.5166666666666667,0.5157407407407407,0.7067708333333333,0.8009259259259259,Town10HD,clear,36,358,17.9,1080,1920,31
videos/t-bone/Town10HD_t-bone_clear_38_aug2.mp4,video_annotations/Town10HD_t-bone_clear_38.json.gz,t-bone,5.6,112,0.7046875,0.3930555555555555,0.6510416666666666,0.3064814814814814,0.7583333333333333,0.4796296296296296,Town10HD,clear,38,324,16.2,1080,1920,67
videos/t-bone/Town10HD_t-bone_clear_41_aug2.mp4,video_annotations/Town10HD_t-bone_clear_41.json.gz,t-bone,6.6,132,0.4,0.5282407407407408,0.3541666666666667,0.487962962962963,0.4458333333333333,0.5685185185185185,Town10HD,clear,41,453,22.65,1080,1920,47
videos/t-bone/Town10HD_t-bone_clear_44_aug2.mp4,video_annotations/Town10HD_t-bone_clear_44.json.gz,t-bone,6.85,137,0.34453125,0.5009259259259259,0.2921875,0.4314814814814814,0.396875,0.5703703703703704,Town10HD,clear,44,417,20.85,1080,1920,50
videos/t-bone/Town10HD_t-bone_clear_47_aug2.mp4,video_annotations/Town10HD_t-bone_clear_47.json.gz,t-bone,7.0,140,0.653125,0.911574074074074,0.5244791666666667,0.8240740740740741,0.7817708333333333,0.999074074074074,Town10HD,clear,47,400,20.0,1080,1920,46
videos/t-bone/Town10HD_t-bone_clear_49_aug2.mp4,video_annotations/Town10HD_t-bone_clear_49.json.gz,t-bone,5.1,102,0.7354166666666667,0.5680555555555555,0.6364583333333333,0.4888888888888889,0.834375,0.6472222222222223,Town10HD,clear,49,300,15.0,1080,1920,74
videos/t-bone/Town10HD_t-bone_night_00_aug2.mp4,video_annotations/Town10HD_t-bone_night_00.json.gz,t-bone,4.25,85,0.4421875,0.3328703703703703,0.3822916666666666,0.2472222222222222,0.5020833333333333,0.4185185185185185,Town10HD,night,0,367,18.35,1080,1920,102
videos/t-bone/Town10HD_t-bone_night_02_aug2.mp4,video_annotations/Town10HD_t-bone_night_02.json.gz,t-bone,6.45,129,0.4067708333333333,0.6402777777777777,0.3541666666666667,0.5370370370370371,0.459375,0.7435185185185185,Town10HD,night,2,532,26.6,1080,1920,54
videos/t-bone/Town10HD_t-bone_night_04_aug2.mp4,video_annotations/Town10HD_t-bone_night_04.json.gz,t-bone,7.45,149,0.3046875,0.8458333333333333,0.2463541666666666,0.6925925925925925,0.3630208333333333,0.999074074074074,Town10HD,night,4,554,27.7,1080,1920,30
videos/t-bone/Town10HD_t-bone_night_07_aug2.mp4,video_annotations/Town10HD_t-bone_night_07.json.gz,t-bone,8.05,161,0.5328125,0.8916666666666667,0.4572916666666666,0.7842592592592592,0.6083333333333333,0.999074074074074,Town10HD,night,7,567,28.35,1080,1920,22
videos/t-bone/Town10HD_t-bone_night_10_aug2.mp4,video_annotations/Town10HD_t-bone_night_10.json.gz,t-bone,4.4,88,0.6091145833333333,0.4430555555555555,0.5552083333333333,0.3472222222222222,0.6630208333333333,0.5388888888888889,Town10HD,night,10,483,24.15,1080,1920,93
videos/t-bone/Town10HD_t-bone_night_13_aug2.mp4,video_annotations/Town10HD_t-bone_night_13.json.gz,t-bone,6.5,130,0.521875,0.0912037037037037,0.4619791666666666,0.0009259259259259,0.5817708333333333,0.1814814814814815,Town10HD,night,13,480,24.0,1080,1920,53
videos/t-bone/Town10HD_t-bone_night_15_aug2.mp4,video_annotations/Town10HD_t-bone_night_15.json.gz,t-bone,6.7,134,0.3200520833333333,0.2736111111111111,0.2609375,0.1953703703703703,0.3791666666666666,0.3518518518518518,Town10HD,night,15,544,27.2,1080,1920,52
videos/t-bone/Town10HD_t-bone_night_18_aug2.mp4,video_annotations/Town10HD_t-bone_night_18.json.gz,t-bone,7.3,146,0.2484375,0.5736111111111111,0.1697916666666666,0.4462962962962963,0.3270833333333333,0.700925925925926,Town10HD,night,18,572,28.6,1080,1920,37
videos/t-bone/Town10HD_t-bone_night_20_aug2.mp4,video_annotations/Town10HD_t-bone_night_20.json.gz,t-bone,6.8,136,0.4033854166666666,0.7324074074074074,0.3229166666666667,0.587037037037037,0.4838541666666666,0.8777777777777778,Town10HD,night,20,253,12.65,1080,1920,47
videos/t-bone/Town10HD_t-bone_night_23_aug2.mp4,video_annotations/Town10HD_t-bone_night_23.json.gz,t-bone,4.85,97,0.6921875,0.5259259259259259,0.6114583333333333,0.4175925925925925,0.7729166666666667,0.6342592592592593,Town10HD,night,23,528,26.4,1080,1920,83
videos/t-bone/Town10HD_t-bone_night_26_aug2.mp4,video_annotations/Town10HD_t-bone_night_26.json.gz,t-bone,7.5,150,0.6018229166666667,0.3439814814814815,0.5369791666666667,0.275,0.6666666666666666,0.412962962962963,Town10HD,night,26,288,14.4,1080,1920,37
videos/t-bone/Town10HD_t-bone_sunset_02_aug2.mp4,video_annotations/Town10HD_t-bone_sunset_02.json.gz,t-bone,5.5,110,0.4205729166666667,0.6347222222222222,0.3614583333333333,0.5694444444444444,0.4796875,0.7,Town10HD,sunset,2,416,20.8,1080,1920,72
videos/t-bone/Town10HD_t-bone_sunset_04_aug2.mp4,video_annotations/Town10HD_t-bone_sunset_04.json.gz,t-bone,5.4,108,0.2815104166666666,0.8666666666666667,0.2166666666666666,0.7342592592592593,0.3463541666666667,0.999074074074074,Town10HD,sunset,4,373,18.65,1080,1920,73
videos/t-bone/Town10HD_t-bone_sunset_08_aug2.mp4,video_annotations/Town10HD_t-bone_sunset_08.json.gz,t-bone,6.6,132,0.6380208333333334,0.7907407407407407,0.5635416666666667,0.6972222222222222,0.7125,0.8842592592592593,Town10HD,sunset,8,374,18.7,1080,1920,54
videos/t-bone/Town10HD_t-bone_sunset_10_aug2.mp4,video_annotations/Town10HD_t-bone_sunset_10.json.gz,t-bone,5.3,106,0.59609375,0.3837962962962963,0.5520833333333334,0.2796296296296296,0.6401041666666667,0.487962962962963,Town10HD,sunset,10,427,21.35,1080,1920,76
videos/t-bone/Town10HD_t-bone_sunset_12_aug2.mp4,video_annotations/Town10HD_t-bone_sunset_12.json.gz,t-bone,5.75,115,0.6158854166666666,0.1759259259259259,0.5744791666666667,0.0805555555555555,0.6572916666666667,0.2712962962962963,Town10HD,sunset,12,423,21.15,1080,1920,66
videos/t-bone/Town10HD_t-bone_sunset_15_aug2.mp4,video_annotations/Town10HD_t-bone_sunset_15.json.gz,t-bone,6.9,138,0.3377604166666667,0.3578703703703704,0.2953125,0.2814814814814815,0.3802083333333333,0.4342592592592592,Town10HD,sunset,15,490,24.5,1080,1920,43
videos/t-bone/Town10HD_t-bone_sunset_18_aug2.mp4,video_annotations/Town10HD_t-bone_sunset_18.json.gz,t-bone,7.95,159,0.2057291666666666,0.6430555555555556,0.1270833333333333,0.487962962962963,0.284375,0.7981481481481482,Town10HD,sunset,18,398,19.9,1080,1920,23
videos/t-bone/Town10HD_t-bone_sunset_22_aug2.mp4,video_annotations/Town10HD_t-bone_sunset_22.json.gz,t-bone,5.0,100,0.5544270833333333,0.5699074074074074,0.478125,0.4629629629629629,0.6307291666666667,0.6768518518518518,Town10HD,sunset,22,420,21.0,1080,1920,76
videos/t-bone/Town10HD_t-bone_sunset_25_aug2.mp4,video_annotations/Town10HD_t-bone_sunset_25.json.gz,t-bone,5.35,107,0.68671875,0.5175925925925926,0.6338541666666667,0.4166666666666667,0.7395833333333334,0.6185185185185185,Town10HD,sunset,25,345,17.25,1080,1920,74
videos/t-bone/Town10HD_t-bone_sunset_28_aug2.mp4,video_annotations/Town10HD_t-bone_sunset_28.json.gz,t-bone,5.95,119,0.5135416666666667,0.6240740740740741,0.4635416666666667,0.5546296296296296,0.5635416666666667,0.6935185185185185,Town10HD,sunset,28,316,15.8,1080,1920,63
videos/t-bone/Town10HD_t-bone_sunset_31_aug2.mp4,video_annotations/Town10HD_t-bone_sunset_31.json.gz,t-bone,5.6,112,0.25859375,0.4657407407407407,0.1786458333333333,0.3731481481481482,0.3385416666666667,0.5583333333333333,Town10HD,sunset,31,273,13.65,1080,1920,67
videos/t-bone/Town10HD_t-bone_sunset_35_aug2.mp4,video_annotations/Town10HD_t-bone_sunset_35.json.gz,t-bone,6.5,130,0.6643229166666667,0.8421296296296297,0.5786458333333333,0.7388888888888889,0.75,0.9453703703703704,Town10HD,sunset,35,353,17.65,1080,1920,49
videos/t-bone/Town10HD_t-bone_sunset_37_aug2.mp4,video_annotations/Town10HD_t-bone_sunset_37.json.gz,t-bone,5.7,114,0.7291666666666666,0.6268518518518519,0.6546875,0.5453703703703704,0.8036458333333333,0.7083333333333334,Town10HD,sunset,37,397,19.85,1080,1920,65
videos/t-bone/Town10HD_t-bone_sunset_40_aug2.mp4,video_annotations/Town10HD_t-bone_sunset_40.json.gz,t-bone,6.2,124,0.58203125,0.5680555555555555,0.5401041666666667,0.5074074074074074,0.6239583333333333,0.6287037037037037,Town10HD,sunset,40,435,21.75,1080,1920,58
videos/t-bone/Town10HD_t-bone_sunset_42_aug2.mp4,video_annotations/Town10HD_t-bone_sunset_42.json.gz,t-bone,7.15,143,0.3919270833333333,0.5810185185185185,0.3484375,0.5481481481481482,0.4354166666666667,0.6138888888888889,Town10HD,sunset,42,427,21.35,1080,1920,36
videos/t-bone/Town10HD_t-bone_sunset_44_aug2.mp4,video_annotations/Town10HD_t-bone_sunset_44.json.gz,t-bone,6.75,135,0.33984375,0.5819444444444445,0.2880208333333333,0.5101851851851852,0.3916666666666666,0.6537037037037037,Town10HD,sunset,44,388,19.4,1080,1920,52
videos/t-bone/Town10HD_t-bone_sunset_46_aug2.mp4,video_annotations/Town10HD_t-bone_sunset_46.json.gz,t-bone,7.05,141,0.4234375,0.6620370370370371,0.3494791666666667,0.5666666666666667,0.4973958333333333,0.7574074074074074,Town10HD,sunset,46,435,21.75,1080,1920,40
videos/t-bone/Town10HD_t-bone_sunset_48_aug2.mp4,video_annotations/Town10HD_t-bone_sunset_48.json.gz,t-bone,3.95,79,0.56796875,0.7324074074074074,0.5,0.6731481481481482,0.6359375,0.7916666666666666,Town10HD,sunset,48,339,16.95,1080,1920,105
videos/t-bone/Town10HD_t-bone_sunset_52_aug2.mp4,video_annotations/Town10HD_t-bone_sunset_52.json.gz,t-bone,5.05,101,0.5455729166666666,0.3138888888888889,0.4979166666666667,0.2703703703703703,0.5932291666666667,0.3574074074074074,Town10HD,sunset,52,386,19.3,1080,1920,80
videos/t-bone/Town10HD_t-bone_wet_00_aug2.mp4,video_annotations/Town10HD_t-bone_wet_00.json.gz,t-bone,2.95,59,0.4541666666666666,0.4027777777777778,0.4135416666666666,0.3185185185185185,0.4947916666666667,0.487037037037037,Town10HD,wet,0,195,9.75,1080,1920,122
videos/t-bone/Town10HD_t-bone_wet_03_aug2.mp4,video_annotations/Town10HD_t-bone_wet_03.json.gz,t-bone,6.25,125,0.33359375,0.7328703703703704,0.2609375,0.5962962962962963,0.40625,0.8694444444444445,Town10HD,wet,3,454,22.7,1080,1920,54
videos/t-bone/Town10HD_t-bone_wet_05_aug2.mp4,video_annotations/Town10HD_t-bone_wet_05.json.gz,t-bone,7.2,144,0.4065104166666666,0.9194444444444444,0.3322916666666666,0.8398148148148148,0.4807291666666666,0.999074074074074,Town10HD,wet,5,426,21.3,1080,1920,38
videos/t-bone/Town10HD_t-bone_wet_12_aug2.mp4,video_annotations/Town10HD_t-bone_wet_12.json.gz,t-bone,5.7,114,0.6106770833333334,0.2259259259259259,0.5671875,0.1277777777777777,0.6541666666666667,0.324074074074074,Town10HD,wet,12,361,18.05,1080,1920,62
videos/t-bone/Town10HD_t-bone_wet_15_aug2.mp4,video_annotations/Town10HD_t-bone_wet_15.json.gz,t-bone,6.05,121,0.3283854166666666,0.337037037037037,0.2864583333333333,0.2648148148148148,0.3703125,0.4092592592592592,Town10HD,wet,15,386,19.3,1080,1920,60
videos/t-bone/Town10HD_t-bone_wet_20_aug2.mp4,video_annotations/Town10HD_t-bone_wet_20.json.gz,t-bone,7.65,153,0.4528645833333333,0.7861111111111111,0.4010416666666667,0.6277777777777778,0.5046875,0.9444444444444444,Town10HD,wet,20,378,18.9,1080,1920,29
videos/t-bone/Town10HD_t-bone_wet_24_aug2.mp4,video_annotations/Town10HD_t-bone_wet_24.json.gz,t-bone,5.45,109,0.77421875,0.6050925925925926,0.6838541666666667,0.4601851851851852,0.8645833333333334,0.75,Town10HD,wet,24,361,18.05,1080,1920,73
videos/t-bone/Town10HD_t-bone_wet_27_aug2.mp4,video_annotations/Town10HD_t-bone_wet_27.json.gz,t-bone,5.8,116,0.5291666666666667,0.4888888888888889,0.4921875,0.412962962962963,0.5661458333333333,0.5648148148148148,Town10HD,wet,27,326,16.3,1080,1920,60
videos/t-bone/Town10HD_t-bone_wet_31_aug2.mp4,video_annotations/Town10HD_t-bone_wet_31.json.gz,t-bone,3.9,78,0.2515625,0.4828703703703704,0.1828125,0.4046296296296296,0.3203125,0.5611111111111111,Town10HD,wet,31,362,18.1,1080,1920,105
videos/t-bone/Town10HD_t-bone_wet_33_aug2.mp4,video_annotations/Town10HD_t-bone_wet_33.json.gz,t-bone,4.85,97,0.4236979166666667,0.5824074074074074,0.3473958333333333,0.4703703703703704,0.5,0.6944444444444444,Town10HD,wet,33,262,13.1,1080,1920,86
videos/t-bone/Town10HD_t-bone_wet_36_aug2.mp4,video_annotations/Town10HD_t-bone_wet_36.json.gz,t-bone,4.3,86,0.6471354166666666,0.6425925925925926,0.5489583333333333,0.5416666666666666,0.7453125,0.7435185185185185,Town10HD,wet,36,228,11.4,1080,1920,90
videos/t-bone/Town10HD_t-bone_wet_39_aug2.mp4,video_annotations/Town10HD_t-bone_wet_39.json.gz,t-bone,5.8,116,0.5044270833333333,0.2472222222222222,0.4567708333333333,0.187037037037037,0.5520833333333334,0.3074074074074074,Town10HD,wet,39,411,20.55,1080,1920,65
videos/t-bone/Town10HD_t-bone_wet_42_aug2.mp4,video_annotations/Town10HD_t-bone_wet_42.json.gz,t-bone,6.35,127,0.3690104166666667,0.575925925925926,0.3208333333333333,0.5462962962962963,0.4171875,0.6055555555555555,Town10HD,wet,42,417,20.85,1080,1920,59
videos/t-bone/Town10HD_t-bone_wet_45_aug2.mp4,video_annotations/Town10HD_t-bone_wet_45.json.gz,t-bone,7.5,150,0.2184895833333333,0.7125,0.0875,0.5638888888888889,0.3494791666666667,0.8611111111111112,Town10HD,wet,45,384,19.2,1080,1920,36
videos/t-bone/Town10HD_t-bone_wet_47_aug2.mp4,video_annotations/Town10HD_t-bone_wet_47.json.gz,t-bone,7.2,144,0.6361979166666667,0.9425925925925924,0.5166666666666667,0.8861111111111111,0.7557291666666667,0.999074074074074,Town10HD,wet,47,460,23.0,1080,1920,44
videos/t-bone/Town10HD_t-bone_wet_49_aug2.mp4,video_annotations/Town10HD_t-bone_wet_49.json.gz,t-bone,6.5,130,0.74765625,0.6078703703703704,0.6723958333333333,0.5111111111111111,0.8229166666666666,0.7046296296296296,Town10HD,wet,49,338,16.9,1080,1920,53
videos/t-bone/Town10HD_t-bone_wet_52_aug2.mp4,video_annotations/Town10HD_t-bone_wet_52.json.gz,t-bone,4.5,90,0.5450520833333333,0.3180555555555555,0.4895833333333333,0.2694444444444444,0.6005208333333333,0.3666666666666666,Town10HD,wet,52,298,14.9,1080,1920,92
