rgb_path,annotations_path,type,accident_time,accident_frame,center_x,center_y,x1,y1,x2,y2,map,weather,camera_position,no_frames,duration,height,width,annotations_start_offset
videos/head-on/Town03_head-on_clear_00_aug2.mp4,video_annotations/Town03_head-on_clear_00.json.gz,head-on,3.45,69,0.6559895833333333,0.1518518518518518,0.5885416666666666,0.0879629629629629,0.7234375,0.2157407407407407,Town03,clear,0,372,18.6,1080,1920,51
videos/head-on/Town03_head-on_clear_03_aug2.mp4,video_annotations/Town03_head-on_clear_03.json.gz,head-on,2.2,44,0.4114583333333333,0.1074074074074074,0.3895833333333333,0.0027777777777777,0.4333333333333333,0.212037037037037,Town03,clear,3,416,20.8,1080,1920,56
videos/head-on/Town03_head-on_clear_05_aug2.mp4,video_annotations/Town03_head-on_clear_05.json.gz,head-on,4.0,80,0.3841145833333333,0.2953703703703704,0.340625,0.2074074074074074,0.4276041666666667,0.3833333333333333,Town03,clear,5,254,12.7,1080,1920,38
videos/head-on/Town03_head-on_clear_07_aug2.mp4,video_annotations/Town03_head-on_clear_07.json.gz,head-on,4.55,91,0.3421875,0.4694444444444444,0.2703125,0.4027777777777778,0.4140625,0.5361111111111111,Town03,clear,7,339,16.95,1080,1920,20
videos/head-on/Town03_head-on_clear_10_aug2.mp4,video_annotations/Town03_head-on_clear_10.json.gz,head-on,3.6,72,0.4700520833333333,0.6310185185185185,0.4130208333333333,0.4944444444444444,0.5270833333333333,0.7675925925925926,Town03,clear,10,249,12.45,1080,1920,67
videos/head-on/Town03_head-on_clear_12_aug2.mp4,video_annotations/Town03_head-on_clear_12.json.gz,head-on,4.45,89,0.5526041666666667,0.7407407407407407,0.4989583333333333,0.6305555555555555,0.60625,0.850925925925926,Town03,clear,12,393,19.65,1080,1920,31
videos/head-on/Town03_head-on_clear_14_aug2.mp4,video_annotations/Town03_head-on_clear_14.json.gz,head-on,3.65,73,0.58203125,0.6439814814814815,0.5145833333333333,0.5925925925925926,0.6494791666666667,0.6953703703703704,Town03,clear,14,446,22.3,1080,1920,37
videos/head-on/Town03_head-on_clear_16_aug2.mp4,video_annotations/Town03_head-on_clear_16.json.gz,head-on,2.65,53,0.6338541666666667,0.5185185185185185,0.5822916666666667,0.4796296296296296,0.6854166666666667,0.5574074074074075,Town03,clear,16,287,14.35,1080,1920,56
videos/head-on/Town03_head-on_clear_18_aug2.mp4,video_annotations/Town03_head-on_clear_18.json.gz,head-on,3.45,69,0.4911458333333333,0.1560185185185185,0.4692708333333333,0.0611111111111111,0.5130208333333334,0.2509259259259259,Town03,clear,18,322,16.1,1080,1920,46
videos/head-on/Town03_head-on_clear_21_aug2.mp4,video_annotations/Town03_head-on_clear_21.json.gz,head-on,4.2,84,0.3239583333333333,0.4009259259259259,0.271875,0.3490740740740741,0.3760416666666666,0.4527777777777778,Town03,clear,21,406,20.3,1080,1920,29
videos/head-on/Town03_head-on_clear_23_aug2.mp4,video_annotations/Town03_head-on_clear_23.json.gz,head-on,3.05,61,0.4263020833333333,0.3509259259259259,0.3546875,0.312037037037037,0.4979166666666667,0.3898148148148148,Town03,clear,23,380,19.0,1080,1920,59
videos/head-on/Town03_head-on_clear_25_aug2.mp4,video_annotations/Town03_head-on_clear_25.json.gz,head-on,3.7,74,0.4036458333333333,0.7800925925925926,0.3572916666666667,0.637962962962963,0.45,0.9222222222222224,Town03,clear,25,433,21.65,1080,1920,39
videos/head-on/Town03_head-on_clear_27_aug2.mp4,video_annotations/Town03_head-on_clear_27.json.gz,head-on,3.9,78,0.5221354166666666,0.6388888888888888,0.4765625,0.5351851851851852,0.5677083333333334,0.7425925925925926,Town03,clear,27,457,22.85,1080,1920,35
videos/head-on/Town03_head-on_clear_29_aug2.mp4,video_annotations/Town03_head-on_clear_29.json.gz,head-on,2.9,58,0.6880208333333333,0.449074074074074,0.634375,0.4111111111111111,0.7416666666666667,0.487037037037037,Town03,clear,29,285,14.25,1080,1920,54
videos/head-on/Town03_head-on_clear_31_aug2.mp4,video_annotations/Town03_head-on_clear_31.json.gz,head-on,3.75,75,0.5049479166666667,0.5189814814814815,0.4703125,0.4694444444444444,0.5395833333333333,0.5685185185185185,Town03,clear,31,289,14.45,1080,1920,63
videos/head-on/Town03_head-on_clear_33_aug2.mp4,video_annotations/Town03_head-on_clear_33.json.gz,head-on,3.75,75,0.31484375,0.5675925925925925,0.2994791666666667,0.5194444444444445,0.3302083333333333,0.6157407407407407,Town03,clear,33,434,21.7,1080,1920,34
videos/head-on/Town03_head-on_clear_36_aug2.mp4,video_annotations/Town03_head-on_clear_36.json.gz,head-on,1.05,21,0.4455729166666666,0.3583333333333333,0.3744791666666666,0.2935185185185185,0.5166666666666667,0.4231481481481481,Town03,clear,36,415,20.75,1080,1920,88
videos/head-on/Town03_head-on_clear_38_aug2.mp4,video_annotations/Town03_head-on_clear_38.json.gz,head-on,4.0,80,0.421875,0.8203703703703704,0.3713541666666666,0.687962962962963,0.4723958333333333,0.9527777777777776,Town03,clear,38,424,21.2,1080,1920,35
videos/head-on/Town03_head-on_clear_40_aug2.mp4,video_annotations/Town03_head-on_clear_40.json.gz,head-on,4.45,89,0.696875,0.6550925925925926,0.5619791666666667,0.5425925925925926,0.8317708333333333,0.7675925925925926,Town03,clear,40,286,14.3,1080,1920,30
videos/head-on/Town03_head-on_clear_43_aug2.mp4,video_annotations/Town03_head-on_clear_43.json.gz,head-on,4.55,91,0.4674479166666667,0.6134259259259259,0.4442708333333333,0.5814814814814815,0.490625,0.6453703703703704,Town03,clear,43,415,20.75,1080,1920,30
videos/head-on/Town03_head-on_clear_45_aug2.mp4,video_annotations/Town03_head-on_clear_45.json.gz,head-on,3.3,66,0.5057291666666667,0.6722222222222223,0.4567708333333333,0.6324074074074074,0.5546875,0.712037037037037,Town03,clear,45,373,18.65,1080,1920,50
videos/head-on/Town03_head-on_clear_49_aug2.mp4,video_annotations/Town03_head-on_clear_49.json.gz,head-on,3.35,67,0.6377604166666667,0.6791666666666667,0.5994791666666667,0.5564814814814815,0.6760416666666667,0.8018518518518518,Town03,clear,49,342,17.1,1080,1920,46
videos/head-on/Town03_head-on_clear_51_aug2.mp4,video_annotations/Town03_head-on_clear_51.json.gz,head-on,3.2,64,0.709375,0.4722222222222222,0.63125,0.425,0.7875,0.5194444444444445,Town03,clear,51,311,15.55,1080,1920,49
videos/head-on/Town03_head-on_night_02_aug2.mp4,video_annotations/Town03_head-on_night_02.json.gz,head-on,2.35,47,0.5622395833333333,0.499537037037037,0.5130208333333334,0.4074074074074074,0.6114583333333333,0.5916666666666667,Town03,night,2,356,17.8,1080,1920,60
videos/head-on/Town03_head-on_night_06_aug2.mp4,video_annotations/Town03_head-on_night_06.json.gz,head-on,1.85,37,0.3002604166666666,0.4699074074074074,0.1963541666666666,0.3555555555555555,0.4041666666666667,0.5842592592592593,Town03,night,6,405,20.25,1080,1920,101
videos/head-on/Town03_head-on_night_08_aug2.mp4,video_annotations/Town03_head-on_night_08.json.gz,head-on,3.65,73,0.33125,0.4393518518518518,0.2473958333333333,0.3574074074074074,0.4151041666666666,0.5212962962962963,Town03,night,8,332,16.6,1080,1920,38
videos/head-on/Town03_head-on_night_10_aug2.mp4,video_annotations/Town03_head-on_night_10.json.gz,head-on,2.1,42,0.46015625,0.6523148148148148,0.4072916666666666,0.5203703703703704,0.5130208333333334,0.7842592592592592,Town03,night,10,429,21.45,1080,1920,76
videos/head-on/Town03_head-on_night_12_aug2.mp4,video_annotations/Town03_head-on_night_12.json.gz,head-on,3.75,75,0.5700520833333333,0.7791666666666667,0.5182291666666666,0.674074074074074,0.621875,0.8842592592592593,Town03,night,12,418,20.9,1080,1920,25
videos/head-on/Town03_head-on_night_14_aug2.mp4,video_annotations/Town03_head-on_night_14.json.gz,head-on,2.75,55,0.5611979166666666,0.6625,0.5072916666666667,0.6314814814814815,0.6151041666666667,0.6935185185185185,Town03,night,14,435,21.75,1080,1920,45
videos/head-on/Town03_head-on_night_16_aug2.mp4,video_annotations/Town03_head-on_night_16.json.gz,head-on,3.0,60,0.6453125,0.562037037037037,0.5942708333333333,0.5212962962962963,0.6963541666666667,0.6027777777777777,Town03,night,16,405,20.25,1080,1920,52
videos/head-on/Town03_head-on_night_18_aug2.mp4,video_annotations/Town03_head-on_night_18.json.gz,head-on,7.2,144,0.4888020833333333,0.1458333333333333,0.4598958333333333,0.0416666666666666,0.5177083333333333,0.25,Town03,night,18,452,22.6,1080,1920,37
videos/head-on/Town03_head-on_night_20_aug2.mp4,video_annotations/Town03_head-on_night_20.json.gz,head-on,3.5,70,0.3361979166666666,0.4912037037037037,0.3067708333333333,0.4416666666666666,0.365625,0.5407407407407407,Town03,night,20,388,19.4,1080,1920,41
videos/head-on/Town03_head-on_night_23_aug2.mp4,video_annotations/Town03_head-on_night_23.json.gz,head-on,4.0,80,0.421875,0.4009259259259259,0.35,0.362962962962963,0.49375,0.4388888888888889,Town03,night,23,491,24.55,1080,1920,29
videos/head-on/Town03_head-on_night_25_aug2.mp4,video_annotations/Town03_head-on_night_25.json.gz,head-on,3.85,77,0.3903645833333333,0.8236111111111111,0.3494791666666667,0.6694444444444444,0.43125,0.9777777777777776,Town03,night,25,294,14.7,1080,1920,35
videos/head-on/Town03_head-on_night_27_aug2.mp4,video_annotations/Town03_head-on_night_27.json.gz,head-on,4.15,83,0.53125,0.600925925925926,0.4895833333333333,0.5148148148148148,0.5729166666666666,0.687037037037037,Town03,night,27,355,17.75,1080,1920,29
videos/head-on/Town03_head-on_night_29_aug2.mp4,video_annotations/Town03_head-on_night_29.json.gz,head-on,5.3,106,0.7013020833333333,0.4657407407407407,0.6526041666666667,0.4398148148148148,0.75,0.4916666666666666,Town03,night,29,430,21.5,1080,1920,56
videos/head-on/Town03_head-on_night_31_aug2.mp4,video_annotations/Town03_head-on_night_31.json.gz,head-on,3.85,77,0.4940104166666667,0.524537037037037,0.459375,0.4777777777777778,0.5286458333333334,0.5712962962962963,Town03,night,31,421,21.05,1080,1920,32
videos/head-on/Town03_head-on_night_33_aug2.mp4,video_annotations/Town03_head-on_night_33.json.gz,head-on,3.9,78,0.3041666666666666,0.5333333333333333,0.2859375,0.4842592592592593,0.3223958333333333,0.5824074074074074,Town03,night,33,369,18.45,1080,1920,32
videos/head-on/Town03_head-on_night_36_aug2.mp4,video_annotations/Town03_head-on_night_36.json.gz,head-on,4.9,98,0.4895833333333333,0.3736111111111111,0.3989583333333333,0.3,0.5802083333333333,0.4472222222222222,Town03,night,36,389,19.45,1080,1920,82
videos/head-on/Town03_head-on_night_38_aug2.mp4,video_annotations/Town03_head-on_night_38.json.gz,head-on,3.65,73,0.4268229166666666,0.8282407407407407,0.3770833333333333,0.7046296296296296,0.4765625,0.9518518518518518,Town03,night,38,303,15.15,1080,1920,38
videos/head-on/Town03_head-on_night_40_aug2.mp4,video_annotations/Town03_head-on_night_40.json.gz,head-on,6.45,129,0.6791666666666667,0.5902777777777778,0.6109375,0.5398148148148149,0.7473958333333334,0.6407407407407407,Town03,night,40,424,21.2,1080,1920,32
videos/head-on/Town03_head-on_night_42_aug2.mp4,video_annotations/Town03_head-on_night_42.json.gz,head-on,2.45,49,0.4997395833333333,0.5041666666666667,0.4770833333333333,0.4814814814814814,0.5223958333333333,0.5268518518518519,Town03,night,42,471,23.55,1080,1920,62
videos/head-on/Town03_head-on_night_45_aug2.mp4,video_annotations/Town03_head-on_night_45.json.gz,head-on,3.55,71,0.5088541666666667,0.65,0.4604166666666666,0.6018518518518519,0.5572916666666666,0.6981481481481482,Town03,night,45,503,25.15,1080,1920,29
videos/head-on/Town03_head-on_night_49_aug2.mp4,video_annotations/Town03_head-on_night_49.json.gz,head-on,5.3,106,0.6106770833333334,0.6986111111111111,0.553125,0.5194444444444445,0.6682291666666667,0.8777777777777778,Town03,night,49,330,16.5,1080,1920,53
videos/head-on/Town03_head-on_night_51_aug2.mp4,video_annotations/Town03_head-on_night_51.json.gz,head-on,4.5,90,0.6973958333333333,0.4324074074074074,0.6140625,0.3787037037037037,0.7807291666666667,0.4861111111111111,Town03,night,51,331,16.55,1080,1920,48
videos/head-on/Town03_head-on_rain_02_aug2.mp4,video_annotations/Town03_head-on_rain_02.json.gz,head-on,4.4,88,0.5736979166666667,0.4671296296296296,0.540625,0.3981481481481481,0.6067708333333334,0.5361111111111111,Town03,rain,2,336,16.8,1080,1920,27
videos/head-on/Town03_head-on_rain_04_aug2.mp4,video_annotations/Town03_head-on_rain_04.json.gz,head-on,4.25,85,0.5065104166666666,0.4305555555555556,0.4848958333333333,0.3425925925925926,0.528125,0.5185185185185185,Town03,rain,4,461,23.05,1080,1920,34
videos/head-on/Town03_head-on_rain_08_aug2.mp4,video_annotations/Town03_head-on_rain_08.json.gz,head-on,2.65,53,0.34765625,0.4615740740740741,0.2666666666666666,0.4,0.4286458333333333,0.5231481481481481,Town03,rain,8,259,12.95,1080,1920,60
videos/head-on/Town03_head-on_rain_11_aug2.mp4,video_annotations/Town03_head-on_rain_11.json.gz,head-on,2.95,59,0.559375,0.7138888888888889,0.53125,0.5324074074074074,0.5875,0.8953703703703704,Town03,rain,11,395,19.75,1080,1920,52
videos/head-on/Town03_head-on_rain_14_aug2.mp4,video_annotations/Town03_head-on_rain_14.json.gz,head-on,3.0,60,0.5809895833333333,0.6912037037037037,0.5302083333333333,0.6574074074074074,0.6317708333333333,0.725,Town03,rain,14,264,13.2,1080,1920,60
videos/head-on/Town03_head-on_rain_16_aug2.mp4,video_annotations/Town03_head-on_rain_16.json.gz,head-on,5.45,109,0.6265625,0.5675925925925925,0.5671875,0.5111111111111111,0.6859375,0.6240740740740741,Town03,rain,16,392,19.6,1080,1920,29
videos/head-on/Town03_head-on_rain_18_aug2.mp4,video_annotations/Town03_head-on_rain_18.json.gz,head-on,4.2,84,0.49375,0.1384259259259259,0.4661458333333333,0.0546296296296296,0.5213541666666667,0.2222222222222222,Town03,rain,18,332,16.6,1080,1920,24
videos/head-on/Town03_head-on_rain_20_aug2.mp4,video_annotations/Town03_head-on_rain_20.json.gz,head-on,4.35,87,0.3333333333333333,0.4689814814814815,0.3036458333333333,0.4157407407407407,0.3630208333333333,0.5222222222222223,Town03,rain,20,355,17.75,1080,1920,24
videos/head-on/Town03_head-on_rain_22_aug2.mp4,video_annotations/Town03_head-on_rain_22.json.gz,head-on,4.25,85,0.2307291666666666,0.5074074074074074,0.1421875,0.4611111111111111,0.3192708333333333,0.5537037037037037,Town03,rain,22,502,25.1,1080,1920,33
videos/head-on/Town03_head-on_rain_26_aug2.mp4,video_annotations/Town03_head-on_rain_26.json.gz,head-on,2.85,57,0.5729166666666666,0.5819444444444445,0.5302083333333333,0.4148148148148148,0.615625,0.7490740740740741,Town03,rain,26,415,20.75,1080,1920,52
videos/head-on/Town03_head-on_rain_28_aug2.mp4,video_annotations/Town03_head-on_rain_28.json.gz,head-on,2.95,59,0.5950520833333334,0.3458333333333333,0.5208333333333334,0.3,0.6692708333333334,0.3916666666666666,Town03,rain,28,404,20.2,1080,1920,50
videos/head-on/Town03_head-on_rain_30_aug2.mp4,video_annotations/Town03_head-on_rain_30.json.gz,head-on,3.5,70,0.621875,0.5810185185185185,0.55,0.5083333333333333,0.69375,0.6537037037037037,Town03,rain,30,416,20.8,1080,1920,39
videos/head-on/Town03_head-on_rain_33_aug2.mp4,video_annotations/Town03_head-on_rain_33.json.gz,head-on,4.35,87,0.3015625,0.5949074074074074,0.2848958333333333,0.5444444444444444,0.3182291666666667,0.6453703703703704,Town03,rain,33,336,16.8,1080,1920,31
videos/head-on/Town03_head-on_rain_35_aug2.mp4,video_annotations/Town03_head-on_rain_35.json.gz,head-on,4.2,84,0.3596354166666666,0.6013888888888889,0.3067708333333333,0.562962962962963,0.4125,0.6398148148148148,Town03,rain,35,277,13.85,1080,1920,35
videos/head-on/Town03_head-on_rain_38_aug2.mp4,video_annotations/Town03_head-on_rain_38.json.gz,head-on,4.05,81,0.4036458333333333,0.8412037037037037,0.353125,0.6990740740740741,0.4541666666666666,0.9833333333333332,Town03,rain,38,417,20.85,1080,1920,57
videos/head-on/Town03_head-on_rain_40_aug2.mp4,video_annotations/Town03_head-on_rain_40.json.gz,head-on,2.0,40,0.6971354166666667,0.6476851851851851,0.615625,0.5777777777777777,0.7786458333333334,0.7175925925925926,Town03,rain,40,261,13.05,1080,1920,71
videos/head-on/Town03_head-on_rain_42_aug2.mp4,video_annotations/Town03_head-on_rain_42.json.gz,head-on,3.8,76,0.51171875,0.5430555555555555,0.496875,0.5166666666666667,0.5265625,0.5694444444444444,Town03,rain,42,380,19.0,1080,1920,40
videos/head-on/Town03_head-on_rain_46_aug2.mp4,video_annotations/Town03_head-on_rain_46.json.gz,head-on,4.1,82,0.2765625,0.5439814814814815,0.2036458333333333,0.5083333333333333,0.3494791666666667,0.5796296296296296,Town03,rain,46,469,23.45,1080,1920,31
videos/head-on/Town03_head-on_rain_48_aug2.mp4,video_annotations/Town03_head-on_rain_48.json.gz,head-on,3.75,75,0.36953125,0.575925925925926,0.309375,0.4925925925925926,0.4296875,0.6592592592592592,Town03,rain,48,427,21.35,1080,1920,34
videos/head-on/Town03_head-on_rain_50_aug2.mp4,video_annotations/Town03_head-on_rain_50.json.gz,head-on,3.35,67,0.75859375,0.7550925925925925,0.6833333333333333,0.687962962962963,0.8338541666666667,0.8222222222222222,Town03,rain,50,283,14.15,1080,1920,54
videos/head-on/Town03_head-on_sunset_01_aug2.mp4,video_annotations/Town03_head-on_sunset_01.json.gz,head-on,3.6,72,0.5934895833333333,0.2819444444444444,0.5447916666666667,0.2277777777777777,0.6421875,0.3361111111111111,Town03,sunset,1,234,11.7,1080,1920,28
videos/head-on/Town03_head-on_sunset_03_aug2.mp4,video_annotations/Town03_head-on_sunset_03.json.gz,head-on,4.4,88,0.4315104166666667,0.0777777777777777,0.4067708333333333,0.0,0.45625,0.1555555555555555,Town03,sunset,3,321,16.05,1080,1920,52
videos/head-on/Town03_head-on_sunset_05_aug2.mp4,video_annotations/Town03_head-on_sunset_05.json.gz,head-on,3.8,76,0.3864583333333333,0.2930555555555555,0.340625,0.2101851851851852,0.4322916666666667,0.3759259259259259,Town03,sunset,5,436,21.8,1080,1920,34
videos/head-on/Town03_head-on_sunset_10_aug2.mp4,video_annotations/Town03_head-on_sunset_10.json.gz,head-on,3.45,69,0.4606770833333333,0.6226851851851852,0.4104166666666666,0.4796296296296296,0.5109375,0.7657407407407407,Town03,sunset,10,407,20.35,1080,1920,42
videos/head-on/Town03_head-on_sunset_13_aug2.mp4,video_annotations/Town03_head-on_sunset_13.json.gz,head-on,3.55,71,0.68203125,0.8185185185185185,0.6088541666666667,0.6898148148148148,0.7552083333333334,0.9472222222222222,Town03,sunset,13,404,20.2,1080,1920,49
videos/head-on/Town03_head-on_sunset_15_aug2.mp4,video_annotations/Town03_head-on_sunset_15.json.gz,head-on,4.5,90,0.5768229166666666,0.687037037037037,0.5015625,0.6111111111111112,0.6520833333333333,0.762962962962963,Town03,sunset,15,363,18.15,1080,1920,84
videos/head-on/Town03_head-on_sunset_17_aug2.mp4,video_annotations/Town03_head-on_sunset_17.json.gz,head-on,3.15,63,0.5739583333333333,0.5680555555555555,0.5322916666666667,0.5009259259259259,0.615625,0.6351851851851852,Town03,sunset,17,395,19.75,1080,1920,49
videos/head-on/Town03_head-on_sunset_22_aug2.mp4,video_annotations/Town03_head-on_sunset_22.json.gz,head-on,4.5,90,0.2265625,0.6023148148148149,0.1510416666666666,0.5518518518518518,0.3020833333333333,0.6527777777777778,Town03,sunset,22,359,17.95,1080,1920,21
videos/head-on/Town03_head-on_sunset_24_aug2.mp4,video_annotations/Town03_head-on_sunset_24.json.gz,head-on,3.3,66,0.46640625,0.725462962962963,0.3765625,0.6222222222222222,0.55625,0.8287037037037037,Town03,sunset,24,274,13.7,1080,1920,34
videos/head-on/Town03_head-on_sunset_26_aug2.mp4,video_annotations/Town03_head-on_sunset_26.json.gz,head-on,3.15,63,0.5861979166666667,0.5569444444444445,0.5401041666666667,0.3962962962962963,0.6322916666666667,0.7175925925925926,Town03,sunset,26,337,16.85,1080,1920,54
videos/head-on/Town03_head-on_sunset_28_aug2.mp4,video_annotations/Town03_head-on_sunset_28.json.gz,head-on,3.9,78,0.59375,0.3606481481481481,0.5145833333333333,0.3138888888888889,0.6729166666666667,0.4074074074074074,Town03,sunset,28,460,23.0,1080,1920,42
videos/head-on/Town03_head-on_sunset_30_aug2.mp4,video_annotations/Town03_head-on_sunset_30.json.gz,head-on,3.3,66,0.62109375,0.6101851851851852,0.5703125,0.562037037037037,0.671875,0.6583333333333333,Town03,sunset,30,334,16.7,1080,1920,45
videos/head-on/Town03_head-on_sunset_33_aug2.mp4,video_annotations/Town03_head-on_sunset_33.json.gz,head-on,3.25,65,0.3421875,0.5388888888888889,0.3255208333333333,0.4935185185185185,0.3588541666666666,0.5842592592592593,Town03,sunset,33,422,21.1,1080,1920,46
videos/head-on/Town03_head-on_sunset_36_aug2.mp4,video_annotations/Town03_head-on_sunset_36.json.gz,head-on,3.05,61,0.4528645833333333,0.3328703703703703,0.3885416666666667,0.2777777777777778,0.5171875,0.3879629629629629,Town03,sunset,36,430,21.5,1080,1920,49
videos/head-on/Town03_head-on_sunset_39_aug2.mp4,video_annotations/Town03_head-on_sunset_39.json.gz,head-on,2.95,59,0.48203125,0.5810185185185185,0.45625,0.4805555555555555,0.5078125,0.6814814814814815,Town03,sunset,39,375,18.75,1080,1920,51
videos/head-on/Town03_head-on_sunset_41_aug2.mp4,video_annotations/Town03_head-on_sunset_41.json.gz,head-on,2.4,48,0.6049479166666667,0.3037037037037037,0.5515625,0.2833333333333333,0.6583333333333333,0.324074074074074,Town03,sunset,41,331,16.55,1080,1920,63
videos/head-on/Town03_head-on_sunset_43_aug2.mp4,video_annotations/Town03_head-on_sunset_43.json.gz,head-on,4.25,85,0.4893229166666666,0.6222222222222222,0.4708333333333333,0.587037037037037,0.5078125,0.6574074074074074,Town03,sunset,43,361,18.05,1080,1920,25
videos/head-on/Town03_head-on_sunset_45_aug2.mp4,video_annotations/Town03_head-on_sunset_45.json.gz,head-on,4.4,88,0.49140625,0.638425925925926,0.4333333333333333,0.575,0.5494791666666666,0.7018518518518518,Town03,sunset,45,365,18.25,1080,1920,29
videos/head-on/Town03_head-on_sunset_47_aug2.mp4,video_annotations/Town03_head-on_sunset_47.json.gz,head-on,2.65,53,0.36875,0.6333333333333333,0.2630208333333333,0.5305555555555556,0.4744791666666667,0.7361111111111112,Town03,sunset,47,407,20.35,1080,1920,109
videos/head-on/Town03_head-on_sunset_49_aug2.mp4,video_annotations/Town03_head-on_sunset_49.json.gz,head-on,4.05,81,0.6325520833333333,0.7013888888888888,0.5942708333333333,0.5833333333333334,0.6708333333333333,0.8194444444444444,Town03,sunset,49,406,20.3,1080,1920,59
videos/head-on/Town03_head-on_wet_01_aug2.mp4,video_annotations/Town03_head-on_wet_01.json.gz,head-on,4.3,86,0.59765625,0.2675925925925926,0.5328125,0.199074074074074,0.6625,0.3361111111111111,Town03,wet,1,428,21.4,1080,1920,24
videos/head-on/Town03_head-on_wet_04_aug2.mp4,video_annotations/Town03_head-on_wet_04.json.gz,head-on,4.5,90,0.484375,0.4768518518518518,0.4640625,0.3944444444444444,0.5046875,0.5592592592592592,Town03,wet,4,430,21.5,1080,1920,30
videos/head-on/Town03_head-on_wet_07_aug2.mp4,video_annotations/Town03_head-on_wet_07.json.gz,head-on,2.95,59,0.3510416666666666,0.4375,0.2796875,0.3657407407407407,0.4223958333333333,0.5092592592592593,Town03,wet,7,391,19.55,1080,1920,51
videos/head-on/Town03_head-on_wet_09_aug2.mp4,video_annotations/Town03_head-on_wet_09.json.gz,head-on,3.45,69,0.3760416666666666,0.8587962962962963,0.2901041666666666,0.737037037037037,0.4619791666666666,0.9805555555555556,Town03,wet,9,407,20.35,1080,1920,43
videos/head-on/Town03_head-on_wet_11_aug2.mp4,video_annotations/Town03_head-on_wet_11.json.gz,head-on,3.35,67,0.5401041666666667,0.6842592592592592,0.509375,0.5148148148148148,0.5708333333333333,0.8537037037037037,Town03,wet,11,333,16.65,1080,1920,33
videos/head-on/Town03_head-on_wet_13_aug2.mp4,video_annotations/Town03_head-on_wet_13.json.gz,head-on,3.55,71,0.67421875,0.8490740740740741,0.59375,0.7212962962962963,0.7546875,0.976851851851852,Town03,wet,13,244,12.2,1080,1920,39
videos/head-on/Town03_head-on_wet_15_aug2.mp4,video_annotations/Town03_head-on_wet_15.json.gz,head-on,2.25,45,0.5731770833333333,0.5949074074074074,0.515625,0.5388888888888889,0.6307291666666667,0.6509259259259259,Town03,wet,15,340,17.0,1080,1920,71
videos/head-on/Town03_head-on_wet_17_aug2.mp4,video_annotations/Town03_head-on_wet_17.json.gz,head-on,3.55,71,0.5981770833333333,0.5777777777777777,0.5505208333333333,0.5120370370370371,0.6458333333333334,0.6435185185185185,Town03,wet,17,358,17.9,1080,1920,39
videos/head-on/Town03_head-on_wet_20_aug2.mp4,video_annotations/Town03_head-on_wet_20.json.gz,head-on,2.95,59,0.3354166666666666,0.5032407407407408,0.303125,0.4537037037037037,0.3677083333333333,0.5527777777777778,Town03,wet,20,352,17.6,1080,1920,51
videos/head-on/Town03_head-on_wet_23_aug2.mp4,video_annotations/Town03_head-on_wet_23.json.gz,head-on,4.05,81,0.4158854166666667,0.35,0.3390625,0.2944444444444444,0.4927083333333333,0.4055555555555555,Town03,wet,23,467,23.35,1080,1920,34
videos/head-on/Town03_head-on_wet_25_aug2.mp4,video_annotations/Town03_head-on_wet_25.json.gz,head-on,3.15,63,0.4075520833333333,0.8013888888888889,0.3625,0.6592592592592592,0.4526041666666666,0.9435185185185184,Town03,wet,25,414,20.7,1080,1920,48
videos/head-on/Town03_head-on_wet_27_aug2.mp4,video_annotations/Town03_head-on_wet_27.json.gz,head-on,6.05,121,0.5627604166666667,0.6236111111111111,0.5052083333333334,0.5342592592592592,0.6203125,0.7129629629629629,Town03,wet,27,306,15.3,1080,1920,40
videos/head-on/Town03_head-on_wet_29_aug2.mp4,video_annotations/Town03_head-on_wet_29.json.gz,head-on,3.25,65,0.71015625,0.4833333333333333,0.6557291666666667,0.45,0.7645833333333333,0.5166666666666667,Town03,wet,29,387,19.35,1080,1920,44
videos/head-on/Town03_head-on_wet_32_aug2.mp4,video_annotations/Town03_head-on_wet_32.json.gz,head-on,4.0,80,0.5875,0.4189814814814814,0.55625,0.3472222222222222,0.61875,0.4907407407407407,Town03,wet,32,324,16.2,1080,1920,37
videos/head-on/Town03_head-on_wet_36_aug2.mp4,video_annotations/Town03_head-on_wet_36.json.gz,head-on,4.75,95,0.4276041666666667,0.3657407407407407,0.3671875,0.3166666666666666,0.4880208333333333,0.4148148148148148,Town03,wet,36,394,19.7,1080,1920,23
videos/head-on/Town03_head-on_wet_38_aug2.mp4,video_annotations/Town03_head-on_wet_38.json.gz,head-on,5.2,104,0.3979166666666666,0.875462962962963,0.3416666666666667,0.7518518518518519,0.4541666666666666,0.999074074074074,Town03,wet,38,407,20.35,1080,1920,35
videos/head-on/Town03_head-on_wet_40_aug2.mp4,video_annotations/Town03_head-on_wet_40.json.gz,head-on,5.25,105,0.6614583333333334,0.5689814814814815,0.6020833333333333,0.5259259259259259,0.7208333333333333,0.612037037037037,Town03,wet,40,390,19.5,1080,1920,55
videos/head-on/Town03_head-on_wet_44_aug2.mp4,video_annotations/Town03_head-on_wet_44.json.gz,head-on,6.6,132,0.38125,0.4564814814814815,0.3494791666666667,0.3962962962962963,0.4130208333333333,0.5166666666666667,Town03,wet,44,346,17.3,1080,1920,26
videos/head-on/Town03_head-on_wet_46_aug2.mp4,video_annotations/Town03_head-on_wet_46.json.gz,head-on,3.8,76,0.2536458333333333,0.5273148148148148,0.1760416666666666,0.4953703703703703,0.33125,0.5592592592592592,Town03,wet,46,243,12.15,1080,1920,33
videos/head-on/Town03_head-on_wet_48_aug2.mp4,video_annotations/Town03_head-on_wet_48.json.gz,head-on,3.5,70,0.3903645833333333,0.5328703703703703,0.3307291666666667,0.45,0.45,0.6157407407407407,Town03,wet,48,240,12.0,1080,1920,50
videos/head-on/Town03_head-on_wet_50_aug2.mp4,video_annotations/Town03_head-on_wet_50.json.gz,head-on,4.4,88,0.6755208333333333,0.7800925925925926,0.5453125,0.6305555555555555,0.8057291666666667,0.9296296296296296,Town03,wet,50,340,17.0,1080,1920,48
videos/head-on/Town05_head-on_clear_00_aug2.mp4,video_annotations/Town05_head-on_clear_00.json.gz,head-on,6.7,134,0.3934895833333333,0.5569444444444445,0.3359375,0.5203703703703704,0.4510416666666667,0.5935185185185186,Town05,clear,0,491,24.55,1080,1920,38
videos/head-on/Town05_head-on_clear_02_aug2.mp4,video_annotations/Town05_head-on_clear_02.json.gz,head-on,5.95,119,0.3502604166666667,0.9324074074074076,0.2588541666666666,0.8657407407407407,0.4416666666666666,0.999074074074074,Town05,clear,2,304,15.2,1080,1920,63
videos/head-on/Town05_head-on_clear_05_aug2.mp4,video_annotations/Town05_head-on_clear_05.json.gz,head-on,5.9,118,0.6041666666666666,0.3967592592592592,0.5494791666666666,0.2944444444444444,0.6588541666666666,0.499074074074074,Town05,clear,5,322,16.1,1080,1920,54
videos/head-on/Town05_head-on_clear_07_aug2.mp4,video_annotations/Town05_head-on_clear_07.json.gz,head-on,2.7,54,0.7966145833333333,0.35,0.6958333333333333,0.2685185185185185,0.8973958333333333,0.4314814814814814,Town05,clear,7,275,13.75,1080,1920,104
videos/head-on/Town05_head-on_clear_12_aug2.mp4,video_annotations/Town05_head-on_clear_12.json.gz,head-on,7.3,146,0.4263020833333333,0.549537037037037,0.4078125,0.4851851851851851,0.4447916666666666,0.6138888888888889,Town05,clear,12,332,16.6,1080,1920,36
videos/head-on/Town05_head-on_clear_15_aug2.mp4,video_annotations/Town05_head-on_clear_15.json.gz,head-on,7.45,149,0.2919270833333333,0.5523148148148148,0.2223958333333333,0.5046296296296297,0.3614583333333333,0.6,Town05,clear,15,496,24.8,1080,1920,27
videos/head-on/Town05_head-on_clear_18_aug2.mp4,video_annotations/Town05_head-on_clear_18.json.gz,head-on,6.8,136,0.5671875,0.6893518518518519,0.5239583333333333,0.562037037037037,0.6104166666666667,0.8166666666666667,Town05,clear,18,313,15.65,1080,1920,34
videos/head-on/Town05_head-on_clear_23_aug2.mp4,video_annotations/Town05_head-on_clear_23.json.gz,head-on,7.55,151,0.590625,0.3902777777777778,0.521875,0.3416666666666667,0.659375,0.4388888888888889,Town05,clear,23,290,14.5,1080,1920,107
videos/head-on/Town05_head-on_clear_27_aug2.mp4,video_annotations/Town05_head-on_clear_27.json.gz,head-on,6.95,139,0.4645833333333333,0.3060185185185185,0.44375,0.2175925925925926,0.4854166666666666,0.3944444444444444,Town05,clear,27,461,23.05,1080,1920,32
videos/head-on/Town05_head-on_clear_30_aug2.mp4,video_annotations/Town05_head-on_clear_30.json.gz,head-on,5.8,116,0.2419270833333333,0.5837962962962963,0.1598958333333333,0.5046296296296297,0.3239583333333333,0.662962962962963,Town05,clear,30,320,16.0,1080,1920,52
videos/head-on/Town05_head-on_clear_32_aug2.mp4,video_annotations/Town05_head-on_clear_32.json.gz,head-on,5.1,102,0.6690104166666667,0.6055555555555555,0.6291666666666667,0.4962962962962963,0.7088541666666667,0.7148148148148148,Town05,clear,32,395,19.75,1080,1920,69
videos/head-on/Town05_head-on_clear_34_aug2.mp4,video_annotations/Town05_head-on_clear_34.json.gz,head-on,7.05,141,0.80546875,0.5824074074074074,0.7322916666666667,0.5342592592592592,0.8786458333333333,0.6305555555555555,Town05,clear,34,370,18.5,1080,1920,38
videos/head-on/Town05_head-on_clear_36_aug2.mp4,video_annotations/Town05_head-on_clear_36.json.gz,head-on,8.05,161,0.4973958333333333,0.5592592592592592,0.4307291666666666,0.5148148148148148,0.5640625,0.6037037037037037,Town05,clear,36,389,19.45,1080,1920,95
videos/head-on/Town05_head-on_clear_38_aug2.mp4,video_annotations/Town05_head-on_clear_38.json.gz,head-on,7.15,143,0.57265625,0.2097222222222222,0.5416666666666666,0.1666666666666666,0.6036458333333333,0.2527777777777777,Town05,clear,38,461,23.05,1080,1920,35
videos/head-on/Town05_head-on_clear_40_aug2.mp4,video_annotations/Town05_head-on_clear_40.json.gz,head-on,7.35,147,0.4268229166666666,0.4773148148148148,0.4098958333333333,0.4416666666666666,0.44375,0.512962962962963,Town05,clear,40,382,19.1,1080,1920,60
videos/head-on/Town05_head-on_clear_42_aug2.mp4,video_annotations/Town05_head-on_clear_42.json.gz,head-on,3.75,75,0.2494791666666666,0.3689814814814814,0.1796875,0.3444444444444444,0.3192708333333333,0.3935185185185185,Town05,clear,42,311,15.55,1080,1920,100
videos/head-on/Town05_head-on_clear_45_aug2.mp4,video_annotations/Town05_head-on_clear_45.json.gz,head-on,7.45,149,0.6901041666666666,0.5430555555555555,0.6505208333333333,0.4935185185185185,0.7296875,0.5925925925925926,Town05,clear,45,371,18.55,1080,1920,27
videos/head-on/Town05_head-on_clear_47_aug2.mp4,video_annotations/Town05_head-on_clear_47.json.gz,head-on,6.05,121,0.64140625,0.6074074074074074,0.5817708333333333,0.5851851851851851,0.7010416666666667,0.6296296296296297,Town05,clear,47,371,18.55,1080,1920,55
videos/head-on/Town05_head-on_night_01_aug2.mp4,video_annotations/Town05_head-on_night_01.json.gz,head-on,6.35,127,0.3065104166666667,0.7606481481481482,0.2348958333333333,0.6574074074074074,0.378125,0.8638888888888889,Town05,night,1,539,26.95,1080,1920,53
videos/head-on/Town05_head-on_night_05_aug2.mp4,video_annotations/Town05_head-on_night_05.json.gz,head-on,6.65,133,0.60625,0.4027777777777778,0.5479166666666667,0.3009259259259259,0.6645833333333333,0.5046296296296297,Town05,night,5,454,22.7,1080,1920,44
videos/head-on/Town05_head-on_night_07_aug2.mp4,video_annotations/Town05_head-on_night_07.json.gz,head-on,6.05,121,0.74140625,0.3634259259259259,0.6697916666666667,0.2981481481481481,0.8130208333333333,0.4287037037037037,Town05,night,7,436,21.8,1080,1920,53
videos/head-on/Town05_head-on_night_11_aug2.mp4,video_annotations/Town05_head-on_night_11.json.gz,head-on,5.75,115,0.4244791666666667,0.2259259259259259,0.4098958333333333,0.1287037037037037,0.4390625,0.3231481481481481,Town05,night,11,384,19.2,1080,1920,80
videos/head-on/Town05_head-on_night_13_aug2.mp4,video_annotations/Town05_head-on_night_13.json.gz,head-on,5.55,111,0.29375,0.1736111111111111,0.2416666666666666,0.099074074074074,0.3458333333333333,0.2481481481481481,Town05,night,13,319,15.95,1080,1920,47
videos/head-on/Town05_head-on_night_17_aug2.mp4,video_annotations/Town05_head-on_night_17.json.gz,head-on,4.75,95,0.3322916666666666,0.5796296296296296,0.2708333333333333,0.4601851851851852,0.39375,0.6990740740740741,Town05,night,17,345,17.25,1080,1920,81
videos/head-on/Town05_head-on_night_19_aug2.mp4,video_annotations/Town05_head-on_night_19.json.gz,head-on,7.5,150,0.6161458333333333,0.5013888888888889,0.5932291666666667,0.3907407407407407,0.6390625,0.612037037037037,Town05,night,19,333,16.65,1080,1920,48
videos/head-on/Town05_head-on_night_21_aug2.mp4,video_annotations/Town05_head-on_night_21.json.gz,head-on,5.25,105,0.66953125,0.3351851851851852,0.603125,0.2657407407407407,0.7359375,0.4046296296296296,Town05,night,21,579,28.95,1080,1920,68
videos/head-on/Town05_head-on_night_24_aug2.mp4,video_annotations/Town05_head-on_night_24.json.gz,head-on,5.75,115,0.5903645833333333,0.3277777777777778,0.5442708333333334,0.2796296296296296,0.6364583333333333,0.3759259259259259,Town05,night,24,479,23.95,1080,1920,60
videos/head-on/Town05_head-on_night_26_aug2.mp4,video_annotations/Town05_head-on_night_26.json.gz,head-on,7.75,155,0.4796875,0.0486111111111111,0.4635416666666667,0.0,0.4958333333333333,0.0972222222222222,Town05,night,26,409,20.45,1080,1920,33
videos/head-on/Town05_head-on_night_29_aug2.mp4,video_annotations/Town05_head-on_night_29.json.gz,head-on,6.5,130,0.378125,0.5231481481481481,0.3166666666666666,0.4851851851851851,0.4395833333333333,0.5611111111111111,Town05,night,29,330,16.5,1080,1920,36
videos/head-on/Town05_head-on_night_31_aug2.mp4,video_annotations/Town05_head-on_night_31.json.gz,head-on,6.35,127,0.4895833333333333,0.4856481481481481,0.459375,0.4037037037037037,0.5197916666666667,0.5675925925925925,Town05,night,31,528,26.4,1080,1920,74
videos/head-on/Town05_head-on_night_35_aug2.mp4,video_annotations/Town05_head-on_night_35.json.gz,head-on,6.3,126,0.6283854166666667,0.2050925925925926,0.5786458333333333,0.1805555555555555,0.678125,0.2296296296296296,Town05,night,35,498,24.9,1080,1920,54
videos/head-on/Town05_head-on_night_37_aug2.mp4,video_annotations/Town05_head-on_night_37.json.gz,head-on,7.45,149,0.5104166666666666,0.2805555555555555,0.4682291666666666,0.2314814814814814,0.5526041666666667,0.3296296296296296,Town05,night,37,426,21.3,1080,1920,30
videos/head-on/Town05_head-on_night_39_aug2.mp4,video_annotations/Town05_head-on_night_39.json.gz,head-on,4.9,98,0.5578125,0.1828703703703703,0.5432291666666667,0.1407407407407407,0.5723958333333333,0.225,Town05,night,39,409,20.45,1080,1920,76
videos/head-on/Town05_head-on_night_41_aug2.mp4,video_annotations/Town05_head-on_night_41.json.gz,head-on,4.95,99,0.3908854166666666,0.4875,0.3322916666666666,0.425,0.4494791666666666,0.55,Town05,night,41,548,27.4,1080,1920,75
videos/head-on/Town05_head-on_night_43_aug2.mp4,video_annotations/Town05_head-on_night_43.json.gz,head-on,7.8,156,0.4317708333333333,0.349537037037037,0.3739583333333333,0.3212962962962963,0.4895833333333333,0.3777777777777777,Town05,night,43,536,26.8,1080,1920,26
videos/head-on/Town05_head-on_night_48_aug2.mp4,video_annotations/Town05_head-on_night_48.json.gz,head-on,8.4,168,0.365625,0.3523148148148148,0.29375,0.3129629629629629,0.4375,0.3916666666666666,Town05,night,48,361,18.05,1080,1920,67
videos/head-on/Town05_head-on_rain_03_aug2.mp4,video_annotations/Town05_head-on_rain_03.json.gz,head-on,10.2,204,0.5111979166666667,0.4296296296296296,0.4854166666666666,0.2972222222222222,0.5369791666666667,0.562037037037037,Town05,rain,3,465,23.25,1080,1920,50
videos/head-on/Town05_head-on_rain_06_aug2.mp4,video_annotations/Town05_head-on_rain_06.json.gz,head-on,4.3,86,0.74140625,0.4217592592592593,0.6807291666666667,0.3212962962962963,0.8020833333333334,0.5222222222222223,Town05,rain,6,383,19.15,1080,1920,90
videos/head-on/Town05_head-on_rain_09_aug2.mp4,video_annotations/Town05_head-on_rain_09.json.gz,head-on,8.4,168,0.4614583333333333,0.5407407407407407,0.3661458333333333,0.4194444444444444,0.5567708333333333,0.6620370370370371,Town05,rain,9,378,18.9,1080,1920,73
videos/head-on/Town05_head-on_rain_11_aug2.mp4,video_annotations/Town05_head-on_rain_11.json.gz,head-on,6.6,132,0.4263020833333333,0.1333333333333333,0.4135416666666666,0.0564814814814814,0.4390625,0.2101851851851852,Town05,rain,11,412,20.6,1080,1920,40
videos/head-on/Town05_head-on_rain_13_aug2.mp4,video_annotations/Town05_head-on_rain_13.json.gz,head-on,6.7,134,0.3046875,0.1509259259259259,0.2510416666666666,0.075,0.3583333333333333,0.2268518518518518,Town05,rain,13,418,20.9,1080,1920,35
videos/head-on/Town05_head-on_rain_16_aug2.mp4,video_annotations/Town05_head-on_rain_16.json.gz,head-on,6.05,121,0.33515625,0.5550925925925926,0.2572916666666666,0.4694444444444444,0.4130208333333333,0.6407407407407407,Town05,rain,16,266,13.3,1080,1920,50
videos/head-on/Town05_head-on_rain_18_aug2.mp4,video_annotations/Town05_head-on_rain_18.json.gz,head-on,6.2,124,0.56875,0.7546296296296297,0.525,0.6231481481481481,0.6125,0.8861111111111111,Town05,rain,18,442,22.1,1080,1920,53
videos/head-on/Town05_head-on_rain_20_aug2.mp4,video_annotations/Town05_head-on_rain_20.json.gz,head-on,10.0,200,0.4794270833333333,0.4898148148148148,0.4114583333333333,0.3796296296296296,0.5473958333333333,0.6,Town05,rain,20,424,21.2,1080,1920,55
videos/head-on/Town05_head-on_rain_23_aug2.mp4,video_annotations/Town05_head-on_rain_23.json.gz,head-on,4.65,93,0.5375,0.4162037037037037,0.5015625,0.374074074074074,0.5734375,0.4583333333333333,Town05,rain,23,431,21.55,1080,1920,59
videos/head-on/Town05_head-on_rain_25_aug2.mp4,video_annotations/Town05_head-on_rain_25.json.gz,head-on,6.35,127,0.56953125,0.5087962962962963,0.5421875,0.4592592592592592,0.596875,0.5583333333333333,Town05,rain,25,270,13.5,1080,1920,49
videos/head-on/Town05_head-on_rain_27_aug2.mp4,video_annotations/Town05_head-on_rain_27.json.gz,head-on,6.7,134,0.4575520833333333,0.3282407407407407,0.4369791666666666,0.2416666666666666,0.478125,0.4148148148148148,Town05,rain,27,480,24.0,1080,1920,37
videos/head-on/Town05_head-on_rain_29_aug2.mp4,video_annotations/Town05_head-on_rain_29.json.gz,head-on,6.6,132,0.3861979166666666,0.5875,0.3265625,0.5564814814814815,0.4458333333333333,0.6185185185185185,Town05,rain,29,450,22.5,1080,1920,41
videos/head-on/Town05_head-on_rain_31_aug2.mp4,video_annotations/Town05_head-on_rain_31.json.gz,head-on,6.65,133,0.4869791666666667,0.5745370370370371,0.4505208333333333,0.4731481481481481,0.5234375,0.6759259259259259,Town05,rain,31,382,19.1,1080,1920,37
videos/head-on/Town05_head-on_rain_35_aug2.mp4,video_annotations/Town05_head-on_rain_35.json.gz,head-on,5.4,108,0.6450520833333333,0.2546296296296296,0.584375,0.2259259259259259,0.7057291666666666,0.2833333333333333,Town05,rain,35,230,11.5,1080,1920,62
videos/head-on/Town05_head-on_rain_37_aug2.mp4,video_annotations/Town05_head-on_rain_37.json.gz,head-on,6.1,122,0.5598958333333334,0.2810185185185185,0.5197916666666667,0.2416666666666666,0.6,0.3203703703703703,Town05,rain,37,399,19.95,1080,1920,56
videos/head-on/Town05_head-on_rain_43_aug2.mp4,video_annotations/Town05_head-on_rain_43.json.gz,head-on,9.8,196,0.6192708333333333,0.374537037037037,0.5453125,0.3287037037037037,0.6932291666666667,0.4203703703703704,Town05,rain,43,381,19.05,1080,1920,47
videos/head-on/Town05_head-on_rain_45_aug2.mp4,video_annotations/Town05_head-on_rain_45.json.gz,head-on,6.45,129,0.6888020833333334,0.5569444444444445,0.6536458333333334,0.5083333333333333,0.7239583333333334,0.6055555555555555,Town05,rain,45,410,20.5,1080,1920,52
videos/head-on/Town05_head-on_rain_48_aug2.mp4,video_annotations/Town05_head-on_rain_48.json.gz,head-on,6.45,129,0.57578125,0.3203703703703703,0.53125,0.2981481481481481,0.6203125,0.3425925925925926,Town05,rain,48,419,20.95,1080,1920,54
videos/head-on/Town05_head-on_rain_52_aug2.mp4,video_annotations/Town05_head-on_rain_52.json.gz,head-on,10.55,211,0.4463541666666666,0.4287037037037037,0.4208333333333333,0.375,0.471875,0.4824074074074074,Town05,rain,52,367,18.35,1080,1920,38
videos/head-on/Town05_head-on_sunset_00_aug2.mp4,video_annotations/Town05_head-on_sunset_00.json.gz,head-on,10.9,218,0.5294270833333333,0.5763888888888888,0.4697916666666666,0.5416666666666666,0.5890625,0.6111111111111112,Town05,sunset,0,452,22.6,1080,1920,32
videos/head-on/Town05_head-on_sunset_02_aug2.mp4,video_annotations/Town05_head-on_sunset_02.json.gz,head-on,6.95,139,0.3989583333333333,0.8847222222222222,0.3479166666666666,0.7703703703703704,0.45,0.999074074074074,Town05,sunset,2,440,22.0,1080,1920,63
videos/head-on/Town05_head-on_sunset_06_aug2.mp4,video_annotations/Town05_head-on_sunset_06.json.gz,head-on,2.15,43,0.778125,0.5083333333333333,0.6875,0.3777777777777777,0.86875,0.6388888888888888,Town05,sunset,6,238,11.9,1080,1920,131
videos/head-on/Town05_head-on_sunset_08_aug2.mp4,video_annotations/Town05_head-on_sunset_08.json.gz,head-on,3.4,68,0.6677083333333333,0.1513888888888888,0.5994791666666667,0.099074074074074,0.7359375,0.2037037037037037,Town05,sunset,8,264,13.2,1080,1920,104
videos/head-on/Town05_head-on_sunset_10_aug2.mp4,video_annotations/Town05_head-on_sunset_10.json.gz,head-on,5.3,106,0.5671875,0.3875,0.534375,0.324074074074074,0.6,0.4509259259259259,Town05,sunset,10,417,20.85,1080,1920,64
videos/head-on/Town05_head-on_sunset_14_aug2.mp4,video_annotations/Town05_head-on_sunset_14.json.gz,head-on,6.5,130,0.2059895833333333,0.2527777777777777,0.1098958333333333,0.1842592592592592,0.3020833333333333,0.3212962962962963,Town05,sunset,14,429,21.45,1080,1920,29
videos/head-on/Town05_head-on_sunset_20_aug2.mp4,video_annotations/Town05_head-on_sunset_20.json.gz,head-on,4.45,89,0.5986979166666667,0.75,0.5359375,0.6537037037037037,0.6614583333333334,0.8462962962962963,Town05,sunset,20,384,19.2,1080,1920,82
videos/head-on/Town05_head-on_sunset_24_aug2.mp4,video_annotations/Town05_head-on_sunset_24.json.gz,head-on,10.15,203,0.4833333333333333,0.387037037037037,0.41875,0.3129629629629629,0.5479166666666667,0.4611111111111111,Town05,sunset,24,401,20.05,1080,1920,57
videos/head-on/Town05_head-on_sunset_26_aug2.mp4,video_annotations/Town05_head-on_sunset_26.json.gz,head-on,6.65,133,0.4583333333333333,0.074537037037037,0.4447916666666666,0.0175925925925925,0.471875,0.1314814814814814,Town05,sunset,26,476,23.8,1080,1920,26
videos/head-on/Town05_head-on_sunset_30_aug2.mp4,video_annotations/Town05_head-on_sunset_30.json.gz,head-on,3.0,60,0.3221354166666667,0.4935185185185185,0.25,0.4166666666666667,0.3942708333333333,0.5703703703703704,Town05,sunset,30,298,14.9,1080,1920,141
videos/head-on/Town05_head-on_sunset_34_aug2.mp4,video_annotations/Town05_head-on_sunset_34.json.gz,head-on,5.3,106,0.7875,0.5712962962962963,0.7119791666666667,0.5166666666666667,0.8630208333333333,0.6259259259259259,Town05,sunset,34,437,21.85,1080,1920,59
videos/head-on/Town05_head-on_sunset_36_aug2.mp4,video_annotations/Town05_head-on_sunset_36.json.gz,head-on,10.65,213,0.5838541666666667,0.5893518518518519,0.5385416666666667,0.5657407407407408,0.6291666666666667,0.6129629629629629,Town05,sunset,36,392,19.6,1080,1920,54
videos/head-on/Town05_head-on_sunset_39_aug2.mp4,video_annotations/Town05_head-on_sunset_39.json.gz,head-on,7.0,140,0.5684895833333333,0.174074074074074,0.5557291666666667,0.1314814814814814,0.58125,0.2166666666666666,Town05,sunset,39,475,23.75,1080,1920,29
videos/head-on/Town05_head-on_sunset_41_aug2.mp4,video_annotations/Town05_head-on_sunset_41.json.gz,head-on,6.9,138,0.4106770833333333,0.5458333333333333,0.3697916666666667,0.5074074074074074,0.4515625,0.5842592592592593,Town05,sunset,41,487,24.35,1080,1920,47
videos/head-on/Town05_head-on_sunset_44_aug2.mp4,video_annotations/Town05_head-on_sunset_44.json.gz,head-on,5.95,119,0.3572916666666667,0.5990740740740741,0.3177083333333333,0.5407407407407407,0.396875,0.6574074074074074,Town05,sunset,44,397,19.85,1080,1920,62
videos/head-on/Town05_head-on_sunset_46_aug2.mp4,video_annotations/Town05_head-on_sunset_46.json.gz,head-on,4.3,86,0.7802083333333333,0.6425925925925926,0.7083333333333334,0.5861111111111111,0.8520833333333333,0.6990740740740741,Town05,sunset,46,301,15.05,1080,1920,81
videos/head-on/Town05_head-on_sunset_52_aug2.mp4,video_annotations/Town05_head-on_sunset_52.json.gz,head-on,5.45,109,0.4614583333333333,0.4560185185185185,0.4473958333333333,0.4342592592592592,0.4755208333333333,0.4777777777777778,Town05,sunset,52,306,15.3,1080,1920,67
videos/head-on/Town05_head-on_wet_01_aug2.mp4,video_annotations/Town05_head-on_wet_01.json.gz,head-on,6.45,129,0.26328125,0.8861111111111111,0.1880208333333333,0.7814814814814814,0.3385416666666667,0.9907407407407408,Town05,wet,1,367,18.35,1080,1920,47
videos/head-on/Town05_head-on_wet_04_aug2.mp4,video_annotations/Town05_head-on_wet_04.json.gz,head-on,7.4,148,0.5963541666666666,0.7212962962962963,0.5708333333333333,0.5824074074074074,0.621875,0.8601851851851852,Town05,wet,4,330,16.5,1080,1920,54
videos/head-on/Town05_head-on_wet_11_aug2.mp4,video_annotations/Town05_head-on_wet_11.json.gz,head-on,6.4,128,0.4265625,0.0731481481481481,0.4145833333333333,0.0,0.4385416666666666,0.1462962962962962,Town05,wet,11,299,14.95,1080,1920,39
videos/head-on/Town05_head-on_wet_13_aug2.mp4,video_annotations/Town05_head-on_wet_13.json.gz,head-on,7.95,159,0.3169270833333333,0.175,0.2640625,0.1027777777777777,0.3697916666666667,0.2472222222222222,Town05,wet,13,443,22.15,1080,1920,46
videos/head-on/Town05_head-on_wet_15_aug2.mp4,video_annotations/Town05_head-on_wet_15.json.gz,head-on,5.35,107,0.3166666666666666,0.5226851851851851,0.2458333333333333,0.4740740740740741,0.3875,0.5712962962962963,Town05,wet,15,406,20.3,1080,1920,71
videos/head-on/Town05_head-on_wet_19_aug2.mp4,video_annotations/Town05_head-on_wet_19.json.gz,head-on,9.8,196,0.6057291666666667,0.3703703703703703,0.5828125,0.2555555555555555,0.6286458333333333,0.4851851851851851,Town05,wet,19,478,23.9,1080,1920,45
videos/head-on/Town05_head-on_wet_21_aug2.mp4,video_annotations/Town05_head-on_wet_21.json.gz,head-on,7.3,146,0.6557291666666667,0.3805555555555555,0.5953125,0.3148148148148148,0.7161458333333334,0.4462962962962963,Town05,wet,21,360,18.0,1080,1920,39
videos/head-on/Town05_head-on_wet_24_aug2.mp4,video_annotations/Town05_head-on_wet_24.json.gz,head-on,7.8,156,0.578125,0.3518518518518518,0.5317708333333333,0.3018518518518518,0.6244791666666667,0.4018518518518518,Town05,wet,24,443,22.15,1080,1920,23
videos/head-on/Town05_head-on_wet_28_aug2.mp4,video_annotations/Town05_head-on_wet_28.json.gz,head-on,6.4,128,0.3510416666666666,0.449537037037037,0.2921875,0.4037037037037037,0.4098958333333333,0.4953703703703703,Town05,wet,28,505,25.25,1080,1920,46
videos/head-on/Town05_head-on_wet_33_aug2.mp4,video_annotations/Town05_head-on_wet_33.json.gz,head-on,5.35,107,0.671875,0.3439814814814815,0.6109375,0.2712962962962963,0.7328125,0.4166666666666667,Town05,wet,33,272,13.6,1080,1920,74
videos/head-on/Town05_head-on_wet_36_aug2.mp4,video_annotations/Town05_head-on_wet_36.json.gz,head-on,4.5,90,0.4127604166666667,0.6472222222222223,0.3635416666666666,0.6194444444444445,0.4619791666666666,0.675,Town05,wet,36,322,16.1,1080,1920,142
videos/head-on/Town05_head-on_wet_41_aug2.mp4,video_annotations/Town05_head-on_wet_41.json.gz,head-on,7.9,158,0.5065104166666666,0.5787037037037037,0.4473958333333333,0.5296296296296297,0.565625,0.6277777777777778,Town05,wet,41,466,23.3,1080,1920,38
videos/head-on/Town05_head-on_wet_44_aug2.mp4,video_annotations/Town05_head-on_wet_44.json.gz,head-on,6.55,131,0.4028645833333333,0.5893518518518519,0.3682291666666666,0.5305555555555556,0.4375,0.6481481481481481,Town05,wet,44,403,20.15,1080,1920,69
videos/head-on/Town05_head-on_wet_48_aug2.mp4,video_annotations/Town05_head-on_wet_48.json.gz,head-on,8.15,163,0.4239583333333333,0.4027777777777778,0.3770833333333333,0.3824074074074074,0.4708333333333333,0.4231481481481481,Town05,wet,48,419,20.95,1080,1920,80
videos/head-on/Town05_head-on_wet_52_aug2.mp4,video_annotations/Town05_head-on_wet_52.json.gz,head-on,5.9,118,0.4330729166666666,0.4773148148148148,0.41875,0.4481481481481481,0.4473958333333333,0.5064814814814815,Town05,wet,52,399,19.95,1080,1920,65
videos/head-on/Town06_head-on_clear_01_aug2.mp4,video_annotations/Town06_head-on_clear_01.json.gz,head-on,14.4,288,0.5408854166666667,0.762962962962963,0.5052083333333334,0.6796296296296296,0.5765625,0.8462962962962963,Town06,clear,1,356,17.8,1080,1920,66
videos/head-on/Town06_head-on_clear_03_aug2.mp4,video_annotations/Town06_head-on_clear_03.json.gz,head-on,11.35,227,0.4385416666666666,0.3152777777777777,0.3979166666666666,0.287962962962963,0.4791666666666667,0.3425925925925926,Town06,clear,3,319,15.95,1080,1920,98
videos/head-on/Town06_head-on_clear_05_aug2.mp4,video_annotations/Town06_head-on_clear_05.json.gz,head-on,11.25,225,0.4716145833333333,0.3944444444444444,0.4119791666666667,0.3314814814814815,0.53125,0.4574074074074074,Town06,clear,5,341,17.05,1080,1920,113
videos/head-on/Town06_head-on_clear_07_aug2.mp4,video_annotations/Town06_head-on_clear_07.json.gz,head-on,10.9,218,0.4606770833333333,0.4194444444444444,0.4385416666666666,0.2981481481481481,0.4828125,0.5407407407407407,Town06,clear,7,306,15.3,1080,1920,108
videos/head-on/Town06_head-on_clear_09_aug2.mp4,video_annotations/Town06_head-on_clear_09.json.gz,head-on,14.0,280,0.5763020833333333,0.3814814814814815,0.5432291666666667,0.3037037037037037,0.609375,0.4592592592592592,Town06,clear,9,403,20.15,1080,1920,50
videos/head-on/Town06_head-on_clear_11_aug2.mp4,video_annotations/Town06_head-on_clear_11.json.gz,head-on,7.6,152,0.5104166666666666,0.3064814814814814,0.4614583333333333,0.2805555555555555,0.559375,0.3324074074074074,Town06,clear,11,248,12.4,1080,1920,165
videos/head-on/Town06_head-on_clear_13_aug2.mp4,video_annotations/Town06_head-on_clear_13.json.gz,head-on,12.5,250,0.6125,0.3578703703703704,0.55625,0.2944444444444444,0.66875,0.4212962962962963,Town06,clear,13,302,15.1,1080,1920,85
videos/head-on/Town06_head-on_clear_16_aug2.mp4,video_annotations/Town06_head-on_clear_16.json.gz,head-on,8.45,169,0.4729166666666666,0.3203703703703703,0.4458333333333333,0.2675925925925926,0.5,0.3731481481481482,Town06,clear,16,237,11.85,1080,1920,150
videos/head-on/Town06_head-on_clear_18_aug2.mp4,video_annotations/Town06_head-on_clear_18.json.gz,head-on,14.45,289,0.57109375,0.5856481481481481,0.5348958333333333,0.5481481481481482,0.6072916666666667,0.6231481481481481,Town06,clear,18,327,16.35,1080,1920,75
videos/head-on/Town06_head-on_clear_20_aug2.mp4,video_annotations/Town06_head-on_clear_20.json.gz,head-on,12.1,242,0.4348958333333333,0.5962962962962963,0.3859375,0.5444444444444444,0.4838541666666666,0.6481481481481481,Town06,clear,20,388,19.4,1080,1920,69
videos/head-on/Town06_head-on_clear_22_aug2.mp4,video_annotations/Town06_head-on_clear_22.json.gz,head-on,14.35,287,0.459375,0.5745370370370371,0.4401041666666667,0.4805555555555555,0.4786458333333333,0.6685185185185185,Town06,clear,22,373,18.65,1080,1920,33
videos/head-on/Town06_head-on_clear_24_aug2.mp4,video_annotations/Town06_head-on_clear_24.json.gz,head-on,8.15,163,0.5966145833333333,0.425,0.5640625,0.3564814814814814,0.6291666666666667,0.4935185185185185,Town06,clear,24,281,14.05,1080,1920,172
videos/head-on/Town06_head-on_clear_27_aug2.mp4,video_annotations/Town06_head-on_clear_27.json.gz,head-on,13.9,278,0.3828125,0.5254629629629629,0.3390625,0.4972222222222222,0.4265625,0.5537037037037037,Town06,clear,27,352,17.6,1080,1920,86
videos/head-on/Town06_head-on_clear_29_aug2.mp4,video_annotations/Town06_head-on_clear_29.json.gz,head-on,11.7,234,0.49453125,0.2884259259259259,0.4692708333333333,0.2194444444444444,0.5197916666666667,0.3574074074074074,Town06,clear,29,344,17.2,1080,1920,105
videos/head-on/Town06_head-on_clear_31_aug2.mp4,video_annotations/Town06_head-on_clear_31.json.gz,head-on,8.95,179,0.2942708333333333,0.5226851851851851,0.2770833333333333,0.4962962962962963,0.3114583333333333,0.549074074074074,Town06,clear,31,305,15.25,1080,1920,103
videos/head-on/Town06_head-on_clear_34_aug2.mp4,video_annotations/Town06_head-on_clear_34.json.gz,head-on,10.95,219,0.3794270833333333,0.5990740740740741,0.3317708333333333,0.5694444444444444,0.4270833333333333,0.6287037037037037,Town06,clear,34,317,15.85,1080,1920,117
videos/head-on/Town06_head-on_clear_36_aug2.mp4,video_annotations/Town06_head-on_clear_36.json.gz,head-on,8.3,166,0.2763020833333333,0.6263888888888889,0.2036458333333333,0.5453703703703704,0.3489583333333333,0.7074074074074074,Town06,clear,36,292,14.6,1080,1920,116
videos/head-on/Town06_head-on_clear_38_aug2.mp4,video_annotations/Town06_head-on_clear_38.json.gz,head-on,13.0,260,0.4203125,0.6680555555555555,0.3942708333333333,0.6101851851851852,0.4463541666666666,0.725925925925926,Town06,clear,38,351,17.55,1080,1920,64
videos/head-on/Town06_head-on_clear_40_aug2.mp4,video_annotations/Town06_head-on_clear_40.json.gz,head-on,9.95,199,0.4890625,0.3731481481481482,0.4291666666666666,0.3157407407407407,0.5489583333333333,0.4305555555555556,Town06,clear,40,271,13.55,1080,1920,127
videos/head-on/Town06_head-on_clear_42_aug2.mp4,video_annotations/Town06_head-on_clear_42.json.gz,head-on,11.4,228,0.2908854166666667,0.5273148148148148,0.2364583333333333,0.4851851851851851,0.3453125,0.5694444444444444,Town06,clear,42,271,13.55,1080,1920,120
videos/head-on/Town06_head-on_clear_45_aug2.mp4,video_annotations/Town06_head-on_clear_45.json.gz,head-on,11.0,220,0.4533854166666666,0.5555555555555556,0.4401041666666667,0.5314814814814814,0.4666666666666667,0.5796296296296296,Town06,clear,45,366,18.3,1080,1920,99
videos/head-on/Town06_head-on_clear_47_aug2.mp4,video_annotations/Town06_head-on_clear_47.json.gz,head-on,12.3,246,0.5515625,0.6236111111111111,0.515625,0.600925925925926,0.5875,0.6462962962962963,Town06,clear,47,373,18.65,1080,1920,69
videos/head-on/Town06_head-on_clear_49_aug2.mp4,video_annotations/Town06_head-on_clear_49.json.gz,head-on,13.2,264,0.50546875,0.5166666666666667,0.4479166666666667,0.4805555555555555,0.5630208333333333,0.5527777777777778,Town06,clear,49,404,20.2,1080,1920,66
videos/head-on/Town06_head-on_clear_51_aug2.mp4,video_annotations/Town06_head-on_clear_51.json.gz,head-on,8.85,177,0.49375,0.6361111111111111,0.4572916666666666,0.6101851851851852,0.5302083333333333,0.6620370370370371,Town06,clear,51,328,16.4,1080,1920,146
videos/head-on/Town06_head-on_clear_53_aug2.mp4,video_annotations/Town06_head-on_clear_53.json.gz,head-on,12.4,248,0.625,0.6833333333333333,0.5973958333333333,0.6407407407407407,0.6526041666666667,0.725925925925926,Town06,clear,53,412,20.6,1080,1920,76
videos/head-on/Town06_head-on_night_00_aug2.mp4,video_annotations/Town06_head-on_night_00.json.gz,head-on,13.8,276,0.5169270833333334,0.7916666666666666,0.5026041666666666,0.6990740740740741,0.53125,0.8842592592592593,Town06,night,0,523,26.15,1080,1920,150
videos/head-on/Town06_head-on_night_02_aug2.mp4,video_annotations/Town06_head-on_night_02.json.gz,head-on,14.15,283,0.43671875,0.4546296296296296,0.3885416666666667,0.3851851851851852,0.4848958333333333,0.524074074074074,Town06,night,2,496,24.8,1080,1920,35
videos/head-on/Town06_head-on_night_04_aug2.mp4,video_annotations/Town06_head-on_night_04.json.gz,head-on,13.55,271,0.4432291666666667,0.3212962962962963,0.3973958333333333,0.2842592592592592,0.4890625,0.3583333333333333,Town06,night,4,528,26.4,1080,1920,65
videos/head-on/Town06_head-on_night_07_aug2.mp4,video_annotations/Town06_head-on_night_07.json.gz,head-on,13.05,261,0.4653645833333333,0.4314814814814814,0.446875,0.3537037037037037,0.4838541666666666,0.5092592592592593,Town06,night,7,595,29.75,1080,1920,64
videos/head-on/Town06_head-on_night_09_aug2.mp4,video_annotations/Town06_head-on_night_09.json.gz,head-on,11.5,230,0.5067708333333333,0.1648148148148148,0.4833333333333333,0.0981481481481481,0.5302083333333333,0.2314814814814814,Town06,night,9,435,21.75,1080,1920,134
videos/head-on/Town06_head-on_night_11_aug2.mp4,video_annotations/Town06_head-on_night_11.json.gz,head-on,14.4,288,0.41875,0.2736111111111111,0.3692708333333333,0.2462962962962963,0.4682291666666666,0.3009259259259259,Town06,night,11,487,24.35,1080,1920,81
videos/head-on/Town06_head-on_night_13_aug2.mp4,video_annotations/Town06_head-on_night_13.json.gz,head-on,13.55,271,0.5927083333333333,0.3282407407407407,0.55,0.2796296296296296,0.6354166666666666,0.3768518518518518,Town06,night,13,513,25.65,1080,1920,83
videos/head-on/Town06_head-on_night_16_aug2.mp4,video_annotations/Town06_head-on_night_16.json.gz,head-on,10.45,209,0.4369791666666666,0.1476851851851852,0.41875,0.1092592592592592,0.4552083333333333,0.1861111111111111,Town06,night,16,492,24.6,1080,1920,54
videos/head-on/Town06_head-on_night_18_aug2.mp4,video_annotations/Town06_head-on_night_18.json.gz,head-on,12.15,243,0.434375,0.5194444444444445,0.3927083333333333,0.4833333333333333,0.4760416666666666,0.5555555555555556,Town06,night,18,458,22.9,1080,1920,69
videos/head-on/Town06_head-on_night_20_aug2.mp4,video_annotations/Town06_head-on_night_20.json.gz,head-on,15.85,317,0.57421875,0.5194444444444445,0.5286458333333334,0.475,0.6197916666666666,0.5638888888888889,Town06,night,20,510,25.5,1080,1920,39
videos/head-on/Town06_head-on_night_22_aug2.mp4,video_annotations/Town06_head-on_night_22.json.gz,head-on,7.6,152,0.46796875,0.4324074074074074,0.4552083333333333,0.3925925925925926,0.4807291666666666,0.4722222222222222,Town06,night,22,302,15.1,1080,1920,215
videos/head-on/Town06_head-on_night_24_aug2.mp4,video_annotations/Town06_head-on_night_24.json.gz,head-on,5.15,103,0.5578125,0.437037037037037,0.5244791666666667,0.3694444444444444,0.5911458333333334,0.5046296296296297,Town06,night,24,350,17.5,1080,1920,219
videos/head-on/Town06_head-on_night_26_aug2.mp4,video_annotations/Town06_head-on_night_26.json.gz,head-on,10.1,202,0.5950520833333334,0.4476851851851852,0.5541666666666667,0.4277777777777777,0.6359375,0.4675925925925926,Town06,night,26,465,23.25,1080,1920,80
videos/head-on/Town06_head-on_night_28_aug2.mp4,video_annotations/Town06_head-on_night_28.json.gz,head-on,7.85,157,0.6005208333333333,0.4555555555555555,0.578125,0.4203703703703704,0.6229166666666667,0.4907407407407407,Town06,night,28,431,21.55,1080,1920,104
videos/head-on/Town06_head-on_night_30_aug2.mp4,video_annotations/Town06_head-on_night_30.json.gz,head-on,12.4,248,0.5122395833333333,0.6273148148148148,0.5026041666666666,0.5916666666666667,0.521875,0.662962962962963,Town06,night,30,486,24.3,1080,1920,76
videos/head-on/Town06_head-on_night_32_aug2.mp4,video_annotations/Town06_head-on_night_32.json.gz,head-on,12.1,242,0.50625,0.6157407407407407,0.4822916666666667,0.5851851851851851,0.5302083333333333,0.6462962962962963,Town06,night,32,417,20.85,1080,1920,43
videos/head-on/Town06_head-on_night_34_aug2.mp4,video_annotations/Town06_head-on_night_34.json.gz,head-on,7.4,148,0.1880208333333333,0.6342592592592593,0.1265625,0.5981481481481481,0.2494791666666666,0.6703703703703704,Town06,night,34,464,23.2,1080,1920,136
videos/head-on/Town06_head-on_night_36_aug2.mp4,video_annotations/Town06_head-on_night_36.json.gz,head-on,12.0,240,0.6028645833333334,0.3601851851851851,0.5739583333333333,0.3314814814814815,0.6317708333333333,0.3888888888888889,Town06,night,36,425,21.25,1080,1920,116
videos/head-on/Town06_head-on_night_38_aug2.mp4,video_annotations/Town06_head-on_night_38.json.gz,head-on,9.45,189,0.528125,0.9055555555555556,0.4822916666666667,0.812037037037037,0.5739583333333333,0.999074074074074,Town06,night,38,439,21.95,1080,1920,71
videos/head-on/Town06_head-on_night_41_aug2.mp4,video_annotations/Town06_head-on_night_41.json.gz,head-on,15.8,316,0.2864583333333333,0.4379629629629629,0.2505208333333333,0.412037037037037,0.3223958333333333,0.4638888888888889,Town06,night,41,425,21.25,1080,1920,110
videos/head-on/Town06_head-on_night_43_aug2.mp4,video_annotations/Town06_head-on_night_43.json.gz,head-on,14.65,293,0.5416666666666666,0.6365740740740741,0.5046875,0.5953703703703703,0.5786458333333333,0.6777777777777778,Town06,night,43,515,25.75,1080,1920,35
videos/head-on/Town06_head-on_night_46_aug2.mp4,video_annotations/Town06_head-on_night_46.json.gz,head-on,11.4,228,0.903125,0.9125,0.8067708333333333,0.825925925925926,0.9994791666666668,0.999074074074074,Town06,night,46,343,17.15,1080,1920,195
videos/head-on/Town06_head-on_night_48_aug2.mp4,video_annotations/Town06_head-on_night_48.json.gz,head-on,10.0,200,0.5822916666666667,0.3837962962962963,0.5369791666666667,0.3611111111111111,0.6276041666666666,0.4064814814814815,Town06,night,48,447,22.35,1080,1920,122
videos/head-on/Town06_head-on_night_50_aug2.mp4,video_annotations/Town06_head-on_night_50.json.gz,head-on,14.45,289,0.7546875,0.4175925925925925,0.7119791666666667,0.387037037037037,0.7973958333333333,0.4481481481481481,Town06,night,50,453,22.65,1080,1920,160
videos/head-on/Town06_head-on_night_52_aug2.mp4,video_annotations/Town06_head-on_night_52.json.gz,head-on,14.85,297,0.4932291666666666,0.325,0.4765625,0.299074074074074,0.5098958333333333,0.3509259259259259,Town06,night,52,471,23.55,1080,1920,48
videos/head-on/Town06_head-on_sunset_01_aug2.mp4,video_annotations/Town06_head-on_sunset_01.json.gz,head-on,11.35,227,0.4807291666666666,0.6217592592592592,0.4510416666666667,0.5518518518518518,0.5104166666666666,0.6916666666666667,Town06,sunset,1,301,15.05,1080,1920,111
videos/head-on/Town06_head-on_sunset_03_aug2.mp4,video_annotations/Town06_head-on_sunset_03.json.gz,head-on,17.05,341,0.7481770833333333,0.424074074074074,0.7052083333333333,0.3944444444444444,0.7911458333333333,0.4537037037037037,Town06,sunset,3,378,18.9,1080,1920,73
videos/head-on/Town06_head-on_sunset_05_aug2.mp4,video_annotations/Town06_head-on_sunset_05.json.gz,head-on,12.05,241,0.5153645833333333,0.4092592592592592,0.4682291666666666,0.3685185185185185,0.5625,0.45,Town06,sunset,5,349,17.45,1080,1920,81
videos/head-on/Town06_head-on_sunset_07_aug2.mp4,video_annotations/Town06_head-on_sunset_07.json.gz,head-on,9.6,192,0.4260416666666666,0.8851851851851852,0.3973958333333333,0.7712962962962963,0.4546875,0.999074074074074,Town06,sunset,7,370,18.5,1080,1920,92
videos/head-on/Town06_head-on_sunset_10_aug2.mp4,video_annotations/Town06_head-on_sunset_10.json.gz,head-on,8.2,164,0.85,0.9087962962962964,0.7552083333333334,0.8185185185185185,0.9447916666666668,0.999074074074074,Town06,sunset,10,326,16.3,1080,1920,120
videos/head-on/Town06_head-on_sunset_12_aug2.mp4,video_annotations/Town06_head-on_sunset_12.json.gz,head-on,8.3,166,0.5395833333333333,0.2634259259259259,0.5010416666666667,0.2324074074074074,0.578125,0.2944444444444444,Town06,sunset,12,302,15.1,1080,1920,158
videos/head-on/Town06_head-on_sunset_14_aug2.mp4,video_annotations/Town06_head-on_sunset_14.json.gz,head-on,10.4,208,0.5125,0.2375,0.5,0.1935185185185185,0.525,0.2814814814814815,Town06,sunset,14,327,16.35,1080,1920,54
videos/head-on/Town06_head-on_sunset_16_aug2.mp4,video_annotations/Town06_head-on_sunset_16.json.gz,head-on,11.5,230,0.4942708333333333,0.2777777777777778,0.46875,0.224074074074074,0.5197916666666667,0.3314814814814815,Town06,sunset,16,353,17.65,1080,1920,87
videos/head-on/Town06_head-on_sunset_18_aug2.mp4,video_annotations/Town06_head-on_sunset_18.json.gz,head-on,12.7,254,0.4130208333333333,0.5194444444444445,0.3703125,0.487037037037037,0.4557291666666667,0.5518518518518518,Town06,sunset,18,342,17.1,1080,1920,65
videos/head-on/Town06_head-on_sunset_20_aug2.mp4,video_annotations/Town06_head-on_sunset_20.json.gz,head-on,14.35,287,0.4302083333333333,0.6018518518518519,0.3645833333333333,0.5351851851851852,0.4958333333333333,0.6685185185185185,Town06,sunset,20,383,19.15,1080,1920,59
videos/head-on/Town06_head-on_sunset_22_aug2.mp4,video_annotations/Town06_head-on_sunset_22.json.gz,head-on,9.55,191,0.4479166666666667,0.7486111111111111,0.4276041666666667,0.662962962962963,0.4682291666666666,0.8342592592592593,Town06,sunset,22,304,15.2,1080,1920,93
videos/head-on/Town06_head-on_sunset_24_aug2.mp4,video_annotations/Town06_head-on_sunset_24.json.gz,head-on,11.65,233,0.5309895833333333,0.325,0.5041666666666667,0.2685185185185185,0.5578125,0.3814814814814815,Town06,sunset,24,330,16.5,1080,1920,109
videos/head-on/Town06_head-on_sunset_26_aug2.mp4,video_annotations/Town06_head-on_sunset_26.json.gz,head-on,12.25,245,0.478125,0.4625,0.4244791666666667,0.425,0.5317708333333333,0.5,Town06,sunset,26,335,16.75,1080,1920,76
videos/head-on/Town06_head-on_sunset_28_aug2.mp4,video_annotations/Town06_head-on_sunset_28.json.gz,head-on,7.1,142,0.58203125,0.4976851851851852,0.559375,0.4592592592592592,0.6046875,0.5361111111111111,Town06,sunset,28,219,10.95,1080,1920,118
videos/head-on/Town06_head-on_sunset_31_aug2.mp4,video_annotations/Town06_head-on_sunset_31.json.gz,head-on,7.6,152,0.384375,0.6046296296296296,0.3541666666666667,0.55,0.4145833333333333,0.6592592592592592,Town06,sunset,31,260,13.0,1080,1920,171
videos/head-on/Town06_head-on_sunset_33_aug2.mp4,video_annotations/Town06_head-on_sunset_33.json.gz,head-on,11.35,227,0.525,0.7148148148148148,0.478125,0.6796296296296296,0.571875,0.75,Town06,sunset,33,273,13.65,1080,1920,158
videos/head-on/Town06_head-on_sunset_35_aug2.mp4,video_annotations/Town06_head-on_sunset_35.json.gz,head-on,9.95,199,0.509375,0.5402777777777777,0.4697916666666666,0.5120370370370371,0.5489583333333333,0.5685185185185185,Town06,sunset,35,280,14.0,1080,1920,130
videos/head-on/Town06_head-on_sunset_37_aug2.mp4,video_annotations/Town06_head-on_sunset_37.json.gz,head-on,6.85,137,0.4559895833333333,0.3819444444444444,0.4385416666666666,0.3416666666666667,0.4734375,0.4222222222222222,Town06,sunset,37,243,12.15,1080,1920,199
videos/head-on/Town06_head-on_sunset_39_aug2.mp4,video_annotations/Town06_head-on_sunset_39.json.gz,head-on,19.45,389,0.2760416666666667,0.1004629629629629,0.2546875,0.0731481481481481,0.2973958333333333,0.1277777777777777,Town06,sunset,39,422,21.1,1080,1920,38
videos/head-on/Town06_head-on_sunset_42_aug2.mp4,video_annotations/Town06_head-on_sunset_42.json.gz,head-on,6.45,129,0.46796875,0.4148148148148148,0.4109375,0.3657407407407407,0.525,0.4638888888888889,Town06,sunset,42,203,10.15,1080,1920,196
videos/head-on/Town06_head-on_sunset_46_aug2.mp4,video_annotations/Town06_head-on_sunset_46.json.gz,head-on,9.8,196,0.6036458333333333,0.5958333333333333,0.5755208333333334,0.5574074074074075,0.6317708333333333,0.6342592592592593,Town06,sunset,46,266,13.3,1080,1920,122
videos/head-on/Town06_head-on_sunset_48_aug2.mp4,video_annotations/Town06_head-on_sunset_48.json.gz,head-on,12.85,257,0.5893229166666667,0.3986111111111111,0.5489583333333333,0.3768518518518518,0.6296875,0.4203703703703704,Town06,sunset,48,303,15.15,1080,1920,75
videos/head-on/Town06_head-on_sunset_50_aug2.mp4,video_annotations/Town06_head-on_sunset_50.json.gz,head-on,9.85,197,0.6278645833333333,0.4638888888888889,0.5932291666666667,0.4481481481481481,0.6625,0.4796296296296296,Town06,sunset,50,269,13.45,1080,1920,168
videos/head-on/Town06_head-on_sunset_52_aug2.mp4,video_annotations/Town06_head-on_sunset_52.json.gz,head-on,11.35,227,0.4533854166666666,0.3606481481481481,0.4322916666666667,0.3287037037037037,0.4744791666666667,0.3925925925925926,Town06,sunset,52,304,15.2,1080,1920,97
videos/head-on/Town06_head-on_sunset_54_aug2.mp4,video_annotations/Town06_head-on_sunset_54.json.gz,head-on,9.45,189,0.5239583333333333,0.4087962962962962,0.5057291666666667,0.387037037037037,0.5421875,0.4305555555555556,Town06,sunset,54,271,13.55,1080,1920,142
videos/head-on/Town06_head-on_wet_01_aug2.mp4,video_annotations/Town06_head-on_wet_01.json.gz,head-on,7.25,145,0.45703125,0.5986111111111111,0.4260416666666666,0.5342592592592592,0.4880208333333333,0.662962962962963,Town06,wet,1,230,11.5,1080,1920,192
videos/head-on/Town06_head-on_wet_03_aug2.mp4,video_annotations/Town06_head-on_wet_03.json.gz,head-on,4.3,86,0.3502604166666667,0.2888888888888888,0.2864583333333333,0.2444444444444444,0.4140625,0.3333333333333333,Town06,wet,3,194,9.7,1080,1920,238
videos/head-on/Town06_head-on_wet_05_aug2.mp4,video_annotations/Town06_head-on_wet_05.json.gz,head-on,11.9,238,0.6408854166666667,0.3180555555555555,0.5880208333333333,0.2740740740740741,0.69375,0.362037037037037,Town06,wet,5,327,16.35,1080,1920,119
videos/head-on/Town06_head-on_wet_07_aug2.mp4,video_annotations/Town06_head-on_wet_07.json.gz,head-on,13.65,273,0.4674479166666667,0.4171296296296296,0.4453125,0.324074074074074,0.4895833333333333,0.5101851851851852,Town06,wet,7,392,19.6,1080,1920,42
videos/head-on/Town06_head-on_wet_10_aug2.mp4,video_annotations/Town06_head-on_wet_10.json.gz,head-on,13.65,273,0.5916666666666667,0.5296296296296297,0.5515625,0.4685185185185185,0.6317708333333333,0.5907407407407408,Town06,wet,10,425,21.25,1080,1920,47
videos/head-on/Town06_head-on_wet_12_aug2.mp4,video_annotations/Town06_head-on_wet_12.json.gz,head-on,14.4,288,0.55,0.2509259259259259,0.5088541666666667,0.2148148148148148,0.5911458333333334,0.287037037037037,Town06,wet,12,349,17.45,1080,1920,28
videos/head-on/Town06_head-on_wet_14_aug2.mp4,video_annotations/Town06_head-on_wet_14.json.gz,head-on,14.2,284,0.4895833333333333,0.4555555555555555,0.4666666666666667,0.3888888888888889,0.5125,0.5222222222222223,Town06,wet,14,378,18.9,1080,1920,38
videos/head-on/Town06_head-on_wet_16_aug2.mp4,video_annotations/Town06_head-on_wet_16.json.gz,head-on,13.2,264,0.4794270833333333,0.2453703703703703,0.446875,0.1685185185185185,0.5119791666666667,0.3222222222222222,Town06,wet,16,448,22.4,1080,1920,66
videos/head-on/Town06_head-on_wet_18_aug2.mp4,video_annotations/Town06_head-on_wet_18.json.gz,head-on,17.9,358,0.76484375,0.6638888888888889,0.7151041666666667,0.6222222222222222,0.8145833333333333,0.7055555555555556,Town06,wet,18,387,19.35,1080,1920,81
videos/head-on/Town06_head-on_wet_20_aug2.mp4,video_annotations/Town06_head-on_wet_20.json.gz,head-on,14.15,283,0.4567708333333333,0.5745370370370371,0.4078125,0.5324074074074074,0.5057291666666667,0.6166666666666667,Town06,wet,20,391,19.55,1080,1920,38
videos/head-on/Town06_head-on_wet_22_aug2.mp4,video_annotations/Town06_head-on_wet_22.json.gz,head-on,14.45,289,0.4856770833333333,0.3643518518518518,0.4713541666666667,0.3101851851851852,0.5,0.4185185185185185,Town06,wet,22,378,18.9,1080,1920,65
videos/head-on/Town06_head-on_wet_24_aug2.mp4,video_annotations/Town06_head-on_wet_24.json.gz,head-on,11.3,226,0.58515625,0.4638888888888889,0.5536458333333333,0.3981481481481481,0.6166666666666667,0.5296296296296297,Town06,wet,24,350,17.5,1080,1920,100
videos/head-on/Town06_head-on_wet_26_aug2.mp4,video_annotations/Town06_head-on_wet_26.json.gz,head-on,11.05,221,0.4846354166666666,0.4587962962962963,0.4286458333333333,0.4212962962962963,0.540625,0.4962962962962963,Town06,wet,26,304,15.2,1080,1920,98
videos/head-on/Town06_head-on_wet_29_aug2.mp4,video_annotations/Town06_head-on_wet_29.json.gz,head-on,11.65,233,0.5338541666666666,0.1328703703703703,0.5151041666666667,0.0861111111111111,0.5526041666666667,0.1796296296296296,Town06,wet,29,382,19.1,1080,1920,48
videos/head-on/Town06_head-on_wet_31_aug2.mp4,video_annotations/Town06_head-on_wet_31.json.gz,head-on,11.4,228,0.3153645833333333,0.6101851851851852,0.296875,0.5787037037037037,0.3338541666666667,0.6416666666666667,Town06,wet,31,349,17.45,1080,1920,57
videos/head-on/Town06_head-on_wet_33_aug2.mp4,video_annotations/Town06_head-on_wet_33.json.gz,head-on,11.35,227,0.58359375,0.7027777777777777,0.5296875,0.6712962962962963,0.6375,0.7342592592592593,Town06,wet,33,289,14.45,1080,1920,123
videos/head-on/Town06_head-on_wet_35_aug2.mp4,video_annotations/Town06_head-on_wet_35.json.gz,head-on,14.25,285,0.4921875,0.5365740740740741,0.4494791666666666,0.5064814814814815,0.5348958333333333,0.5666666666666667,Town06,wet,35,397,19.85,1080,1920,51
videos/head-on/Town06_head-on_wet_37_aug2.mp4,video_annotations/Town06_head-on_wet_37.json.gz,head-on,8.4,168,0.3880208333333333,0.687037037037037,0.3541666666666667,0.5925925925925926,0.421875,0.7814814814814814,Town06,wet,37,332,16.6,1080,1920,95
videos/head-on/Town06_head-on_wet_39_aug2.mp4,video_annotations/Town06_head-on_wet_39.json.gz,head-on,14.0,280,0.4736979166666666,0.2199074074074074,0.4401041666666667,0.1703703703703703,0.5072916666666667,0.2694444444444444,Town06,wet,39,409,20.45,1080,1920,42
videos/head-on/Town06_head-on_wet_41_aug2.mp4,video_annotations/Town06_head-on_wet_41.json.gz,head-on,11.5,230,0.5135416666666667,0.5226851851851851,0.4744791666666667,0.5018518518518519,0.5526041666666667,0.5435185185185185,Town06,wet,41,286,14.3,1080,1920,94
videos/head-on/Town06_head-on_wet_43_aug2.mp4,video_annotations/Town06_head-on_wet_43.json.gz,head-on,8.4,168,0.6375,0.5578703703703703,0.6109375,0.5231481481481481,0.6640625,0.5925925925925926,Town06,wet,43,297,14.85,1080,1920,109
videos/head-on/Town06_head-on_wet_45_aug2.mp4,video_annotations/Town06_head-on_wet_45.json.gz,head-on,12.7,254,0.4541666666666666,0.5537037037037037,0.4447916666666666,0.5277777777777778,0.4635416666666667,0.5796296296296296,Town06,wet,45,363,18.15,1080,1920,58
videos/head-on/Town06_head-on_wet_47_aug2.mp4,video_annotations/Town06_head-on_wet_47.json.gz,head-on,13.9,278,0.5588541666666667,0.6240740740740741,0.5260416666666666,0.6018518518518519,0.5916666666666667,0.6462962962962963,Town06,wet,47,397,19.85,1080,1920,45
videos/head-on/Town06_head-on_wet_49_aug2.mp4,video_annotations/Town06_head-on_wet_49.json.gz,head-on,6.75,135,0.5716145833333334,0.475,0.5145833333333333,0.4388888888888889,0.6286458333333333,0.5111111111111111,Town06,wet,49,270,13.5,1080,1920,184
videos/head-on/Town06_head-on_wet_51_aug2.mp4,video_annotations/Town06_head-on_wet_51.json.gz,head-on,9.9,198,0.3627604166666666,0.7069444444444445,0.3015625,0.6611111111111111,0.4239583333333333,0.7527777777777778,Town06,wet,51,407,20.35,1080,1920,84
videos/head-on/Town06_head-on_wet_53_aug2.mp4,video_annotations/Town06_head-on_wet_53.json.gz,head-on,7.65,153,0.61171875,0.5842592592592593,0.5854166666666667,0.524074074074074,0.6380208333333334,0.6444444444444445,Town06,wet,53,323,16.15,1080,1920,168
videos/rear-end/Town04_rear-end_clear_00_aug2.mp4,video_annotations/Town04_rear-end_clear_00.json.gz,rear-end,6.2,124,0.61796875,0.4472222222222222,0.546875,0.3990740740740741,0.6890625,0.4953703703703703,Town04,clear,0,386,19.3,1080,1920,32
videos/rear-end/Town04_rear-end_clear_02_aug2.mp4,video_annotations/Town04_rear-end_clear_02.json.gz,rear-end,4.15,83,0.5635416666666667,0.6199074074074075,0.5286458333333334,0.524074074074074,0.5984375,0.7157407407407408,Town04,clear,2,441,22.05,1080,1920,65
videos/rear-end/Town04_rear-end_clear_04_aug2.mp4,video_annotations/Town04_rear-end_clear_04.json.gz,rear-end,2.0,40,0.4981770833333333,0.1662037037037037,0.4661458333333333,0.0555555555555555,0.5302083333333333,0.2768518518518518,Town04,clear,4,348,17.4,1080,1920,101
videos/rear-end/Town04_rear-end_clear_06_aug2.mp4,video_annotations/Town04_rear-end_clear_06.json.gz,rear-end,4.65,93,0.51875,0.3305555555555555,0.4760416666666666,0.2712962962962963,0.5614583333333333,0.3898148148148148,Town04,clear,6,307,15.35,1080,1920,57
videos/rear-end/Town04_rear-end_clear_08_aug2.mp4,video_annotations/Town04_rear-end_clear_08.json.gz,rear-end,5.45,109,0.45,0.1194444444444444,0.3864583333333333,0.0879629629629629,0.5135416666666667,0.1509259259259259,Town04,clear,8,429,21.45,1080,1920,39
videos/rear-end/Town04_rear-end_clear_10_aug2.mp4,video_annotations/Town04_rear-end_clear_10.json.gz,rear-end,5.9,118,0.4463541666666666,0.3726851851851852,0.4067708333333333,0.2907407407407407,0.4859375,0.4546296296296296,Town04,clear,10,303,15.15,1080,1920,26
videos/rear-end/Town04_rear-end_clear_12_aug2.mp4,video_annotations/Town04_rear-end_clear_12.json.gz,rear-end,5.85,117,0.4669270833333333,0.6078703703703704,0.4348958333333333,0.4712962962962962,0.4989583333333333,0.7444444444444445,Town04,clear,12,475,23.75,1080,1920,36
videos/rear-end/Town04_rear-end_clear_14_aug2.mp4,video_annotations/Town04_rear-end_clear_14.json.gz,rear-end,4.9,98,0.6182291666666667,0.5208333333333334,0.5494791666666666,0.4416666666666666,0.6869791666666667,0.6,Town04,clear,14,371,18.55,1080,1920,55
videos/rear-end/Town04_rear-end_clear_16_aug2.mp4,video_annotations/Town04_rear-end_clear_16.json.gz,rear-end,5.35,107,0.7328125,0.3324074074074074,0.6567708333333333,0.2842592592592592,0.8088541666666667,0.3805555555555555,Town04,clear,16,348,17.4,1080,1920,46
videos/rear-end/Town04_rear-end_clear_18_aug2.mp4,video_annotations/Town04_rear-end_clear_18.json.gz,rear-end,4.9,98,0.65859375,0.2050925925925926,0.6348958333333333,0.1324074074074074,0.6822916666666666,0.2777777777777778,Town04,clear,18,444,22.2,1080,1920,55
videos/rear-end/Town04_rear-end_clear_20_aug2.mp4,video_annotations/Town04_rear-end_clear_20.json.gz,rear-end,4.95,99,0.4713541666666667,0.3254629629629629,0.4442708333333333,0.2777777777777778,0.4984375,0.3731481481481482,Town04,clear,20,355,17.75,1080,1920,61
videos/rear-end/Town04_rear-end_clear_22_aug2.mp4,video_annotations/Town04_rear-end_clear_22.json.gz,rear-end,5.65,113,0.32734375,0.2574074074074074,0.2786458333333333,0.2277777777777777,0.3760416666666666,0.287037037037037,Town04,clear,22,370,18.5,1080,1920,52
videos/rear-end/Town04_rear-end_clear_25_aug2.mp4,video_annotations/Town04_rear-end_clear_25.json.gz,rear-end,4.35,87,0.3361979166666666,0.5532407407407407,0.2901041666666666,0.4574074074074074,0.3822916666666666,0.649074074074074,Town04,clear,25,384,19.2,1080,1920,59
videos/rear-end/Town04_rear-end_clear_27_aug2.mp4,video_annotations/Town04_rear-end_clear_27.json.gz,rear-end,2.45,49,0.4971354166666666,0.5962962962962963,0.4744791666666667,0.4981481481481482,0.5197916666666667,0.6944444444444444,Town04,clear,27,280,14.0,1080,1920,100
videos/rear-end/Town04_rear-end_clear_29_aug2.mp4,video_annotations/Town04_rear-end_clear_29.json.gz,rear-end,4.5,90,0.49453125,0.7407407407407407,0.4390625,0.6787037037037037,0.55,0.8027777777777778,Town04,clear,29,419,20.95,1080,1920,50
videos/rear-end/Town04_rear-end_clear_32_aug2.mp4,video_annotations/Town04_rear-end_clear_32.json.gz,rear-end,6.25,125,0.6614583333333334,0.6319444444444444,0.6286458333333333,0.5861111111111111,0.6942708333333333,0.6777777777777778,Town04,clear,32,321,16.05,1080,1920,31
videos/rear-end/Town04_rear-end_clear_34_aug2.mp4,video_annotations/Town04_rear-end_clear_34.json.gz,rear-end,6.25,125,0.56953125,0.5925925925925926,0.5505208333333333,0.5481481481481482,0.5885416666666666,0.6370370370370371,Town04,clear,34,407,20.35,1080,1920,28
videos/rear-end/Town04_rear-end_clear_37_aug2.mp4,video_annotations/Town04_rear-end_clear_37.json.gz,rear-end,5.75,115,0.4708333333333333,0.2087962962962962,0.4072916666666666,0.174074074074074,0.534375,0.2435185185185185,Town04,clear,37,296,14.8,1080,1920,29
videos/rear-end/Town04_rear-end_clear_40_aug2.mp4,video_annotations/Town04_rear-end_clear_40.json.gz,rear-end,5.1,102,0.49453125,0.5768518518518518,0.45,0.5231481481481481,0.5390625,0.6305555555555555,Town04,clear,40,342,17.1,1080,1920,50
videos/rear-end/Town04_rear-end_clear_42_aug2.mp4,video_annotations/Town04_rear-end_clear_42.json.gz,rear-end,4.95,99,0.4143229166666666,0.6810185185185185,0.3723958333333333,0.5796296296296296,0.45625,0.7824074074074074,Town04,clear,42,326,16.3,1080,1920,53
videos/rear-end/Town04_rear-end_clear_46_aug2.mp4,video_annotations/Town04_rear-end_clear_46.json.gz,rear-end,5.65,113,0.4419270833333333,0.6078703703703704,0.421875,0.5787037037037037,0.4619791666666666,0.6370370370370371,Town04,clear,46,527,26.35,1080,1920,41
videos/rear-end/Town04_rear-end_clear_48_aug2.mp4,video_annotations/Town04_rear-end_clear_48.json.gz,rear-end,4.9,98,0.4236979166666667,0.5675925925925925,0.3817708333333333,0.5444444444444444,0.465625,0.5907407407407408,Town04,clear,48,268,13.4,1080,1920,53
videos/rear-end/Town04_rear-end_clear_50_aug2.mp4,video_annotations/Town04_rear-end_clear_50.json.gz,rear-end,3.15,63,0.49453125,0.2828703703703704,0.4416666666666666,0.2629629629629629,0.5473958333333333,0.3027777777777777,Town04,clear,50,361,18.05,1080,1920,92
videos/rear-end/Town04_rear-end_clear_52_aug2.mp4,video_annotations/Town04_rear-end_clear_52.json.gz,rear-end,5.7,114,0.28984375,0.3847222222222222,0.2385416666666666,0.35,0.3411458333333333,0.4194444444444444,Town04,clear,52,326,16.3,1080,1920,40
videos/rear-end/Town04_rear-end_clear_54_aug2.mp4,video_annotations/Town04_rear-end_clear_54.json.gz,rear-end,4.85,97,0.4895833333333333,0.4458333333333333,0.4536458333333333,0.3842592592592592,0.5255208333333333,0.5074074074074074,Town04,clear,54,406,20.3,1080,1920,54
videos/rear-end/Town04_rear-end_night_01_aug2.mp4,video_annotations/Town04_rear-end_night_01.json.gz,rear-end,2.7,54,0.4606770833333333,0.362962962962963,0.4104166666666666,0.2740740740740741,0.5109375,0.4518518518518518,Town04,night,1,423,21.15,1080,1920,81
videos/rear-end/Town04_rear-end_night_03_aug2.mp4,video_annotations/Town04_rear-end_night_03.json.gz,rear-end,3.65,73,0.5979166666666667,0.4032407407407407,0.5625,0.2972222222222222,0.6333333333333333,0.5092592592592593,Town04,night,3,572,28.6,1080,1920,65
videos/rear-end/Town04_rear-end_night_05_aug2.mp4,video_annotations/Town04_rear-end_night_05.json.gz,rear-end,2.55,51,0.4135416666666666,0.3833333333333333,0.3770833333333333,0.3268518518518518,0.45,0.4398148148148148,Town04,night,5,291,14.55,1080,1920,99
videos/rear-end/Town04_rear-end_night_08_aug2.mp4,video_annotations/Town04_rear-end_night_08.json.gz,rear-end,6.15,123,0.459375,0.0856481481481481,0.3979166666666666,0.0462962962962962,0.5208333333333334,0.125,Town04,night,8,486,24.3,1080,1920,30
videos/rear-end/Town04_rear-end_night_10_aug2.mp4,video_annotations/Town04_rear-end_night_10.json.gz,rear-end,4.35,87,0.4684895833333333,0.3453703703703704,0.4244791666666667,0.2481481481481481,0.5125,0.4425925925925926,Town04,night,10,555,27.75,1080,1920,51
videos/rear-end/Town04_rear-end_night_12_aug2.mp4,video_annotations/Town04_rear-end_night_12.json.gz,rear-end,3.45,69,0.4734375,0.6773148148148148,0.4505208333333333,0.5851851851851851,0.4963541666666666,0.7694444444444445,Town04,night,12,523,26.15,1080,1920,85
videos/rear-end/Town04_rear-end_night_14_aug2.mp4,video_annotations/Town04_rear-end_night_14.json.gz,rear-end,5.05,101,0.5622395833333333,0.4532407407407407,0.49375,0.3712962962962963,0.6307291666666667,0.5351851851851852,Town04,night,14,539,26.95,1080,1920,45
videos/rear-end/Town04_rear-end_night_16_aug2.mp4,video_annotations/Town04_rear-end_night_16.json.gz,rear-end,4.95,99,0.6966145833333334,0.35,0.6302083333333334,0.2962962962962963,0.7630208333333334,0.4037037037037037,Town04,night,16,524,26.2,1080,1920,54
videos/rear-end/Town04_rear-end_night_18_aug2.mp4,video_annotations/Town04_rear-end_night_18.json.gz,rear-end,5.85,117,0.6229166666666667,0.2814814814814815,0.5994791666666667,0.2009259259259259,0.6463541666666667,0.362037037037037,Town04,night,18,613,30.65,1080,1920,34
videos/rear-end/Town04_rear-end_night_20_aug2.mp4,video_annotations/Town04_rear-end_night_20.json.gz,rear-end,2.35,47,0.4609375,0.3319444444444444,0.4322916666666667,0.2842592592592592,0.4895833333333333,0.3796296296296296,Town04,night,20,267,13.35,1080,1920,117
videos/rear-end/Town04_rear-end_night_22_aug2.mp4,video_annotations/Town04_rear-end_night_22.json.gz,rear-end,4.55,91,0.3489583333333333,0.2629629629629629,0.2885416666666666,0.237037037037037,0.409375,0.2888888888888888,Town04,night,22,313,15.65,1080,1920,59
videos/rear-end/Town04_rear-end_night_24_aug2.mp4,video_annotations/Town04_rear-end_night_24.json.gz,rear-end,3.8,76,0.3171875,0.5199074074074074,0.2505208333333333,0.4379629629629629,0.3838541666666666,0.6018518518518519,Town04,night,24,469,23.45,1080,1920,71
videos/rear-end/Town04_rear-end_night_26_aug2.mp4,video_annotations/Town04_rear-end_night_26.json.gz,rear-end,5.65,113,0.4989583333333333,0.5314814814814814,0.471875,0.4388888888888889,0.5260416666666666,0.6240740740740741,Town04,night,26,405,20.25,1080,1920,35
videos/rear-end/Town04_rear-end_night_28_aug2.mp4,video_annotations/Town04_rear-end_night_28.json.gz,rear-end,2.85,57,0.44453125,0.7981481481481482,0.3755208333333333,0.6972222222222222,0.5135416666666667,0.899074074074074,Town04,night,28,442,22.1,1080,1920,89
videos/rear-end/Town04_rear-end_night_31_aug2.mp4,video_annotations/Town04_rear-end_night_31.json.gz,rear-end,3.55,71,0.4755208333333333,0.6907407407407408,0.41875,0.6398148148148148,0.5322916666666667,0.7416666666666667,Town04,night,31,619,30.95,1080,1920,75
videos/rear-end/Town04_rear-end_night_33_aug2.mp4,video_annotations/Town04_rear-end_night_33.json.gz,rear-end,3.65,73,0.490625,0.3226851851851852,0.4671875,0.2509259259259259,0.5140625,0.3944444444444444,Town04,night,33,517,25.85,1080,1920,62
videos/rear-end/Town04_rear-end_night_35_aug2.mp4,video_annotations/Town04_rear-end_night_35.json.gz,rear-end,2.2,44,0.6567708333333333,0.5115740740740741,0.6182291666666667,0.4629629629629629,0.6953125,0.5601851851851852,Town04,night,35,248,12.4,1080,1920,104
videos/rear-end/Town04_rear-end_night_37_aug2.mp4,video_annotations/Town04_rear-end_night_37.json.gz,rear-end,3.2,64,0.42890625,0.161574074074074,0.378125,0.1361111111111111,0.4796875,0.187037037037037,Town04,night,37,505,25.25,1080,1920,80
videos/rear-end/Town04_rear-end_night_39_aug2.mp4,video_annotations/Town04_rear-end_night_39.json.gz,rear-end,2.9,58,0.4291666666666666,0.6578703703703703,0.3692708333333333,0.6175925925925926,0.4890625,0.6981481481481482,Town04,night,39,458,22.9,1080,1920,98
videos/rear-end/Town04_rear-end_night_41_aug2.mp4,video_annotations/Town04_rear-end_night_41.json.gz,rear-end,4.25,85,0.4893229166666666,0.3592592592592593,0.4536458333333333,0.2611111111111111,0.525,0.4574074074074074,Town04,night,41,440,22.0,1080,1920,68
videos/rear-end/Town04_rear-end_night_43_aug2.mp4,video_annotations/Town04_rear-end_night_43.json.gz,rear-end,5.95,119,0.7158854166666667,0.7592592592592593,0.6302083333333334,0.6268518518518519,0.8015625,0.8916666666666667,Town04,night,43,476,23.8,1080,1920,44
videos/rear-end/Town04_rear-end_night_46_aug2.mp4,video_annotations/Town04_rear-end_night_46.json.gz,rear-end,5.7,114,0.4419270833333333,0.6194444444444445,0.4213541666666666,0.5916666666666667,0.4625,0.6472222222222223,Town04,night,46,565,28.25,1080,1920,32
videos/rear-end/Town04_rear-end_night_48_aug2.mp4,video_annotations/Town04_rear-end_night_48.json.gz,rear-end,5.7,114,0.4359375,0.4953703703703703,0.3989583333333333,0.4722222222222222,0.4729166666666666,0.5185185185185185,Town04,night,48,504,25.2,1080,1920,37
videos/rear-end/Town04_rear-end_night_50_aug2.mp4,video_annotations/Town04_rear-end_night_50.json.gz,rear-end,2.9,58,0.5328125,0.3342592592592592,0.4765625,0.3138888888888889,0.5890625,0.3546296296296296,Town04,night,50,393,19.65,1080,1920,93
videos/rear-end/Town04_rear-end_night_52_aug2.mp4,video_annotations/Town04_rear-end_night_52.json.gz,rear-end,5.85,117,0.2671875,0.4041666666666667,0.2088541666666666,0.362037037037037,0.3255208333333333,0.4462962962962963,Town04,night,52,495,24.75,1080,1920,42
videos/rear-end/Town04_rear-end_night_54_aug2.mp4,video_annotations/Town04_rear-end_night_54.json.gz,rear-end,5.8,116,0.51171875,0.4736111111111111,0.4734375,0.4157407407407407,0.55,0.5314814814814814,Town04,night,54,561,28.05,1080,1920,41
videos/rear-end/Town04_rear-end_rain_03_aug2.mp4,video_annotations/Town04_rear-end_rain_03.json.gz,rear-end,4.65,93,0.6171875,0.2671296296296296,0.5880208333333333,0.1666666666666666,0.6463541666666667,0.3675925925925926,Town04,rain,3,370,18.5,1080,1920,57
videos/rear-end/Town04_rear-end_rain_06_aug2.mp4,video_annotations/Town04_rear-end_rain_06.json.gz,rear-end,4.0,80,0.55859375,0.3879629629629629,0.5088541666666667,0.3101851851851852,0.6083333333333333,0.4657407407407407,Town04,rain,6,405,20.25,1080,1920,67
videos/rear-end/Town04_rear-end_rain_09_aug2.mp4,video_annotations/Town04_rear-end_rain_09.json.gz,rear-end,4.3,86,0.3166666666666666,0.7587962962962963,0.2614583333333333,0.6898148148148148,0.371875,0.8277777777777777,Town04,rain,9,165,8.25,1080,1920,84
videos/rear-end/Town04_rear-end_rain_11_aug2.mp4,video_annotations/Town04_rear-end_rain_11.json.gz,rear-end,3.05,61,0.3861979166666666,0.6342592592592593,0.3640625,0.5453703703703704,0.4083333333333333,0.7231481481481481,Town04,rain,11,258,12.9,1080,1920,80
videos/rear-end/Town04_rear-end_rain_13_aug2.mp4,video_annotations/Town04_rear-end_rain_13.json.gz,rear-end,6.25,125,0.5109375,0.6606481481481481,0.4489583333333333,0.562962962962963,0.5729166666666666,0.7583333333333333,Town04,rain,13,446,22.3,1080,1920,32
videos/rear-end/Town04_rear-end_rain_16_aug2.mp4,video_annotations/Town04_rear-end_rain_16.json.gz,rear-end,6.0,120,0.7544270833333333,0.3152777777777777,0.6885416666666667,0.2740740740740741,0.8203125,0.3564814814814814,Town04,rain,16,409,20.45,1080,1920,33
videos/rear-end/Town04_rear-end_rain_18_aug2.mp4,video_annotations/Town04_rear-end_rain_18.json.gz,rear-end,5.7,114,0.62890625,0.2074074074074074,0.6057291666666667,0.1296296296296296,0.6520833333333333,0.2851851851851852,Town04,rain,18,364,18.2,1080,1920,33
videos/rear-end/Town04_rear-end_rain_20_aug2.mp4,video_annotations/Town04_rear-end_rain_20.json.gz,rear-end,5.0,100,0.5049479166666667,0.3449074074074074,0.4666666666666667,0.2777777777777778,0.5432291666666667,0.412037037037037,Town04,rain,20,432,21.6,1080,1920,42
videos/rear-end/Town04_rear-end_rain_22_aug2.mp4,video_annotations/Town04_rear-end_rain_22.json.gz,rear-end,3.75,75,0.3591145833333333,0.2504629629629629,0.3036458333333333,0.2231481481481481,0.4145833333333333,0.2777777777777778,Town04,rain,22,292,14.6,1080,1920,80
videos/rear-end/Town04_rear-end_rain_24_aug2.mp4,video_annotations/Town04_rear-end_rain_24.json.gz,rear-end,2.3,46,0.2979166666666666,0.5652777777777778,0.23125,0.4907407407407407,0.3645833333333333,0.6398148148148148,Town04,rain,24,297,14.85,1080,1920,105
videos/rear-end/Town04_rear-end_rain_26_aug2.mp4,video_annotations/Town04_rear-end_rain_26.json.gz,rear-end,5.6,112,0.49765625,0.5212962962962963,0.46875,0.425,0.5265625,0.6175925925925926,Town04,rain,26,290,14.5,1080,1920,43
videos/rear-end/Town04_rear-end_rain_28_aug2.mp4,video_annotations/Town04_rear-end_rain_28.json.gz,rear-end,5.4,108,0.5026041666666666,0.8569444444444444,0.4260416666666666,0.7361111111111112,0.5791666666666667,0.9777777777777776,Town04,rain,28,363,18.15,1080,1920,47
videos/rear-end/Town04_rear-end_rain_32_aug2.mp4,video_annotations/Town04_rear-end_rain_32.json.gz,rear-end,5.15,103,0.609375,0.6699074074074074,0.5677083333333334,0.6055555555555555,0.6510416666666666,0.7342592592592593,Town04,rain,32,412,20.6,1080,1920,39
videos/rear-end/Town04_rear-end_rain_35_aug2.mp4,video_annotations/Town04_rear-end_rain_35.json.gz,rear-end,6.25,125,0.6065104166666667,0.4629629629629629,0.5723958333333333,0.4194444444444444,0.640625,0.5064814814814815,Town04,rain,35,240,12.0,1080,1920,35
videos/rear-end/Town04_rear-end_rain_37_aug2.mp4,video_annotations/Town04_rear-end_rain_37.json.gz,rear-end,3.05,61,0.3955729166666666,0.1606481481481481,0.3546875,0.1333333333333333,0.4364583333333333,0.1879629629629629,Town04,rain,37,292,14.6,1080,1920,93
videos/rear-end/Town04_rear-end_rain_39_aug2.mp4,video_annotations/Town04_rear-end_rain_39.json.gz,rear-end,4.6,92,0.4348958333333333,0.6662037037037037,0.3796875,0.6277777777777778,0.4901041666666667,0.7046296296296296,Town04,rain,39,440,22.0,1080,1920,71
videos/rear-end/Town04_rear-end_rain_41_aug2.mp4,video_annotations/Town04_rear-end_rain_41.json.gz,rear-end,4.0,80,0.5151041666666667,0.2916666666666667,0.4859375,0.2212962962962963,0.5442708333333334,0.362037037037037,Town04,rain,41,388,19.4,1080,1920,63
videos/rear-end/Town04_rear-end_rain_43_aug2.mp4,video_annotations/Town04_rear-end_rain_43.json.gz,rear-end,4.45,89,0.6580729166666667,0.7092592592592593,0.5875,0.6037037037037037,0.7286458333333333,0.8148148148148148,Town04,rain,43,318,15.9,1080,1920,68
videos/rear-end/Town04_rear-end_rain_47_aug2.mp4,video_annotations/Town04_rear-end_rain_47.json.gz,rear-end,5.8,116,0.575,0.4203703703703704,0.5359375,0.3925925925925926,0.6140625,0.4481481481481481,Town04,rain,47,463,23.15,1080,1920,35
videos/rear-end/Town04_rear-end_rain_49_aug2.mp4,video_annotations/Town04_rear-end_rain_49.json.gz,rear-end,5.45,109,0.2125,0.4726851851851852,0.165625,0.449074074074074,0.259375,0.4962962962962963,Town04,rain,49,359,17.95,1080,1920,57
videos/rear-end/Town04_rear-end_rain_51_aug2.mp4,video_annotations/Town04_rear-end_rain_51.json.gz,rear-end,3.4,68,0.2458333333333333,0.1736111111111111,0.1729166666666666,0.1305555555555555,0.31875,0.2166666666666666,Town04,rain,51,281,14.05,1080,1920,79
videos/rear-end/Town04_rear-end_rain_53_aug2.mp4,video_annotations/Town04_rear-end_rain_53.json.gz,rear-end,5.55,111,0.4958333333333333,0.3180555555555555,0.4598958333333333,0.2601851851851852,0.5317708333333333,0.3759259259259259,Town04,rain,53,398,19.9,1080,1920,43
videos/rear-end/Town04_rear-end_sunset_00_aug2.mp4,video_annotations/Town04_rear-end_sunset_00.json.gz,rear-end,4.6,92,0.53125,0.5023148148148148,0.4651041666666666,0.4574074074074074,0.5973958333333333,0.5472222222222223,Town04,sunset,0,391,19.55,1080,1920,51
videos/rear-end/Town04_rear-end_sunset_02_aug2.mp4,video_annotations/Town04_rear-end_sunset_02.json.gz,rear-end,4.9,98,0.54609375,0.7291666666666666,0.5046875,0.6148148148148148,0.5875,0.8435185185185186,Town04,sunset,2,390,19.5,1080,1920,43
videos/rear-end/Town04_rear-end_sunset_04_aug2.mp4,video_annotations/Town04_rear-end_sunset_04.json.gz,rear-end,4.85,97,0.49765625,0.1629629629629629,0.46875,0.0657407407407407,0.5265625,0.2601851851851852,Town04,sunset,4,303,15.15,1080,1920,50
videos/rear-end/Town04_rear-end_sunset_06_aug2.mp4,video_annotations/Town04_rear-end_sunset_06.json.gz,rear-end,6.25,125,0.5223958333333333,0.3166666666666666,0.4802083333333333,0.2527777777777777,0.5645833333333333,0.3805555555555555,Town04,sunset,6,403,20.15,1080,1920,30
videos/rear-end/Town04_rear-end_sunset_08_aug2.mp4,video_annotations/Town04_rear-end_sunset_08.json.gz,rear-end,5.25,105,0.4015625,0.1680555555555555,0.3520833333333333,0.1379629629629629,0.4510416666666667,0.1981481481481481,Town04,sunset,8,402,20.1,1080,1920,53
videos/rear-end/Town04_rear-end_sunset_11_aug2.mp4,video_annotations/Town04_rear-end_sunset_11.json.gz,rear-end,4.8,96,0.3559895833333333,0.7717592592592593,0.3286458333333333,0.6361111111111111,0.3833333333333333,0.9074074074074074,Town04,sunset,11,270,13.5,1080,1920,55
videos/rear-end/Town04_rear-end_sunset_13_aug2.mp4,video_annotations/Town04_rear-end_sunset_13.json.gz,rear-end,4.75,95,0.41953125,0.5740740740740741,0.3505208333333333,0.4666666666666667,0.4885416666666666,0.6814814814814815,Town04,sunset,13,352,17.6,1080,1920,46
videos/rear-end/Town04_rear-end_sunset_15_aug2.mp4,video_annotations/Town04_rear-end_sunset_15.json.gz,rear-end,5.05,101,0.534375,0.2907407407407407,0.4770833333333333,0.2574074074074074,0.5916666666666667,0.324074074074074,Town04,sunset,15,330,16.5,1080,1920,40
videos/rear-end/Town04_rear-end_sunset_17_aug2.mp4,video_annotations/Town04_rear-end_sunset_17.json.gz,rear-end,4.65,93,0.6859375,0.5166666666666667,0.6432291666666666,0.449074074074074,0.7286458333333333,0.5842592592592593,Town04,sunset,17,406,20.3,1080,1920,59
videos/rear-end/Town04_rear-end_sunset_19_aug2.mp4,video_annotations/Town04_rear-end_sunset_19.json.gz,rear-end,5.5,110,0.5690104166666666,0.3708333333333333,0.5489583333333333,0.312037037037037,0.5890625,0.4296296296296296,Town04,sunset,19,417,20.85,1080,1920,37
videos/rear-end/Town04_rear-end_sunset_21_aug2.mp4,video_annotations/Town04_rear-end_sunset_21.json.gz,rear-end,5.75,115,0.4348958333333333,0.4763888888888888,0.3848958333333333,0.4324074074074074,0.4848958333333333,0.5203703703703704,Town04,sunset,21,216,10.8,1080,1920,31
videos/rear-end/Town04_rear-end_sunset_23_aug2.mp4,video_annotations/Town04_rear-end_sunset_23.json.gz,rear-end,4.9,98,0.2984375,0.6509259259259259,0.246875,0.5944444444444444,0.35,0.7074074074074074,Town04,sunset,23,393,19.65,1080,1920,56
videos/rear-end/Town04_rear-end_sunset_25_aug2.mp4,video_annotations/Town04_rear-end_sunset_25.json.gz,rear-end,3.8,76,0.3223958333333333,0.5333333333333333,0.2760416666666667,0.4333333333333333,0.36875,0.6333333333333333,Town04,sunset,25,344,17.2,1080,1920,65
videos/rear-end/Town04_rear-end_sunset_27_aug2.mp4,video_annotations/Town04_rear-end_sunset_27.json.gz,rear-end,5.05,101,0.4971354166666666,0.6013888888888889,0.4723958333333333,0.499074074074074,0.521875,0.7037037037037037,Town04,sunset,27,406,20.3,1080,1920,47
videos/rear-end/Town04_rear-end_sunset_29_aug2.mp4,video_annotations/Town04_rear-end_sunset_29.json.gz,rear-end,2.75,55,0.615625,0.8703703703703703,0.5458333333333333,0.7888888888888889,0.6854166666666667,0.9518518518518518,Town04,sunset,29,311,15.55,1080,1920,99
videos/rear-end/Town04_rear-end_sunset_32_aug2.mp4,video_annotations/Town04_rear-end_sunset_32.json.gz,rear-end,6.25,125,0.66171875,0.6282407407407408,0.6208333333333333,0.5777777777777777,0.7026041666666667,0.6787037037037037,Town04,sunset,32,312,15.6,1080,1920,26
videos/rear-end/Town04_rear-end_sunset_34_aug2.mp4,video_annotations/Town04_rear-end_sunset_34.json.gz,rear-end,5.9,118,0.5484375,0.5513888888888889,0.5265625,0.5037037037037037,0.5703125,0.5990740740740741,Town04,sunset,34,332,16.6,1080,1920,35
videos/rear-end/Town04_rear-end_sunset_36_aug2.mp4,video_annotations/Town04_rear-end_sunset_36.json.gz,rear-end,4.75,95,0.5361979166666667,0.6171296296296296,0.4916666666666666,0.575925925925926,0.5807291666666666,0.6583333333333333,Town04,sunset,36,329,16.45,1080,1920,56
videos/rear-end/Town04_rear-end_sunset_38_aug2.mp4,video_annotations/Town04_rear-end_sunset_38.json.gz,rear-end,4.25,85,0.5265625,0.4277777777777777,0.4817708333333333,0.4046296296296296,0.5713541666666667,0.4509259259259259,Town04,sunset,38,431,21.55,1080,1920,64
videos/rear-end/Town04_rear-end_sunset_40_aug2.mp4,video_annotations/Town04_rear-end_sunset_40.json.gz,rear-end,5.3,106,0.4859375,0.5763888888888888,0.4411458333333333,0.524074074074074,0.5307291666666667,0.6287037037037037,Town04,sunset,40,363,18.15,1080,1920,43
videos/rear-end/Town04_rear-end_sunset_43_aug2.mp4,video_annotations/Town04_rear-end_sunset_43.json.gz,rear-end,4.95,99,0.5763020833333333,0.6217592592592592,0.5166666666666667,0.5361111111111111,0.6359375,0.7074074074074074,Town04,sunset,43,291,14.55,1080,1920,47
videos/rear-end/Town04_rear-end_sunset_46_aug2.mp4,video_annotations/Town04_rear-end_sunset_46.json.gz,rear-end,5.45,109,0.4119791666666667,0.6217592592592592,0.3947916666666666,0.5972222222222222,0.4291666666666666,0.6462962962962963,Town04,sunset,46,392,19.6,1080,1920,41
videos/rear-end/Town04_rear-end_sunset_48_aug2.mp4,video_annotations/Town04_rear-end_sunset_48.json.gz,rear-end,3.8,76,0.4872395833333333,0.5217592592592593,0.4359375,0.4898148148148148,0.5385416666666667,0.5537037037037037,Town04,sunset,48,463,23.15,1080,1920,64
videos/rear-end/Town04_rear-end_sunset_50_aug2.mp4,video_annotations/Town04_rear-end_sunset_50.json.gz,rear-end,5.55,111,0.5755208333333334,0.2888888888888888,0.5125,0.262037037037037,0.6385416666666667,0.3157407407407407,Town04,sunset,50,297,14.85,1080,1920,34
videos/rear-end/Town04_rear-end_sunset_53_aug2.mp4,video_annotations/Town04_rear-end_sunset_53.json.gz,rear-end,4.5,90,0.5028645833333333,0.3310185185185185,0.4713541666666667,0.287037037037037,0.534375,0.375,Town04,sunset,53,404,20.2,1080,1920,62
videos/rear-end/Town04_rear-end_wet_00_aug2.mp4,video_annotations/Town04_rear-end_wet_00.json.gz,rear-end,6.4,128,0.5875,0.4893518518518518,0.5302083333333333,0.4453703703703703,0.6447916666666667,0.5333333333333333,Town04,wet,0,473,23.65,1080,1920,25
videos/rear-end/Town04_rear-end_wet_02_aug2.mp4,video_annotations/Town04_rear-end_wet_02.json.gz,rear-end,5.65,113,0.5588541666666667,0.6324074074074074,0.525,0.5407407407407407,0.5927083333333333,0.7240740740740741,Town04,wet,2,435,21.75,1080,1920,35
videos/rear-end/Town04_rear-end_wet_06_aug2.mp4,video_annotations/Town04_rear-end_wet_06.json.gz,rear-end,5.35,107,0.5377604166666666,0.287962962962963,0.4864583333333333,0.2138888888888888,0.5890625,0.362037037037037,Town04,wet,6,318,15.9,1080,1920,47
videos/rear-end/Town04_rear-end_wet_08_aug2.mp4,video_annotations/Town04_rear-end_wet_08.json.gz,rear-end,5.3,106,0.32109375,0.1773148148148148,0.265625,0.1435185185185185,0.3765625,0.2111111111111111,Town04,wet,8,446,22.3,1080,1920,64
videos/rear-end/Town04_rear-end_wet_10_aug2.mp4,video_annotations/Town04_rear-end_wet_10.json.gz,rear-end,4.6,92,0.42265625,0.4509259259259259,0.3776041666666667,0.3638888888888889,0.4677083333333333,0.537962962962963,Town04,wet,10,227,11.35,1080,1920,61
videos/rear-end/Town04_rear-end_wet_12_aug2.mp4,video_annotations/Town04_rear-end_wet_12.json.gz,rear-end,3.95,79,0.4658854166666666,0.5745370370370371,0.4421875,0.4453703703703703,0.4895833333333333,0.7037037037037037,Town04,wet,12,382,19.1,1080,1920,66
videos/rear-end/Town04_rear-end_wet_14_aug2.mp4,video_annotations/Town04_rear-end_wet_14.json.gz,rear-end,4.45,89,0.62890625,0.5226851851851851,0.5619791666666667,0.4518518518518518,0.6958333333333333,0.5935185185185186,Town04,wet,14,387,19.35,1080,1920,66
videos/rear-end/Town04_rear-end_wet_17_aug2.mp4,video_annotations/Town04_rear-end_wet_17.json.gz,rear-end,5.45,109,0.7395833333333334,0.512962962962963,0.6979166666666666,0.449074074074074,0.78125,0.5768518518518518,Town04,wet,17,395,19.75,1080,1920,50
videos/rear-end/Town04_rear-end_wet_19_aug2.mp4,video_annotations/Town04_rear-end_wet_19.json.gz,rear-end,6.1,122,0.5802083333333333,0.3342592592592592,0.5619791666666667,0.2777777777777778,0.5984375,0.3907407407407407,Town04,wet,19,410,20.5,1080,1920,33
videos/rear-end/Town04_rear-end_wet_21_aug2.mp4,video_annotations/Town04_rear-end_wet_21.json.gz,rear-end,5.25,105,0.4471354166666667,0.4416666666666666,0.3958333333333333,0.3944444444444444,0.4984375,0.4888888888888889,Town04,wet,21,401,20.05,1080,1920,40
videos/rear-end/Town04_rear-end_wet_23_aug2.mp4,video_annotations/Town04_rear-end_wet_23.json.gz,rear-end,5.75,115,0.3744791666666666,0.5939814814814814,0.2979166666666666,0.5231481481481481,0.4510416666666667,0.6648148148148149,Town04,wet,23,457,22.85,1080,1920,26
videos/rear-end/Town04_rear-end_wet_25_aug2.mp4,video_annotations/Town04_rear-end_wet_25.json.gz,rear-end,5.8,116,0.3002604166666666,0.6106481481481482,0.2536458333333333,0.5064814814814815,0.346875,0.7148148148148148,Town04,wet,25,412,20.6,1080,1920,39
videos/rear-end/Town04_rear-end_wet_28_aug2.mp4,video_annotations/Town04_rear-end_wet_28.json.gz,rear-end,4.95,99,0.3869791666666666,0.7569444444444444,0.3291666666666666,0.6685185185185185,0.4447916666666666,0.8453703703703703,Town04,wet,28,344,17.2,1080,1920,37
videos/rear-end/Town04_rear-end_wet_30_aug2.mp4,video_annotations/Town04_rear-end_wet_30.json.gz,rear-end,6.0,120,0.6869791666666667,0.5361111111111111,0.621875,0.5,0.7520833333333333,0.5722222222222222,Town04,wet,30,395,19.75,1080,1920,38
videos/rear-end/Town04_rear-end_wet_33_aug2.mp4,video_annotations/Town04_rear-end_wet_33.json.gz,rear-end,3.3,66,0.4953125,0.3092592592592592,0.471875,0.2379629629629629,0.51875,0.3805555555555555,Town04,wet,33,343,17.15,1080,1920,70
videos/rear-end/Town04_rear-end_wet_35_aug2.mp4,video_annotations/Town04_rear-end_wet_35.json.gz,rear-end,6.8,136,0.6002604166666666,0.4837962962962963,0.56875,0.4425925925925926,0.6317708333333333,0.525,Town04,wet,35,423,21.15,1080,1920,24
videos/rear-end/Town04_rear-end_wet_37_aug2.mp4,video_annotations/Town04_rear-end_wet_37.json.gz,rear-end,6.0,120,0.4375,0.1305555555555555,0.38125,0.1009259259259259,0.49375,0.1601851851851851,Town04,wet,37,404,20.2,1080,1920,22
videos/rear-end/Town04_rear-end_wet_39_aug2.mp4,video_annotations/Town04_rear-end_wet_39.json.gz,rear-end,5.3,106,0.5989583333333334,0.6555555555555556,0.546875,0.6157407407407407,0.6510416666666666,0.6953703703703704,Town04,wet,39,314,15.7,1080,1920,27
videos/rear-end/Town04_rear-end_wet_41_aug2.mp4,video_annotations/Town04_rear-end_wet_41.json.gz,rear-end,4.9,98,0.4953125,0.3476851851851852,0.4588541666666667,0.2629629629629629,0.5317708333333333,0.4324074074074074,Town04,wet,41,372,18.6,1080,1920,56
videos/rear-end/Town04_rear-end_wet_43_aug2.mp4,video_annotations/Town04_rear-end_wet_43.json.gz,rear-end,4.4,88,0.6065104166666667,0.662962962962963,0.5322916666666667,0.5481481481481482,0.6807291666666667,0.7777777777777778,Town04,wet,43,349,17.45,1080,1920,63
videos/rear-end/Town04_rear-end_wet_46_aug2.mp4,video_annotations/Town04_rear-end_wet_46.json.gz,rear-end,4.4,88,0.3955729166666666,0.5745370370370371,0.3765625,0.5481481481481482,0.4145833333333333,0.600925925925926,Town04,wet,46,364,18.2,1080,1920,72
videos/rear-end/Town04_rear-end_wet_48_aug2.mp4,video_annotations/Town04_rear-end_wet_48.json.gz,rear-end,4.2,84,0.43671875,0.5388888888888889,0.4020833333333333,0.5138888888888888,0.4713541666666667,0.5638888888888889,Town04,wet,48,431,21.55,1080,1920,70
videos/rear-end/Town04_rear-end_wet_50_aug2.mp4,video_annotations/Town04_rear-end_wet_50.json.gz,rear-end,6.45,129,0.4924479166666666,0.3138888888888889,0.4453125,0.2907407407407407,0.5395833333333333,0.337037037037037,Town04,wet,50,467,23.35,1080,1920,22
videos/rear-end/Town04_rear-end_wet_52_aug2.mp4,video_annotations/Town04_rear-end_wet_52.json.gz,rear-end,5.45,109,0.2877604166666667,0.4384259259259259,0.2395833333333333,0.4046296296296296,0.3359375,0.4722222222222222,Town04,wet,52,346,17.3,1080,1920,47
videos/rear-end/Town04_rear-end_wet_54_aug2.mp4,video_annotations/Town04_rear-end_wet_54.json.gz,rear-end,5.15,103,0.5260416666666666,0.4814814814814814,0.490625,0.4305555555555556,0.5614583333333333,0.5324074074074074,Town04,wet,54,425,21.25,1080,1920,51
videos/rear-end/Town05_rear-end_clear_101_aug2.mp4,video_annotations/Town05_rear-end_clear_101.json.gz,rear-end,5.45,109,0.4591145833333333,0.2875,0.4463541666666666,0.237037037037037,0.471875,0.3379629629629629,Town05,clear,101,217,10.85,1080,1920,190
videos/rear-end/Town05_rear-end_clear_117_aug2.mp4,video_annotations/Town05_rear-end_clear_117.json.gz,rear-end,6.15,123,0.0552083333333333,0.2361111111111111,0.0,0.174074074074074,0.1104166666666666,0.2981481481481481,Town05,clear,117,296,14.8,1080,1920,158
videos/rear-end/Town05_rear-end_clear_141_aug2.mp4,video_annotations/Town05_rear-end_clear_141.json.gz,rear-end,7.45,149,0.36796875,0.5800925925925926,0.3427083333333333,0.5518518518518518,0.3932291666666667,0.6083333333333333,Town05,clear,141,331,16.55,1080,1920,82
videos/rear-end/Town05_rear-end_clear_200_aug2.mp4,video_annotations/Town05_rear-end_clear_200.json.gz,rear-end,11.35,227,0.5825520833333333,0.5925925925925926,0.56875,0.5,0.5963541666666666,0.6851851851851852,Town05,clear,200,347,17.35,1080,1920,88
videos/rear-end/Town05_rear-end_clear_202_aug2.mp4,video_annotations/Town05_rear-end_clear_202.json.gz,rear-end,10.0,200,0.57890625,0.6300925925925925,0.5322916666666667,0.5398148148148149,0.6255208333333333,0.7203703703703703,Town05,clear,202,316,15.8,1080,1920,140
videos/rear-end/Town05_rear-end_clear_204_aug2.mp4,video_annotations/Town05_rear-end_clear_204.json.gz,rear-end,8.95,179,0.4380208333333333,0.5277777777777778,0.3828125,0.4824074074074074,0.4932291666666666,0.5731481481481482,Town05,clear,204,314,15.7,1080,1920,134
videos/rear-end/Town05_rear-end_clear_206_aug2.mp4,video_annotations/Town05_rear-end_clear_206.json.gz,rear-end,10.85,217,0.5255208333333333,0.3268518518518518,0.46875,0.2462962962962963,0.5822916666666667,0.4074074074074074,Town05,clear,206,331,16.55,1080,1920,108
videos/rear-end/Town05_rear-end_clear_208_aug2.mp4,video_annotations/Town05_rear-end_clear_208.json.gz,rear-end,12.55,251,0.4864583333333333,0.5060185185185185,0.471875,0.412962962962963,0.5010416666666667,0.5990740740740741,Town05,clear,208,373,18.65,1080,1920,81
videos/rear-end/Town05_rear-end_clear_210_aug2.mp4,video_annotations/Town05_rear-end_clear_210.json.gz,rear-end,10.95,219,0.5091145833333334,0.6736111111111112,0.4421875,0.5685185185185185,0.5760416666666667,0.7787037037037037,Town05,clear,210,300,15.0,1080,1920,113
videos/rear-end/Town05_rear-end_clear_213_aug2.mp4,video_annotations/Town05_rear-end_clear_213.json.gz,rear-end,8.35,167,0.5057291666666667,0.5592592592592592,0.4682291666666666,0.487037037037037,0.5432291666666667,0.6314814814814815,Town05,clear,213,282,14.1,1080,1920,139
videos/rear-end/Town05_rear-end_clear_215_aug2.mp4,video_annotations/Town05_rear-end_clear_215.json.gz,rear-end,14.7,294,0.5458333333333333,0.6680555555555555,0.4869791666666667,0.6129629629629629,0.6046875,0.7231481481481481,Town05,clear,215,392,19.6,1080,1920,33
videos/rear-end/Town05_rear-end_clear_217_aug2.mp4,video_annotations/Town05_rear-end_clear_217.json.gz,rear-end,10.4,208,0.4333333333333333,0.4777777777777778,0.3838541666666666,0.4222222222222222,0.4828125,0.5333333333333333,Town05,clear,217,340,17.0,1080,1920,91
videos/rear-end/Town05_rear-end_clear_219_aug2.mp4,video_annotations/Town05_rear-end_clear_219.json.gz,rear-end,11.95,239,0.5260416666666666,0.3518518518518518,0.4875,0.2416666666666666,0.5645833333333333,0.462037037037037,Town05,clear,219,377,18.85,1080,1920,69
videos/rear-end/Town05_rear-end_clear_222_aug2.mp4,video_annotations/Town05_rear-end_clear_222.json.gz,rear-end,10.0,200,0.6268229166666667,0.4837962962962963,0.584375,0.3981481481481481,0.6692708333333334,0.5694444444444444,Town05,clear,222,302,15.1,1080,1920,107
videos/rear-end/Town05_rear-end_clear_224_aug2.mp4,video_annotations/Town05_rear-end_clear_224.json.gz,rear-end,10.5,210,0.4911458333333333,0.5120370370370371,0.45625,0.4583333333333333,0.5260416666666666,0.5657407407407408,Town05,clear,224,310,15.5,1080,1920,98
videos/rear-end/Town05_rear-end_clear_226_aug2.mp4,video_annotations/Town05_rear-end_clear_226.json.gz,rear-end,11.95,239,0.48359375,0.4361111111111111,0.4317708333333333,0.3990740740740741,0.5354166666666667,0.4731481481481481,Town05,clear,226,348,17.4,1080,1920,54
videos/rear-end/Town05_rear-end_clear_228_aug2.mp4,video_annotations/Town05_rear-end_clear_228.json.gz,rear-end,12.9,258,0.5544270833333333,0.537962962962963,0.5015625,0.499074074074074,0.6072916666666667,0.5768518518518518,Town05,clear,228,379,18.95,1080,1920,76
videos/rear-end/Town05_rear-end_clear_230_aug2.mp4,video_annotations/Town05_rear-end_clear_230.json.gz,rear-end,12.85,257,0.3627604166666666,0.5120370370370371,0.3322916666666666,0.4342592592592592,0.3932291666666667,0.5898148148148148,Town05,clear,230,349,17.45,1080,1920,48
videos/rear-end/Town05_rear-end_clear_232_aug2.mp4,video_annotations/Town05_rear-end_clear_232.json.gz,rear-end,13.9,278,0.4901041666666667,0.7222222222222222,0.4505208333333333,0.6305555555555555,0.5296875,0.8138888888888889,Town05,clear,232,327,16.35,1080,1920,50
videos/rear-end/Town05_rear-end_clear_234_aug2.mp4,video_annotations/Town05_rear-end_clear_234.json.gz,rear-end,14.7,294,0.5307291666666667,0.7282407407407407,0.4932291666666666,0.6805555555555556,0.5682291666666667,0.7759259259259259,Town05,clear,234,425,21.25,1080,1920,27
videos/rear-end/Town05_rear-end_clear_238_aug2.mp4,video_annotations/Town05_rear-end_clear_238.json.gz,rear-end,9.2,184,0.3893229166666667,0.6134259259259259,0.3333333333333333,0.575,0.4453125,0.6518518518518519,Town05,clear,238,322,16.1,1080,1920,132
videos/rear-end/Town05_rear-end_clear_240_aug2.mp4,video_annotations/Town05_rear-end_clear_240.json.gz,rear-end,10.9,218,0.64453125,0.474537037037037,0.6239583333333333,0.4472222222222222,0.6651041666666667,0.5018518518518519,Town05,clear,240,266,13.3,1080,1920,147
videos/rear-end/Town05_rear-end_night_104_aug2.mp4,video_annotations/Town05_rear-end_night_104.json.gz,rear-end,8.9,178,0.29296875,0.425,0.2239583333333333,0.3824074074074074,0.3619791666666667,0.4675925925925926,Town05,night,104,367,18.35,1080,1920,39
videos/rear-end/Town05_rear-end_night_111_aug2.mp4,video_annotations/Town05_rear-end_night_111.json.gz,rear-end,7.9,158,0.7953125,0.5768518518518518,0.7239583333333334,0.5268518518518519,0.8666666666666667,0.6268518518518519,Town05,night,111,409,20.45,1080,1920,81
videos/rear-end/Town05_rear-end_night_114_aug2.mp4,video_annotations/Town05_rear-end_night_114.json.gz,rear-end,10.1,202,0.5518229166666667,0.1055555555555555,0.5338541666666666,0.0555555555555555,0.5697916666666667,0.1555555555555555,Town05,night,114,515,25.75,1080,1920,63
videos/rear-end/Town05_rear-end_night_116_aug2.mp4,video_annotations/Town05_rear-end_night_116.json.gz,rear-end,10.45,209,0.4390625,0.0768518518518518,0.4046875,0.0,0.4734375,0.1537037037037037,Town05,night,116,399,19.95,1080,1920,35
videos/rear-end/Town05_rear-end_night_118_aug2.mp4,video_annotations/Town05_rear-end_night_118.json.gz,rear-end,6.9,138,0.1890625,0.4638888888888889,0.1010416666666666,0.4194444444444444,0.2770833333333333,0.5083333333333333,Town05,night,118,454,22.7,1080,1920,114
videos/rear-end/Town05_rear-end_night_124_aug2.mp4,video_annotations/Town05_rear-end_night_124.json.gz,rear-end,7.9,158,0.58359375,0.6342592592592593,0.5109375,0.5916666666666667,0.65625,0.6768518518518518,Town05,night,124,265,13.25,1080,1920,48
videos/rear-end/Town05_rear-end_night_128_aug2.mp4,video_annotations/Town05_rear-end_night_128.json.gz,rear-end,8.0,160,0.54765625,0.4361111111111111,0.5348958333333333,0.3935185185185185,0.5604166666666667,0.4787037037037037,Town05,night,128,418,20.9,1080,1920,65
videos/rear-end/Town05_rear-end_night_130_aug2.mp4,video_annotations/Town05_rear-end_night_130.json.gz,rear-end,6.85,137,0.4924479166666666,0.5078703703703704,0.4572916666666666,0.449074074074074,0.5276041666666667,0.5666666666666667,Town05,night,130,449,22.45,1080,1920,55
videos/rear-end/Town05_rear-end_night_134_aug2.mp4,video_annotations/Town05_rear-end_night_134.json.gz,rear-end,8.3,166,0.465625,0.486574074074074,0.3828125,0.4055555555555555,0.5484375,0.5675925925925925,Town05,night,134,511,25.55,1080,1920,41
videos/rear-end/Town05_rear-end_night_140_aug2.mp4,video_annotations/Town05_rear-end_night_140.json.gz,rear-end,6.95,139,0.3481770833333333,0.3574074074074074,0.3005208333333333,0.2861111111111111,0.3958333333333333,0.4287037037037037,Town05,night,140,351,17.55,1080,1920,45
videos/rear-end/Town05_rear-end_night_145_aug2.mp4,video_annotations/Town05_rear-end_night_145.json.gz,rear-end,9.15,183,0.2338541666666666,0.5023148148148148,0.1067708333333333,0.3861111111111111,0.3609375,0.6185185185185185,Town05,night,145,439,21.95,1080,1920,38
videos/rear-end/Town05_rear-end_night_149_aug2.mp4,video_annotations/Town05_rear-end_night_149.json.gz,rear-end,5.7,114,0.6653645833333334,0.5648148148148148,0.6359375,0.5416666666666666,0.6947916666666667,0.5879629629629629,Town05,night,149,455,22.75,1080,1920,142
videos/rear-end/Town05_rear-end_night_201_aug2.mp4,video_annotations/Town05_rear-end_night_201.json.gz,rear-end,9.95,199,0.5942708333333333,0.5513888888888889,0.5583333333333333,0.4398148148148148,0.6302083333333334,0.662962962962963,Town05,night,201,383,19.15,1080,1920,118
videos/rear-end/Town05_rear-end_night_203_aug2.mp4,video_annotations/Town05_rear-end_night_203.json.gz,rear-end,15.65,313,0.5208333333333334,0.4513888888888889,0.4692708333333333,0.3953703703703703,0.5723958333333333,0.5074074074074074,Town05,night,203,482,24.1,1080,1920,32
videos/rear-end/Town05_rear-end_night_205_aug2.mp4,video_annotations/Town05_rear-end_night_205.json.gz,rear-end,8.8,176,0.4466145833333333,0.4981481481481482,0.3859375,0.4148148148148148,0.5072916666666667,0.5814814814814815,Town05,night,205,418,20.9,1080,1920,123
videos/rear-end/Town05_rear-end_night_208_aug2.mp4,video_annotations/Town05_rear-end_night_208.json.gz,rear-end,9.35,187,0.48046875,0.3851851851851852,0.4671875,0.2916666666666667,0.49375,0.4787037037037037,Town05,night,208,357,17.85,1080,1920,127
videos/rear-end/Town05_rear-end_night_210_aug2.mp4,video_annotations/Town05_rear-end_night_210.json.gz,rear-end,11.3,226,0.50546875,0.687962962962963,0.4380208333333333,0.5712962962962963,0.5729166666666666,0.8046296296296296,Town05,night,210,429,21.45,1080,1920,72
videos/rear-end/Town05_rear-end_night_212_aug2.mp4,video_annotations/Town05_rear-end_night_212.json.gz,rear-end,12.6,252,0.45625,0.0787037037037037,0.4427083333333333,0.0222222222222222,0.4697916666666666,0.1351851851851851,Town05,night,212,372,18.6,1080,1920,130
videos/rear-end/Town05_rear-end_night_214_aug2.mp4,video_annotations/Town05_rear-end_night_214.json.gz,rear-end,11.65,233,0.5677083333333334,0.4787037037037037,0.5203125,0.4064814814814815,0.6151041666666667,0.5509259259259259,Town05,night,214,392,19.6,1080,1920,72
videos/rear-end/Town05_rear-end_night_216_aug2.mp4,video_annotations/Town05_rear-end_night_216.json.gz,rear-end,13.1,262,0.4856770833333333,0.7027777777777777,0.41875,0.6694444444444444,0.5526041666666667,0.7361111111111112,Town05,night,216,468,23.4,1080,1920,47
videos/rear-end/Town05_rear-end_night_218_aug2.mp4,video_annotations/Town05_rear-end_night_218.json.gz,rear-end,12.4,248,0.4799479166666666,0.6574074074074074,0.4208333333333333,0.5666666666666667,0.5390625,0.7481481481481481,Town05,night,218,406,20.3,1080,1920,69
videos/rear-end/Town05_rear-end_night_220_aug2.mp4,video_annotations/Town05_rear-end_night_220.json.gz,rear-end,9.85,197,0.4526041666666666,0.5768518518518518,0.4291666666666666,0.4731481481481481,0.4760416666666666,0.6805555555555556,Town05,night,220,336,16.8,1080,1920,105
videos/rear-end/Town05_rear-end_night_225_aug2.mp4,video_annotations/Town05_rear-end_night_225.json.gz,rear-end,10.3,206,0.5669270833333333,0.412037037037037,0.5067708333333333,0.35,0.6270833333333333,0.4740740740740741,Town05,night,225,360,18.0,1080,1920,108
videos/rear-end/Town05_rear-end_night_227_aug2.mp4,video_annotations/Town05_rear-end_night_227.json.gz,rear-end,12.0,240,0.5065104166666666,0.3643518518518518,0.4505208333333333,0.3259259259259259,0.5625,0.4027777777777778,Town05,night,227,412,20.6,1080,1920,69
videos/rear-end/Town05_rear-end_night_229_aug2.mp4,video_annotations/Town05_rear-end_night_229.json.gz,rear-end,7.65,153,0.4567708333333333,0.4226851851851851,0.4161458333333333,0.3601851851851851,0.4973958333333333,0.4851851851851851,Town05,night,229,263,13.15,1080,1920,143
videos/rear-end/Town05_rear-end_night_231_aug2.mp4,video_annotations/Town05_rear-end_night_231.json.gz,rear-end,11.95,239,0.5143229166666666,0.549074074074074,0.4958333333333333,0.4796296296296296,0.5328125,0.6185185185185185,Town05,night,231,340,17.0,1080,1920,67
videos/rear-end/Town05_rear-end_night_233_aug2.mp4,video_annotations/Town05_rear-end_night_233.json.gz,rear-end,9.5,190,0.6822916666666666,0.7083333333333334,0.6625,0.6453703703703704,0.7020833333333333,0.7712962962962963,Town05,night,233,250,12.5,1080,1920,113
videos/rear-end/Town05_rear-end_night_235_aug2.mp4,video_annotations/Town05_rear-end_night_235.json.gz,rear-end,13.3,266,0.5575520833333333,0.3833333333333333,0.5052083333333334,0.3407407407407407,0.6098958333333333,0.4259259259259259,Town05,night,235,381,19.05,1080,1920,34
videos/rear-end/Town05_rear-end_night_240_aug2.mp4,video_annotations/Town05_rear-end_night_240.json.gz,rear-end,11.8,236,0.625,0.5393518518518519,0.5880208333333333,0.4796296296296296,0.6619791666666667,0.5990740740740741,Town05,night,240,311,15.55,1080,1920,93
videos/rear-end/Town05_rear-end_rain_105_aug2.mp4,video_annotations/Town05_rear-end_rain_105.json.gz,rear-end,9.95,199,0.0901041666666666,0.8212962962962963,0.0010416666666666,0.7064814814814815,0.1791666666666666,0.9361111111111112,Town05,rain,105,429,21.45,1080,1920,60
videos/rear-end/Town05_rear-end_rain_107_aug2.mp4,video_annotations/Town05_rear-end_rain_107.json.gz,rear-end,5.9,118,0.4598958333333333,0.7782407407407408,0.4171875,0.600925925925926,0.5026041666666666,0.9555555555555556,Town05,rain,107,307,15.35,1080,1920,78
videos/rear-end/Town05_rear-end_rain_115_aug2.mp4,video_annotations/Town05_rear-end_rain_115.json.gz,rear-end,5.3,106,0.3315104166666666,0.5203703703703704,0.2994791666666667,0.4629629629629629,0.3635416666666666,0.5777777777777777,Town05,rain,115,330,16.5,1080,1920,114
videos/rear-end/Town05_rear-end_rain_122_aug2.mp4,video_annotations/Town05_rear-end_rain_122.json.gz,rear-end,7.2,144,0.6135416666666667,0.5652777777777778,0.5875,0.4472222222222222,0.6395833333333333,0.6833333333333333,Town05,rain,122,380,19.0,1080,1920,74
videos/rear-end/Town05_rear-end_rain_126_aug2.mp4,video_annotations/Town05_rear-end_rain_126.json.gz,rear-end,12.2,244,0.8505208333333333,0.3925925925925926,0.8057291666666667,0.35,0.8953125,0.4351851851851852,Town05,rain,126,341,17.05,1080,1920,41
videos/rear-end/Town05_rear-end_rain_128_aug2.mp4,video_annotations/Town05_rear-end_rain_128.json.gz,rear-end,10.9,218,0.5419270833333333,0.4074074074074074,0.5322916666666667,0.3768518518518518,0.5515625,0.4379629629629629,Town05,rain,128,391,19.55,1080,1920,45
videos/rear-end/Town05_rear-end_rain_130_aug2.mp4,video_annotations/Town05_rear-end_rain_130.json.gz,rear-end,6.15,123,0.4119791666666667,0.45,0.3708333333333333,0.3972222222222222,0.453125,0.5027777777777778,Town05,rain,130,278,13.9,1080,1920,101
videos/rear-end/Town05_rear-end_rain_133_aug2.mp4,video_annotations/Town05_rear-end_rain_133.json.gz,rear-end,9.15,183,0.0796875,0.7041666666666667,0.0,0.6472222222222223,0.159375,0.7611111111111111,Town05,rain,133,330,16.5,1080,1920,82
videos/rear-end/Town05_rear-end_rain_138_aug2.mp4,video_annotations/Town05_rear-end_rain_138.json.gz,rear-end,6.5,130,0.7489583333333333,0.2175925925925926,0.6958333333333333,0.1722222222222222,0.8020833333333334,0.2629629629629629,Town05,rain,138,327,16.35,1080,1920,94
videos/rear-end/Town05_rear-end_rain_140_aug2.mp4,video_annotations/Town05_rear-end_rain_140.json.gz,rear-end,7.25,145,0.3924479166666667,0.3217592592592592,0.3796875,0.287962962962963,0.4052083333333333,0.3555555555555555,Town05,rain,140,326,16.3,1080,1920,92
videos/rear-end/Town05_rear-end_rain_142_aug2.mp4,video_annotations/Town05_rear-end_rain_142.json.gz,rear-end,8.65,173,0.3744791666666666,0.6055555555555555,0.3484375,0.5805555555555556,0.4005208333333333,0.6305555555555555,Town05,rain,142,292,14.6,1080,1920,112
videos/rear-end/Town05_rear-end_rain_150_aug2.mp4,video_annotations/Town05_rear-end_rain_150.json.gz,rear-end,8.75,175,0.4385416666666666,0.3888888888888889,0.3947916666666666,0.35,0.4822916666666667,0.4277777777777777,Town05,rain,150,280,14.0,1080,1920,21
videos/rear-end/Town05_rear-end_rain_201_aug2.mp4,video_annotations/Town05_rear-end_rain_201.json.gz,rear-end,7.1,142,0.5861979166666667,0.4763888888888888,0.5515625,0.3685185185185185,0.6208333333333333,0.5842592592592593,Town05,rain,201,208,10.4,1080,1920,173
videos/rear-end/Town05_rear-end_rain_203_aug2.mp4,video_annotations/Town05_rear-end_rain_203.json.gz,rear-end,11.05,221,0.5315104166666667,0.3736111111111111,0.4765625,0.3111111111111111,0.5864583333333333,0.4361111111111111,Town05,rain,203,335,16.75,1080,1920,81
videos/rear-end/Town05_rear-end_rain_205_aug2.mp4,video_annotations/Town05_rear-end_rain_205.json.gz,rear-end,11.75,235,0.42109375,0.5430555555555555,0.3635416666666666,0.4648148148148148,0.4786458333333333,0.6212962962962963,Town05,rain,205,366,18.3,1080,1920,74
videos/rear-end/Town05_rear-end_rain_207_aug2.mp4,video_annotations/Town05_rear-end_rain_207.json.gz,rear-end,10.4,208,0.4348958333333333,0.5875,0.4114583333333333,0.4777777777777778,0.4583333333333333,0.6972222222222222,Town05,rain,207,307,15.35,1080,1920,100
videos/rear-end/Town05_rear-end_rain_209_aug2.mp4,video_annotations/Town05_rear-end_rain_209.json.gz,rear-end,11.2,224,0.5114583333333333,0.5328703703703703,0.4760416666666666,0.437037037037037,0.546875,0.6287037037037037,Town05,rain,209,401,20.05,1080,1920,81
videos/rear-end/Town05_rear-end_rain_211_aug2.mp4,video_annotations/Town05_rear-end_rain_211.json.gz,rear-end,11.75,235,0.5791666666666667,0.5407407407407407,0.5328125,0.4462962962962963,0.6255208333333333,0.6351851851851852,Town05,rain,211,349,17.45,1080,1920,71
videos/rear-end/Town05_rear-end_rain_213_aug2.mp4,video_annotations/Town05_rear-end_rain_213.json.gz,rear-end,12.7,254,0.5265625,0.6013888888888889,0.4869791666666667,0.5222222222222223,0.5661458333333333,0.6805555555555556,Town05,rain,213,318,15.9,1080,1920,103
videos/rear-end/Town05_rear-end_rain_216_aug2.mp4,video_annotations/Town05_rear-end_rain_216.json.gz,rear-end,10.1,202,0.459375,0.6907407407407408,0.3963541666666667,0.6583333333333333,0.5223958333333333,0.7231481481481481,Town05,rain,216,373,18.65,1080,1920,122
videos/rear-end/Town05_rear-end_rain_218_aug2.mp4,video_annotations/Town05_rear-end_rain_218.json.gz,rear-end,12.3,246,0.5104166666666666,0.6078703703703704,0.4645833333333333,0.537962962962963,0.55625,0.6777777777777778,Town05,rain,218,372,18.6,1080,1920,60
videos/rear-end/Town05_rear-end_rain_220_aug2.mp4,video_annotations/Town05_rear-end_rain_220.json.gz,rear-end,9.7,194,0.4614583333333333,0.5837962962962963,0.4390625,0.4851851851851851,0.4838541666666666,0.6824074074074075,Town05,rain,220,266,13.3,1080,1920,114
videos/rear-end/Town05_rear-end_rain_223_aug2.mp4,video_annotations/Town05_rear-end_rain_223.json.gz,rear-end,12.05,241,0.65390625,0.7546296296296297,0.6369791666666667,0.6638888888888889,0.6708333333333333,0.8453703703703703,Town05,rain,223,336,16.8,1080,1920,61
videos/rear-end/Town05_rear-end_rain_226_aug2.mp4,video_annotations/Town05_rear-end_rain_226.json.gz,rear-end,13.75,275,0.5036458333333333,0.4351851851851852,0.4526041666666666,0.3944444444444444,0.5546875,0.4759259259259259,Town05,rain,226,409,20.45,1080,1920,40
videos/rear-end/Town05_rear-end_rain_228_aug2.mp4,video_annotations/Town05_rear-end_rain_228.json.gz,rear-end,10.1,202,0.55390625,0.5064814814814815,0.4916666666666666,0.4601851851851852,0.6161458333333333,0.5527777777777778,Town05,rain,228,292,14.6,1080,1920,134
videos/rear-end/Town05_rear-end_rain_230_aug2.mp4,video_annotations/Town05_rear-end_rain_230.json.gz,rear-end,9.35,187,0.3692708333333333,0.4944444444444444,0.334375,0.4,0.4041666666666667,0.5888888888888889,Town05,rain,230,249,12.45,1080,1920,121
videos/rear-end/Town05_rear-end_rain_233_aug2.mp4,video_annotations/Town05_rear-end_rain_233.json.gz,rear-end,6.6,132,0.6880208333333333,0.7564814814814815,0.6666666666666666,0.6962962962962963,0.709375,0.8166666666666667,Town05,rain,233,233,11.65,1080,1920,195
videos/rear-end/Town05_rear-end_rain_239_aug2.mp4,video_annotations/Town05_rear-end_rain_239.json.gz,rear-end,12.8,256,0.52109375,0.5,0.5,0.4231481481481481,0.5421875,0.5768518518518518,Town05,rain,239,347,17.35,1080,1920,56
videos/rear-end/Town05_rear-end_sunset_104_aug2.mp4,video_annotations/Town05_rear-end_sunset_104.json.gz,rear-end,7.9,158,0.2299479166666666,0.3773148148148148,0.1598958333333333,0.3398148148148148,0.3,0.4148148148148148,Town05,sunset,104,311,15.55,1080,1920,81
videos/rear-end/Town05_rear-end_sunset_114_aug2.mp4,video_annotations/Town05_rear-end_sunset_114.json.gz,rear-end,7.0,140,0.5354166666666667,0.1861111111111111,0.5244791666666667,0.1277777777777777,0.5463541666666667,0.2444444444444444,Town05,sunset,114,312,15.6,1080,1920,90
videos/rear-end/Town05_rear-end_sunset_119_aug2.mp4,video_annotations/Town05_rear-end_sunset_119.json.gz,rear-end,6.7,134,0.23984375,0.8671296296296296,0.1291666666666666,0.7537037037037037,0.3505208333333333,0.9805555555555556,Town05,sunset,119,310,15.5,1080,1920,85
videos/rear-end/Town05_rear-end_sunset_137_aug2.mp4,video_annotations/Town05_rear-end_sunset_137.json.gz,rear-end,7.9,158,0.465625,0.5689814814814815,0.409375,0.5333333333333333,0.521875,0.6046296296296296,Town05,sunset,137,401,20.05,1080,1920,40
videos/rear-end/Town05_rear-end_sunset_139_aug2.mp4,video_annotations/Town05_rear-end_sunset_139.json.gz,rear-end,7.0,140,0.5442708333333334,0.4078703703703704,0.5192708333333333,0.3694444444444444,0.5692708333333333,0.4462962962962963,Town05,sunset,139,238,11.9,1080,1920,93
videos/rear-end/Town05_rear-end_sunset_141_aug2.mp4,video_annotations/Town05_rear-end_sunset_141.json.gz,rear-end,8.2,164,0.36328125,0.5981481481481481,0.3489583333333333,0.5740740740740741,0.3776041666666667,0.6222222222222222,Town05,sunset,141,320,16.0,1080,1920,84
videos/rear-end/Town05_rear-end_sunset_200_aug2.mp4,video_annotations/Town05_rear-end_sunset_200.json.gz,rear-end,12.25,245,0.5791666666666667,0.6296296296296297,0.5557291666666667,0.4907407407407407,0.6026041666666667,0.7685185185185185,Town05,sunset,200,315,15.75,1080,1920,91
videos/rear-end/Town05_rear-end_sunset_204_aug2.mp4,video_annotations/Town05_rear-end_sunset_204.json.gz,rear-end,12.7,254,0.4377604166666666,0.5972222222222222,0.3859375,0.549074074074074,0.4895833333333333,0.6453703703703704,Town05,sunset,204,346,17.3,1080,1920,68
videos/rear-end/Town05_rear-end_sunset_206_aug2.mp4,video_annotations/Town05_rear-end_sunset_206.json.gz,rear-end,11.0,220,0.51875,0.3509259259259259,0.4572916666666666,0.2583333333333333,0.5802083333333333,0.4435185185185185,Town05,sunset,206,317,15.85,1080,1920,95
videos/rear-end/Town05_rear-end_sunset_208_aug2.mp4,video_annotations/Town05_rear-end_sunset_208.json.gz,rear-end,9.9,198,0.4794270833333333,0.3782407407407407,0.465625,0.287037037037037,0.4932291666666666,0.4694444444444444,Town05,sunset,208,340,17.0,1080,1920,106
videos/rear-end/Town05_rear-end_sunset_210_aug2.mp4,video_annotations/Town05_rear-end_sunset_210.json.gz,rear-end,11.15,223,0.5033854166666667,0.637962962962963,0.4411458333333333,0.5342592592592592,0.565625,0.7416666666666667,Town05,sunset,210,365,18.25,1080,1920,79
videos/rear-end/Town05_rear-end_sunset_212_aug2.mp4,video_annotations/Town05_rear-end_sunset_212.json.gz,rear-end,10.2,204,0.51875,0.3069444444444444,0.496875,0.2138888888888888,0.540625,0.4,Town05,sunset,212,280,14.0,1080,1920,114
videos/rear-end/Town05_rear-end_sunset_214_aug2.mp4,video_annotations/Town05_rear-end_sunset_214.json.gz,rear-end,13.2,264,0.5533854166666666,0.4453703703703703,0.503125,0.3703703703703703,0.6036458333333333,0.5203703703703704,Town05,sunset,214,365,18.25,1080,1920,59
videos/rear-end/Town05_rear-end_sunset_216_aug2.mp4,video_annotations/Town05_rear-end_sunset_216.json.gz,rear-end,13.35,267,0.5018229166666667,0.6393518518518518,0.4109375,0.5842592592592593,0.5927083333333333,0.6944444444444444,Town05,sunset,216,366,18.3,1080,1920,90
videos/rear-end/Town05_rear-end_sunset_218_aug2.mp4,video_annotations/Town05_rear-end_sunset_218.json.gz,rear-end,10.15,203,0.5294270833333333,0.5717592592592593,0.4796875,0.4935185185185185,0.5791666666666667,0.65,Town05,sunset,218,333,16.65,1080,1920,101
videos/rear-end/Town05_rear-end_sunset_220_aug2.mp4,video_annotations/Town05_rear-end_sunset_220.json.gz,rear-end,12.65,253,0.4598958333333333,0.6078703703703704,0.4348958333333333,0.4944444444444444,0.4848958333333333,0.7212962962962963,Town05,sunset,220,315,15.75,1080,1920,54
videos/rear-end/Town05_rear-end_sunset_223_aug2.mp4,video_annotations/Town05_rear-end_sunset_223.json.gz,rear-end,12.8,256,0.66015625,0.7564814814814815,0.6296875,0.6296296296296297,0.690625,0.8833333333333333,Town05,sunset,223,344,17.2,1080,1920,80
videos/rear-end/Town05_rear-end_sunset_225_aug2.mp4,video_annotations/Town05_rear-end_sunset_225.json.gz,rear-end,10.55,211,0.5932291666666667,0.4125,0.528125,0.3388888888888889,0.6583333333333333,0.4861111111111111,Town05,sunset,225,314,15.7,1080,1920,84
videos/rear-end/Town05_rear-end_sunset_227_aug2.mp4,video_annotations/Town05_rear-end_sunset_227.json.gz,rear-end,12.35,247,0.5091145833333334,0.3074074074074074,0.4583333333333333,0.2731481481481481,0.5598958333333334,0.3416666666666667,Town05,sunset,227,356,17.8,1080,1920,64
videos/rear-end/Town05_rear-end_sunset_229_aug2.mp4,video_annotations/Town05_rear-end_sunset_229.json.gz,rear-end,11.25,225,0.4489583333333333,0.4111111111111111,0.40625,0.3472222222222222,0.4916666666666666,0.475,Town05,sunset,229,321,16.05,1080,1920,103
videos/rear-end/Town05_rear-end_sunset_231_aug2.mp4,video_annotations/Town05_rear-end_sunset_231.json.gz,rear-end,13.45,269,0.52578125,0.5060185185185185,0.509375,0.4361111111111111,0.5421875,0.575925925925926,Town05,sunset,231,342,17.1,1080,1920,41
videos/rear-end/Town05_rear-end_sunset_233_aug2.mp4,video_annotations/Town05_rear-end_sunset_233.json.gz,rear-end,10.05,201,0.6744791666666666,0.7180555555555556,0.6536458333333334,0.6527777777777778,0.6953125,0.7833333333333333,Town05,sunset,233,286,14.3,1080,1920,98
videos/rear-end/Town05_rear-end_sunset_236_aug2.mp4,video_annotations/Town05_rear-end_sunset_236.json.gz,rear-end,11.6,232,0.5549479166666667,0.3814814814814815,0.5041666666666667,0.35,0.6057291666666667,0.412962962962963,Town05,sunset,236,377,18.85,1080,1920,70
videos/rear-end/Town05_rear-end_sunset_238_aug2.mp4,video_annotations/Town05_rear-end_sunset_238.json.gz,rear-end,6.85,137,0.3606770833333333,0.6236111111111111,0.3046875,0.5805555555555556,0.4166666666666667,0.6666666666666666,Town05,sunset,238,266,13.3,1080,1920,174
videos/rear-end/Town05_rear-end_wet_100_aug2.mp4,video_annotations/Town05_rear-end_wet_100.json.gz,rear-end,8.75,175,0.4880208333333333,0.2865740740740741,0.4765625,0.2361111111111111,0.4994791666666666,0.337037037037037,Town05,wet,100,307,15.35,1080,1920,111
videos/rear-end/Town05_rear-end_wet_102_aug2.mp4,video_annotations/Town05_rear-end_wet_102.json.gz,rear-end,9.95,199,0.27109375,0.2800925925925926,0.1989583333333333,0.1666666666666666,0.3432291666666666,0.3935185185185185,Town05,wet,102,417,20.85,1080,1920,57
videos/rear-end/Town05_rear-end_wet_104_aug2.mp4,video_annotations/Town05_rear-end_wet_104.json.gz,rear-end,7.95,159,0.0994791666666666,0.4069444444444444,0.0213541666666666,0.3648148148148148,0.1776041666666666,0.449074074074074,Town05,wet,104,339,16.95,1080,1920,124
videos/rear-end/Town05_rear-end_wet_109_aug2.mp4,video_annotations/Town05_rear-end_wet_109.json.gz,rear-end,5.1,102,0.7338541666666667,0.5416666666666666,0.6598958333333333,0.4351851851851852,0.8078125,0.6481481481481481,Town05,wet,109,377,18.85,1080,1920,119
videos/rear-end/Town05_rear-end_wet_112_aug2.mp4,video_annotations/Town05_rear-end_wet_112.json.gz,rear-end,10.85,217,0.73359375,0.0449074074074074,0.6864583333333333,0.0,0.7807291666666667,0.0898148148148148,Town05,wet,112,401,20.05,1080,1920,42
videos/rear-end/Town05_rear-end_wet_114_aug2.mp4,video_annotations/Town05_rear-end_wet_114.json.gz,rear-end,8.95,179,0.5270833333333333,0.2689814814814815,0.5151041666666667,0.2092592592592592,0.5390625,0.3287037037037037,Town05,wet,114,415,20.75,1080,1920,52
videos/rear-end/Town05_rear-end_wet_116_aug2.mp4,video_annotations/Town05_rear-end_wet_116.json.gz,rear-end,9.45,189,0.4515625,0.1796296296296296,0.3973958333333333,0.0759259259259259,0.5057291666666667,0.2833333333333333,Town05,wet,116,312,15.6,1080,1920,35
videos/rear-end/Town05_rear-end_wet_118_aug2.mp4,video_annotations/Town05_rear-end_wet_118.json.gz,rear-end,7.7,154,0.209375,0.4856481481481481,0.1276041666666666,0.4444444444444444,0.2911458333333333,0.5268518518518519,Town05,wet,118,342,17.1,1080,1920,84
videos/rear-end/Town05_rear-end_wet_122_aug2.mp4,video_annotations/Town05_rear-end_wet_122.json.gz,rear-end,9.25,185,0.6052083333333333,0.6305555555555555,0.5828125,0.4953703703703703,0.6276041666666666,0.7657407407407407,Town05,wet,122,485,24.25,1080,1920,23
videos/rear-end/Town05_rear-end_wet_126_aug2.mp4,video_annotations/Town05_rear-end_wet_126.json.gz,rear-end,6.9,138,0.6494791666666667,0.549074074074074,0.5848958333333333,0.4833333333333333,0.7140625,0.6148148148148148,Town05,wet,126,325,16.25,1080,1920,66
videos/rear-end/Town05_rear-end_wet_128_aug2.mp4,video_annotations/Town05_rear-end_wet_128.json.gz,rear-end,11.25,225,0.57421875,0.3564814814814814,0.5645833333333333,0.3212962962962963,0.5838541666666667,0.3916666666666666,Town05,wet,128,395,19.75,1080,1920,52
videos/rear-end/Town05_rear-end_wet_135_aug2.mp4,video_annotations/Town05_rear-end_wet_135.json.gz,rear-end,7.05,141,0.5119791666666667,0.6481481481481481,0.4567708333333333,0.5074074074074074,0.5671875,0.7888888888888889,Town05,wet,135,307,15.35,1080,1920,67
videos/rear-end/Town05_rear-end_wet_138_aug2.mp4,video_annotations/Town05_rear-end_wet_138.json.gz,rear-end,9.6,192,0.8091145833333333,0.1523148148148148,0.7604166666666666,0.1092592592592592,0.8578125,0.1953703703703703,Town05,wet,138,450,22.5,1080,1920,60
videos/rear-end/Town05_rear-end_wet_140_aug2.mp4,video_annotations/Town05_rear-end_wet_140.json.gz,rear-end,6.4,128,0.3721354166666666,0.3472222222222222,0.346875,0.3027777777777777,0.3973958333333333,0.3916666666666666,Town05,wet,140,413,20.65,1080,1920,69
videos/rear-end/Town05_rear-end_wet_145_aug2.mp4,video_annotations/Town05_rear-end_wet_145.json.gz,rear-end,9.65,193,0.2065104166666666,0.5087962962962963,0.0755208333333333,0.3898148148148148,0.3375,0.6277777777777778,Town05,wet,145,377,18.85,1080,1920,28
videos/rear-end/Town05_rear-end_wet_148_aug2.mp4,video_annotations/Town05_rear-end_wet_148.json.gz,rear-end,8.0,160,0.6393229166666666,0.2777777777777778,0.5859375,0.2453703703703703,0.6927083333333334,0.3101851851851852,Town05,wet,148,338,16.9,1080,1920,86
videos/rear-end/Town05_rear-end_wet_200_aug2.mp4,video_annotations/Town05_rear-end_wet_200.json.gz,rear-end,12.6,252,0.5877604166666667,0.6180555555555556,0.5703125,0.5148148148148148,0.6052083333333333,0.7212962962962963,Town05,wet,200,354,17.7,1080,1920,86
videos/rear-end/Town05_rear-end_wet_202_aug2.mp4,video_annotations/Town05_rear-end_wet_202.json.gz,rear-end,11.3,226,0.57734375,0.6625,0.5322916666666667,0.575,0.6223958333333334,0.75,Town05,wet,202,319,15.95,1080,1920,86
videos/rear-end/Town05_rear-end_wet_204_aug2.mp4,video_annotations/Town05_rear-end_wet_204.json.gz,rear-end,11.55,231,0.4484375,0.5425925925925926,0.3958333333333333,0.5,0.5010416666666667,0.5851851851851851,Town05,wet,204,343,17.15,1080,1920,73
videos/rear-end/Town05_rear-end_wet_206_aug2.mp4,video_annotations/Town05_rear-end_wet_206.json.gz,rear-end,11.4,228,0.5018229166666667,0.3310185185185185,0.4458333333333333,0.2481481481481481,0.5578125,0.4138888888888888,Town05,wet,206,338,16.9,1080,1920,79
videos/rear-end/Town05_rear-end_wet_208_aug2.mp4,video_annotations/Town05_rear-end_wet_208.json.gz,rear-end,11.4,228,0.47265625,0.2837962962962962,0.4515625,0.1416666666666666,0.49375,0.4259259259259259,Town05,wet,208,331,16.55,1080,1920,104
videos/rear-end/Town05_rear-end_wet_210_aug2.mp4,video_annotations/Town05_rear-end_wet_210.json.gz,rear-end,6.3,126,0.5015625,0.6805555555555556,0.434375,0.5694444444444444,0.56875,0.7916666666666666,Town05,wet,210,270,13.5,1080,1920,186
videos/rear-end/Town05_rear-end_wet_213_aug2.mp4,video_annotations/Town05_rear-end_wet_213.json.gz,rear-end,13.35,267,0.5125,0.537962962962963,0.4729166666666666,0.4629629629629629,0.5520833333333334,0.6129629629629629,Town05,wet,213,361,18.05,1080,1920,55
videos/rear-end/Town05_rear-end_wet_215_aug2.mp4,video_annotations/Town05_rear-end_wet_215.json.gz,rear-end,11.2,224,0.55234375,0.6953703703703704,0.4666666666666667,0.6148148148148148,0.6380208333333334,0.7759259259259259,Town05,wet,215,344,17.2,1080,1920,112
videos/rear-end/Town05_rear-end_wet_217_aug2.mp4,video_annotations/Town05_rear-end_wet_217.json.gz,rear-end,9.05,181,0.4533854166666666,0.4092592592592592,0.3947916666666666,0.3407407407407407,0.5119791666666667,0.4777777777777778,Town05,wet,217,283,14.15,1080,1920,131
videos/rear-end/Town05_rear-end_wet_219_aug2.mp4,video_annotations/Town05_rear-end_wet_219.json.gz,rear-end,8.65,173,0.52734375,0.3736111111111111,0.4875,0.2666666666666666,0.5671875,0.4805555555555555,Town05,wet,219,318,15.9,1080,1920,135
videos/rear-end/Town05_rear-end_wet_221_aug2.mp4,video_annotations/Town05_rear-end_wet_221.json.gz,rear-end,9.8,196,0.60078125,0.5828703703703704,0.5328125,0.5148148148148148,0.66875,0.6509259259259259,Town05,wet,221,321,16.05,1080,1920,96
videos/rear-end/Town05_rear-end_wet_223_aug2.mp4,video_annotations/Town05_rear-end_wet_223.json.gz,rear-end,12.8,256,0.6520833333333333,0.7726851851851851,0.6322916666666667,0.6694444444444444,0.671875,0.8759259259259259,Town05,wet,223,343,17.15,1080,1920,71
videos/rear-end/Town05_rear-end_wet_225_aug2.mp4,video_annotations/Town05_rear-end_wet_225.json.gz,rear-end,14.1,282,0.5950520833333334,0.3986111111111111,0.5375,0.3351851851851852,0.6526041666666667,0.462037037037037,Town05,wet,225,371,18.55,1080,1920,37
videos/rear-end/Town05_rear-end_wet_228_aug2.mp4,video_annotations/Town05_rear-end_wet_228.json.gz,rear-end,12.0,240,0.5541666666666667,0.5472222222222223,0.5010416666666667,0.5064814814814815,0.6072916666666667,0.5879629629629629,Town05,wet,228,341,17.05,1080,1920,112
videos/rear-end/Town05_rear-end_wet_230_aug2.mp4,video_annotations/Town05_rear-end_wet_230.json.gz,rear-end,12.85,257,0.3880208333333333,0.4449074074074074,0.3489583333333333,0.325,0.4270833333333333,0.5648148148148148,Town05,wet,230,298,14.9,1080,1920,83
videos/rear-end/Town05_rear-end_wet_232_aug2.mp4,video_annotations/Town05_rear-end_wet_232.json.gz,rear-end,10.0,200,0.5010416666666667,0.7722222222222223,0.4588541666666667,0.6703703703703704,0.5432291666666667,0.8740740740740741,Town05,wet,232,275,13.75,1080,1920,139
videos/rear-end/Town05_rear-end_wet_234_aug2.mp4,video_annotations/Town05_rear-end_wet_234.json.gz,rear-end,11.8,236,0.5010416666666667,0.7546296296296297,0.4651041666666666,0.7092592592592593,0.5369791666666667,0.8,Town05,wet,234,315,15.75,1080,1920,71
videos/rear-end/Town05_rear-end_wet_236_aug2.mp4,video_annotations/Town05_rear-end_wet_236.json.gz,rear-end,9.3,186,0.578125,0.3361111111111111,0.5213541666666667,0.3027777777777777,0.6348958333333333,0.3694444444444444,Town05,wet,236,333,16.65,1080,1920,116
videos/rear-end/Town05_rear-end_wet_239_aug2.mp4,video_annotations/Town05_rear-end_wet_239.json.gz,rear-end,10.0,200,0.5200520833333333,0.4384259259259259,0.4958333333333333,0.3416666666666667,0.5442708333333334,0.5351851851851852,Town05,wet,239,272,13.6,1080,1920,131
videos/rear-end/Town07_rear-end_clear_01_aug2.mp4,video_annotations/Town07_rear-end_clear_01.json.gz,rear-end,9.85,197,0.5221354166666666,0.8078703703703703,0.4770833333333333,0.6620370370370371,0.5671875,0.9537037037037036,Town07,clear,1,349,17.45,1080,1920,34
videos/rear-end/Town07_rear-end_clear_03_aug2.mp4,video_annotations/Town07_rear-end_clear_03.json.gz,rear-end,9.95,199,0.534375,0.4375,0.4578125,0.3638888888888889,0.6109375,0.5111111111111111,Town07,clear,3,312,15.6,1080,1920,52
videos/rear-end/Town07_rear-end_clear_05_aug2.mp4,video_annotations/Town07_rear-end_clear_05.json.gz,rear-end,8.65,173,0.5815104166666667,0.5740740740740741,0.5223958333333333,0.5268518518518519,0.640625,0.6212962962962963,Town07,clear,5,265,13.25,1080,1920,60
videos/rear-end/Town07_rear-end_clear_07_aug2.mp4,video_annotations/Town07_rear-end_clear_07.json.gz,rear-end,5.3,106,0.5171875,0.6625,0.4848958333333333,0.5685185185185185,0.5494791666666666,0.7564814814814815,Town07,clear,7,254,12.7,1080,1920,125
videos/rear-end/Town07_rear-end_clear_09_aug2.mp4,video_annotations/Town07_rear-end_clear_09.json.gz,rear-end,6.9,138,0.5106770833333333,0.2606481481481481,0.4692708333333333,0.1425925925925926,0.5520833333333334,0.3787037037037037,Town07,clear,9,229,11.45,1080,1920,92
videos/rear-end/Town07_rear-end_clear_11_aug2.mp4,video_annotations/Town07_rear-end_clear_11.json.gz,rear-end,7.65,153,0.4380208333333333,0.4671296296296296,0.3765625,0.4287037037037037,0.4994791666666666,0.5055555555555555,Town07,clear,11,319,15.95,1080,1920,77
videos/rear-end/Town07_rear-end_clear_14_aug2.mp4,video_annotations/Town07_rear-end_clear_14.json.gz,rear-end,9.05,181,0.434375,0.8356481481481481,0.3921875,0.7222222222222222,0.4765625,0.949074074074074,Town07,clear,14,340,17.0,1080,1920,54
videos/rear-end/Town07_rear-end_clear_18_aug2.mp4,video_annotations/Town07_rear-end_clear_18.json.gz,rear-end,6.65,133,0.58203125,0.5736111111111111,0.4973958333333333,0.4722222222222222,0.6666666666666666,0.675,Town07,clear,18,243,12.15,1080,1920,116
videos/rear-end/Town07_rear-end_clear_21_aug2.mp4,video_annotations/Town07_rear-end_clear_21.json.gz,rear-end,7.65,153,0.521875,0.3435185185185185,0.4755208333333333,0.2703703703703703,0.5682291666666667,0.4166666666666667,Town07,clear,21,337,16.85,1080,1920,77
videos/rear-end/Town07_rear-end_clear_23_aug2.mp4,video_annotations/Town07_rear-end_clear_23.json.gz,rear-end,9.95,199,0.5424479166666667,0.5504629629629629,0.528125,0.4768518518518518,0.5567708333333333,0.6240740740740741,Town07,clear,23,326,16.3,1080,1920,37
videos/rear-end/Town07_rear-end_clear_25_aug2.mp4,video_annotations/Town07_rear-end_clear_25.json.gz,rear-end,8.25,165,0.41328125,0.3847222222222222,0.3520833333333333,0.3157407407407407,0.4744791666666667,0.4537037037037037,Town07,clear,25,290,14.5,1080,1920,66
videos/rear-end/Town07_rear-end_clear_27_aug2.mp4,video_annotations/Town07_rear-end_clear_27.json.gz,rear-end,7.9,158,0.4278645833333333,0.736574074074074,0.3572916666666667,0.6814814814814815,0.4984375,0.7916666666666666,Town07,clear,27,303,15.15,1080,1920,72
videos/rear-end/Town07_rear-end_clear_29_aug2.mp4,video_annotations/Town07_rear-end_clear_29.json.gz,rear-end,9.0,180,0.5229166666666667,0.6449074074074074,0.4708333333333333,0.5435185185185185,0.575,0.7462962962962963,Town07,clear,29,339,16.95,1080,1920,53
videos/rear-end/Town07_rear-end_clear_31_aug2.mp4,video_annotations/Town07_rear-end_clear_31.json.gz,rear-end,5.8,116,0.6091145833333333,0.5157407407407407,0.5640625,0.3972222222222222,0.6541666666666667,0.6342592592592593,Town07,clear,31,204,10.2,1080,1920,115
videos/rear-end/Town07_rear-end_clear_34_aug2.mp4,video_annotations/Town07_rear-end_clear_34.json.gz,rear-end,6.85,137,0.6036458333333333,0.4435185185185185,0.5328125,0.412037037037037,0.6744791666666666,0.475,Town07,clear,34,260,13.0,1080,1920,93
videos/rear-end/Town07_rear-end_clear_36_aug2.mp4,video_annotations/Town07_rear-end_clear_36.json.gz,rear-end,7.25,145,0.6630208333333333,0.7652777777777777,0.6015625,0.6981481481481482,0.7244791666666667,0.8324074074074074,Town07,clear,36,261,13.05,1080,1920,89
videos/rear-end/Town07_rear-end_clear_39_aug2.mp4,video_annotations/Town07_rear-end_clear_39.json.gz,rear-end,8.1,162,0.584375,0.2592592592592592,0.5421875,0.1759259259259259,0.6265625,0.3425925925925926,Town07,clear,39,267,13.35,1080,1920,69
videos/rear-end/Town07_rear-end_clear_41_aug2.mp4,video_annotations/Town07_rear-end_clear_41.json.gz,rear-end,5.8,116,0.3809895833333333,0.7037037037037037,0.3109375,0.6675925925925926,0.4510416666666667,0.7398148148148148,Town07,clear,41,302,15.1,1080,1920,114
videos/rear-end/Town07_rear-end_clear_43_aug2.mp4,video_annotations/Town07_rear-end_clear_43.json.gz,rear-end,9.75,195,0.3919270833333333,0.5740740740740741,0.3270833333333333,0.5046296296296297,0.4567708333333333,0.6435185185185185,Town07,clear,43,264,13.2,1080,1920,40
videos/rear-end/Town07_rear-end_clear_45_aug2.mp4,video_annotations/Town07_rear-end_clear_45.json.gz,rear-end,8.75,175,0.528125,0.4388888888888889,0.503125,0.3712962962962963,0.553125,0.5064814814814815,Town07,clear,45,273,13.65,1080,1920,59
videos/rear-end/Town07_rear-end_clear_48_aug2.mp4,video_annotations/Town07_rear-end_clear_48.json.gz,rear-end,6.95,139,0.5260416666666666,0.7490740740740741,0.4484375,0.7055555555555556,0.6036458333333333,0.7925925925925926,Town07,clear,48,243,12.15,1080,1920,96
videos/rear-end/Town07_rear-end_clear_50_aug2.mp4,video_annotations/Town07_rear-end_clear_50.json.gz,rear-end,9.55,191,0.6776041666666667,0.6546296296296297,0.6015625,0.612037037037037,0.7536458333333333,0.6972222222222222,Town07,clear,50,323,16.15,1080,1920,41
videos/rear-end/Town07_rear-end_clear_52_aug2.mp4,video_annotations/Town07_rear-end_clear_52.json.gz,rear-end,6.45,129,0.4388020833333333,0.3032407407407407,0.4088541666666667,0.2509259259259259,0.46875,0.3555555555555555,Town07,clear,52,224,11.2,1080,1920,98
videos/rear-end/Town07_rear-end_clear_54_aug2.mp4,video_annotations/Town07_rear-end_clear_54.json.gz,rear-end,8.1,162,0.5825520833333333,0.6337962962962963,0.5375,0.5814814814814815,0.6276041666666666,0.6861111111111111,Town07,clear,54,290,14.5,1080,1920,76
videos/rear-end/Town07_rear-end_clear_56_aug2.mp4,video_annotations/Town07_rear-end_clear_56.json.gz,rear-end,8.2,164,0.5294270833333333,0.6689814814814815,0.4682291666666666,0.6277777777777778,0.590625,0.7101851851851851,Town07,clear,56,333,16.65,1080,1920,64
videos/rear-end/Town07_rear-end_clear_58_aug2.mp4,video_annotations/Town07_rear-end_clear_58.json.gz,rear-end,8.2,164,0.3721354166666666,0.3180555555555555,0.2927083333333333,0.2518518518518518,0.4515625,0.3842592592592592,Town07,clear,58,300,15.0,1080,1920,67
videos/rear-end/Town07_rear-end_night_00_aug2.mp4,video_annotations/Town07_rear-end_night_00.json.gz,rear-end,10.15,203,0.5315104166666667,0.5296296296296297,0.5015625,0.3796296296296296,0.5614583333333333,0.6796296296296296,Town07,night,0,448,22.4,1080,1920,45
videos/rear-end/Town07_rear-end_night_02_aug2.mp4,video_annotations/Town07_rear-end_night_02.json.gz,rear-end,4.35,87,0.58046875,0.7986111111111112,0.5078125,0.6555555555555556,0.653125,0.9416666666666668,Town07,night,2,216,10.8,1080,1920,163
videos/rear-end/Town07_rear-end_night_05_aug2.mp4,video_annotations/Town07_rear-end_night_05.json.gz,rear-end,9.55,191,0.5828125,0.5273148148148148,0.5213541666666667,0.4777777777777778,0.6442708333333333,0.5768518518518518,Town07,night,5,350,17.5,1080,1920,39
videos/rear-end/Town07_rear-end_night_07_aug2.mp4,video_annotations/Town07_rear-end_night_07.json.gz,rear-end,7.2,144,0.5333333333333333,0.6236111111111111,0.496875,0.5203703703703704,0.5697916666666667,0.7268518518518519,Town07,night,7,313,15.65,1080,1920,106
videos/rear-end/Town07_rear-end_night_09_aug2.mp4,video_annotations/Town07_rear-end_night_09.json.gz,rear-end,3.8,76,0.49765625,0.299537037037037,0.45625,0.187037037037037,0.5390625,0.412037037037037,Town07,night,9,258,12.9,1080,1920,157
videos/rear-end/Town07_rear-end_night_11_aug2.mp4,video_annotations/Town07_rear-end_night_11.json.gz,rear-end,9.5,190,0.42890625,0.4819444444444444,0.359375,0.4453703703703703,0.4984375,0.5185185185185185,Town07,night,11,325,16.25,1080,1920,39
videos/rear-end/Town07_rear-end_night_13_aug2.mp4,video_annotations/Town07_rear-end_night_13.json.gz,rear-end,4.55,91,0.3890625,0.7699074074074074,0.3083333333333333,0.6388888888888888,0.4697916666666666,0.900925925925926,Town07,night,13,220,11.0,1080,1920,141
videos/rear-end/Town07_rear-end_night_15_aug2.mp4,video_annotations/Town07_rear-end_night_15.json.gz,rear-end,8.2,164,0.56640625,0.6611111111111111,0.5385416666666667,0.5296296296296297,0.5942708333333333,0.7925925925925926,Town07,night,15,408,20.4,1080,1920,67
videos/rear-end/Town07_rear-end_night_17_aug2.mp4,video_annotations/Town07_rear-end_night_17.json.gz,rear-end,6.9,138,0.5994791666666667,0.5504629629629629,0.5328125,0.4314814814814814,0.6661458333333333,0.6694444444444444,Town07,night,17,339,16.95,1080,1920,88
videos/rear-end/Town07_rear-end_night_19_aug2.mp4,video_annotations/Town07_rear-end_night_19.json.gz,rear-end,9.0,180,0.5622395833333333,0.4055555555555555,0.4744791666666667,0.3592592592592593,0.65,0.4518518518518518,Town07,night,19,415,20.75,1080,1920,54
videos/rear-end/Town07_rear-end_night_21_aug2.mp4,video_annotations/Town07_rear-end_night_21.json.gz,rear-end,9.55,191,0.5393229166666667,0.4069444444444444,0.490625,0.3351851851851852,0.5880208333333333,0.4787037037037037,Town07,night,21,406,20.3,1080,1920,39
videos/rear-end/Town07_rear-end_night_23_aug2.mp4,video_annotations/Town07_rear-end_night_23.json.gz,rear-end,6.35,127,0.5674479166666667,0.5643518518518519,0.5432291666666667,0.437037037037037,0.5916666666666667,0.6916666666666667,Town07,night,23,314,15.7,1080,1920,103
videos/rear-end/Town07_rear-end_night_25_aug2.mp4,video_annotations/Town07_rear-end_night_25.json.gz,rear-end,9.7,194,0.3911458333333333,0.3162037037037037,0.3088541666666666,0.2268518518518518,0.4734375,0.4055555555555555,Town07,night,25,329,16.45,1080,1920,47
videos/rear-end/Town07_rear-end_night_27_aug2.mp4,video_annotations/Town07_rear-end_night_27.json.gz,rear-end,4.95,99,0.4518229166666667,0.7171296296296297,0.3932291666666667,0.6694444444444444,0.5104166666666666,0.7648148148148148,Town07,night,27,333,16.65,1080,1920,135
videos/rear-end/Town07_rear-end_night_29_aug2.mp4,video_annotations/Town07_rear-end_night_29.json.gz,rear-end,9.8,196,0.5346354166666667,0.6842592592592592,0.4817708333333333,0.5916666666666667,0.5875,0.7768518518518519,Town07,night,29,468,23.4,1080,1920,41
videos/rear-end/Town07_rear-end_night_32_aug2.mp4,video_annotations/Town07_rear-end_night_32.json.gz,rear-end,8.05,161,0.59375,0.4388888888888889,0.5234375,0.3425925925925926,0.6640625,0.5351851851851852,Town07,night,32,353,17.65,1080,1920,70
videos/rear-end/Town07_rear-end_night_34_aug2.mp4,video_annotations/Town07_rear-end_night_34.json.gz,rear-end,6.55,131,0.5986979166666667,0.4439814814814815,0.5359375,0.4138888888888888,0.6614583333333334,0.4740740740740741,Town07,night,34,281,14.05,1080,1920,101
videos/rear-end/Town07_rear-end_night_36_aug2.mp4,video_annotations/Town07_rear-end_night_36.json.gz,rear-end,8.75,175,0.6385416666666667,0.7055555555555556,0.5708333333333333,0.625,0.70625,0.7861111111111111,Town07,night,36,343,17.15,1080,1920,63
videos/rear-end/Town07_rear-end_night_39_aug2.mp4,video_annotations/Town07_rear-end_night_39.json.gz,rear-end,7.6,152,0.58359375,0.2509259259259259,0.5432291666666667,0.1611111111111111,0.6239583333333333,0.3407407407407407,Town07,night,39,335,16.75,1080,1920,83
videos/rear-end/Town07_rear-end_night_43_aug2.mp4,video_annotations/Town07_rear-end_night_43.json.gz,rear-end,8.6,172,0.36015625,0.6310185185185185,0.2833333333333333,0.5361111111111111,0.4369791666666666,0.725925925925926,Town07,night,43,386,19.3,1080,1920,53
videos/rear-end/Town07_rear-end_night_45_aug2.mp4,video_annotations/Town07_rear-end_night_45.json.gz,rear-end,6.2,124,0.5174479166666667,0.4527777777777778,0.4927083333333333,0.3824074074074074,0.5421875,0.5231481481481481,Town07,night,45,358,17.9,1080,1920,103
videos/rear-end/Town07_rear-end_night_47_aug2.mp4,video_annotations/Town07_rear-end_night_47.json.gz,rear-end,7.1,142,0.64921875,0.6939814814814815,0.5385416666666667,0.6037037037037037,0.7598958333333333,0.7842592592592592,Town07,night,47,356,17.8,1080,1920,91
videos/rear-end/Town07_rear-end_night_49_aug2.mp4,video_annotations/Town07_rear-end_night_49.json.gz,rear-end,9.0,180,0.4489583333333333,0.4300925925925926,0.3807291666666667,0.3935185185185185,0.5171875,0.4666666666666667,Town07,night,49,316,15.8,1080,1920,55
videos/rear-end/Town07_rear-end_night_51_aug2.mp4,video_annotations/Town07_rear-end_night_51.json.gz,rear-end,4.2,84,0.41015625,0.5439814814814815,0.3630208333333333,0.4972222222222222,0.4572916666666666,0.5907407407407408,Town07,night,51,274,13.7,1080,1920,151
videos/rear-end/Town07_rear-end_night_53_aug2.mp4,video_annotations/Town07_rear-end_night_53.json.gz,rear-end,9.2,184,0.5703125,0.5375,0.5520833333333334,0.4861111111111111,0.5885416666666666,0.5888888888888889,Town07,night,53,375,18.75,1080,1920,46
videos/rear-end/Town07_rear-end_night_56_aug2.mp4,video_annotations/Town07_rear-end_night_56.json.gz,rear-end,10.0,200,0.55078125,0.7166666666666667,0.4864583333333333,0.6694444444444444,0.6151041666666667,0.7638888888888888,Town07,night,56,390,19.5,1080,1920,50
videos/rear-end/Town07_rear-end_night_58_aug2.mp4,video_annotations/Town07_rear-end_night_58.json.gz,rear-end,5.7,114,0.3385416666666667,0.3550925925925925,0.271875,0.3018518518518518,0.4052083333333333,0.4083333333333333,Town07,night,58,255,12.75,1080,1920,127
videos/rear-end/Town07_rear-end_rain_00_aug2.mp4,video_annotations/Town07_rear-end_rain_00.json.gz,rear-end,7.6,152,0.5125,0.4893518518518518,0.4885416666666666,0.3509259259259259,0.5364583333333334,0.6277777777777778,Town07,rain,0,258,12.9,1080,1920,78
videos/rear-end/Town07_rear-end_rain_02_aug2.mp4,video_annotations/Town07_rear-end_rain_02.json.gz,rear-end,9.7,194,0.57265625,0.7564814814814815,0.5083333333333333,0.6157407407407407,0.6369791666666667,0.8972222222222223,Town07,rain,2,300,15.0,1080,1920,40
videos/rear-end/Town07_rear-end_rain_04_aug2.mp4,video_annotations/Town07_rear-end_rain_04.json.gz,rear-end,8.95,179,0.5440104166666667,0.3444444444444444,0.4588541666666667,0.2888888888888888,0.6291666666666667,0.4,Town07,rain,4,278,13.9,1080,1920,48
videos/rear-end/Town07_rear-end_rain_06_aug2.mp4,video_annotations/Town07_rear-end_rain_06.json.gz,rear-end,8.65,173,0.5028645833333333,0.3513888888888888,0.4520833333333333,0.2388888888888889,0.5536458333333333,0.4638888888888889,Town07,rain,6,314,15.7,1080,1920,59
videos/rear-end/Town07_rear-end_rain_08_aug2.mp4,video_annotations/Town07_rear-end_rain_08.json.gz,rear-end,8.05,161,0.4244791666666667,0.5587962962962963,0.3890625,0.4527777777777778,0.4598958333333333,0.6648148148148149,Town07,rain,8,211,10.55,1080,1920,78
videos/rear-end/Town07_rear-end_rain_10_aug2.mp4,video_annotations/Town07_rear-end_rain_10.json.gz,rear-end,8.3,166,0.5393229166666667,0.2291666666666666,0.4869791666666667,0.1212962962962962,0.5916666666666667,0.337037037037037,Town07,rain,10,243,12.15,1080,1920,65
videos/rear-end/Town07_rear-end_rain_12_aug2.mp4,video_annotations/Town07_rear-end_rain_12.json.gz,rear-end,7.95,159,0.4541666666666666,0.6324074074074074,0.3447916666666666,0.5370370370370371,0.5635416666666667,0.7277777777777777,Town07,rain,12,206,10.3,1080,1920,71
videos/rear-end/Town07_rear-end_rain_14_aug2.mp4,video_annotations/Town07_rear-end_rain_14.json.gz,rear-end,5.7,114,0.434375,0.8180555555555555,0.3864583333333333,0.687037037037037,0.4822916666666667,0.949074074074074,Town07,rain,14,233,11.65,1080,1920,136
videos/rear-end/Town07_rear-end_rain_16_aug2.mp4,video_annotations/Town07_rear-end_rain_16.json.gz,rear-end,4.95,99,0.5236979166666667,0.4652777777777778,0.4848958333333333,0.3425925925925926,0.5625,0.5879629629629629,Town07,rain,16,225,11.25,1080,1920,138
videos/rear-end/Town07_rear-end_rain_18_aug2.mp4,video_annotations/Town07_rear-end_rain_18.json.gz,rear-end,6.1,122,0.5872395833333334,0.575925925925926,0.4645833333333333,0.4398148148148148,0.7098958333333333,0.712037037037037,Town07,rain,18,203,10.15,1080,1920,104
videos/rear-end/Town07_rear-end_rain_21_aug2.mp4,video_annotations/Town07_rear-end_rain_21.json.gz,rear-end,5.25,105,0.509375,0.3541666666666667,0.4588541666666667,0.2731481481481481,0.5598958333333334,0.4351851851851852,Town07,rain,21,230,11.5,1080,1920,123
videos/rear-end/Town07_rear-end_rain_23_aug2.mp4,video_annotations/Town07_rear-end_rain_23.json.gz,rear-end,9.85,197,0.5497395833333333,0.5555555555555556,0.534375,0.4666666666666667,0.5651041666666666,0.6444444444444445,Town07,rain,23,286,14.3,1080,1920,41
videos/rear-end/Town07_rear-end_rain_25_aug2.mp4,video_annotations/Town07_rear-end_rain_25.json.gz,rear-end,6.7,134,0.3869791666666666,0.362037037037037,0.3208333333333333,0.2833333333333333,0.453125,0.4407407407407407,Town07,rain,25,356,17.8,1080,1920,105
videos/rear-end/Town07_rear-end_rain_27_aug2.mp4,video_annotations/Town07_rear-end_rain_27.json.gz,rear-end,10.35,207,0.44765625,0.7768518518518519,0.3692708333333333,0.712037037037037,0.5260416666666666,0.8416666666666667,Town07,rain,27,319,15.95,1080,1920,26
videos/rear-end/Town07_rear-end_rain_29_aug2.mp4,video_annotations/Town07_rear-end_rain_29.json.gz,rear-end,4.0,80,0.5190104166666667,0.6699074074074074,0.4651041666666666,0.5703703703703704,0.5729166666666666,0.7694444444444445,Town07,rain,29,197,9.85,1080,1920,150
videos/rear-end/Town07_rear-end_rain_31_aug2.mp4,video_annotations/Town07_rear-end_rain_31.json.gz,rear-end,7.3,146,0.6231770833333333,0.4944444444444444,0.5770833333333333,0.3694444444444444,0.6692708333333334,0.6194444444444445,Town07,rain,31,244,12.2,1080,1920,92
videos/rear-end/Town07_rear-end_rain_34_aug2.mp4,video_annotations/Town07_rear-end_rain_34.json.gz,rear-end,9.85,197,0.6151041666666667,0.3958333333333333,0.5401041666666667,0.3564814814814814,0.6901041666666666,0.4351851851851852,Town07,rain,34,310,15.5,1080,1920,31
videos/rear-end/Town07_rear-end_rain_36_aug2.mp4,video_annotations/Town07_rear-end_rain_36.json.gz,rear-end,8.7,174,0.65546875,0.6861111111111111,0.5921875,0.6185185185185185,0.71875,0.7537037037037037,Town07,rain,36,236,11.8,1080,1920,65
videos/rear-end/Town07_rear-end_rain_38_aug2.mp4,video_annotations/Town07_rear-end_rain_38.json.gz,rear-end,8.7,174,0.3893229166666667,0.3986111111111111,0.3614583333333333,0.3203703703703703,0.4171875,0.4768518518518518,Town07,rain,38,289,14.45,1080,1920,57
videos/rear-end/Town07_rear-end_rain_40_aug2.mp4,video_annotations/Town07_rear-end_rain_40.json.gz,rear-end,4.9,98,0.3588541666666666,0.4189814814814814,0.2791666666666667,0.3555555555555555,0.4385416666666666,0.4824074074074074,Town07,rain,40,175,8.75,1080,1920,135
videos/rear-end/Town07_rear-end_rain_43_aug2.mp4,video_annotations/Town07_rear-end_rain_43.json.gz,rear-end,6.4,128,0.3697916666666667,0.6041666666666666,0.2979166666666666,0.525,0.4416666666666666,0.6833333333333333,Town07,rain,43,243,12.15,1080,1920,103
videos/rear-end/Town07_rear-end_rain_45_aug2.mp4,video_annotations/Town07_rear-end_rain_45.json.gz,rear-end,3.7,74,0.5197916666666667,0.4300925925925926,0.4921875,0.3611111111111111,0.5473958333333333,0.499074074074074,Town07,rain,45,212,10.6,1080,1920,157
videos/rear-end/Town07_rear-end_rain_48_aug2.mp4,video_annotations/Town07_rear-end_rain_48.json.gz,rear-end,7.25,145,0.51796875,0.7245370370370371,0.43125,0.6842592592592592,0.6046875,0.7648148148148148,Town07,rain,48,242,12.1,1080,1920,86
videos/rear-end/Town07_rear-end_rain_50_aug2.mp4,video_annotations/Town07_rear-end_rain_50.json.gz,rear-end,8.15,163,0.69140625,0.6708333333333333,0.6161458333333333,0.6277777777777778,0.7666666666666667,0.7138888888888889,Town07,rain,50,293,14.65,1080,1920,70
videos/rear-end/Town07_rear-end_rain_52_aug2.mp4,video_annotations/Town07_rear-end_rain_52.json.gz,rear-end,8.75,175,0.4096354166666666,0.3226851851851852,0.3807291666666667,0.2759259259259259,0.4385416666666666,0.3694444444444444,Town07,rain,52,245,12.25,1080,1920,60
videos/rear-end/Town07_rear-end_rain_55_aug2.mp4,video_annotations/Town07_rear-end_rain_55.json.gz,rear-end,7.4,148,0.4184895833333333,0.3708333333333333,0.3666666666666666,0.3333333333333333,0.4703125,0.4083333333333333,Town07,rain,55,263,13.15,1080,1920,88
videos/rear-end/Town07_rear-end_rain_57_aug2.mp4,video_annotations/Town07_rear-end_rain_57.json.gz,rear-end,3.55,71,0.4901041666666667,0.4643518518518518,0.4197916666666667,0.4324074074074074,0.5604166666666667,0.4962962962962963,Town07,rain,57,211,10.55,1080,1920,164
videos/rear-end/Town07_rear-end_rain_59_aug2.mp4,video_annotations/Town07_rear-end_rain_59.json.gz,rear-end,9.2,184,0.5364583333333334,0.4555555555555555,0.46875,0.3888888888888889,0.6041666666666666,0.5222222222222223,Town07,rain,59,254,12.7,1080,1920,54
videos/rear-end/Town07_rear-end_sunset_01_aug2.mp4,video_annotations/Town07_rear-end_sunset_01.json.gz,rear-end,4.1,82,0.5221354166666666,0.8152777777777778,0.4708333333333333,0.6518518518518519,0.5734375,0.9787037037037036,Town07,sunset,1,199,9.95,1080,1920,156
videos/rear-end/Town07_rear-end_sunset_03_aug2.mp4,video_annotations/Town07_rear-end_sunset_03.json.gz,rear-end,9.7,194,0.53984375,0.4638888888888889,0.45625,0.3916666666666666,0.6234375,0.5361111111111111,Town07,sunset,3,283,14.15,1080,1920,36
videos/rear-end/Town07_rear-end_sunset_05_aug2.mp4,video_annotations/Town07_rear-end_sunset_05.json.gz,rear-end,7.6,152,0.5950520833333334,0.5736111111111111,0.5380208333333333,0.5333333333333333,0.6520833333333333,0.6138888888888889,Town07,sunset,5,250,12.5,1080,1920,84
videos/rear-end/Town07_rear-end_sunset_07_aug2.mp4,video_annotations/Town07_rear-end_sunset_07.json.gz,rear-end,7.3,146,0.5223958333333333,0.6333333333333333,0.4869791666666667,0.5287037037037037,0.5578125,0.7379629629629629,Town07,sunset,7,287,14.35,1080,1920,81
videos/rear-end/Town07_rear-end_sunset_09_aug2.mp4,video_annotations/Town07_rear-end_sunset_09.json.gz,rear-end,8.6,172,0.50703125,0.2634259259259259,0.4677083333333333,0.1453703703703703,0.5463541666666667,0.3814814814814815,Town07,sunset,9,256,12.8,1080,1920,79
videos/rear-end/Town07_rear-end_sunset_11_aug2.mp4,video_annotations/Town07_rear-end_sunset_11.json.gz,rear-end,8.4,168,0.4421875,0.4171296296296296,0.384375,0.375,0.5,0.4592592592592592,Town07,sunset,11,336,16.8,1080,1920,66
videos/rear-end/Town07_rear-end_sunset_13_aug2.mp4,video_annotations/Town07_rear-end_sunset_13.json.gz,rear-end,9.25,185,0.3875,0.6921296296296297,0.3088541666666666,0.5657407407407408,0.4661458333333333,0.8185185185185185,Town07,sunset,13,305,15.25,1080,1920,47
videos/rear-end/Town07_rear-end_sunset_16_aug2.mp4,video_annotations/Town07_rear-end_sunset_16.json.gz,rear-end,8.45,169,0.5234375,0.4449074074074074,0.48125,0.3074074074074074,0.565625,0.5824074074074074,Town07,sunset,16,279,13.95,1080,1920,63
videos/rear-end/Town07_rear-end_sunset_18_aug2.mp4,video_annotations/Town07_rear-end_sunset_18.json.gz,rear-end,8.8,176,0.571875,0.5648148148148148,0.4854166666666666,0.4768518518518518,0.6583333333333333,0.6527777777777778,Town07,sunset,18,264,13.2,1080,1920,51
videos/rear-end/Town07_rear-end_sunset_20_aug2.mp4,video_annotations/Town07_rear-end_sunset_20.json.gz,rear-end,8.05,161,0.5270833333333333,0.4652777777777778,0.4619791666666666,0.3944444444444444,0.5921875,0.5361111111111111,Town07,sunset,20,266,13.3,1080,1920,76
videos/rear-end/Town07_rear-end_sunset_22_aug2.mp4,video_annotations/Town07_rear-end_sunset_22.json.gz,rear-end,5.35,107,0.4770833333333333,0.5726851851851852,0.4489583333333333,0.4833333333333333,0.5052083333333334,0.6620370370370371,Town07,sunset,22,212,10.6,1080,1920,141
videos/rear-end/Town07_rear-end_sunset_24_aug2.mp4,video_annotations/Town07_rear-end_sunset_24.json.gz,rear-end,7.3,146,0.5682291666666667,0.4638888888888889,0.5270833333333333,0.3657407407407407,0.609375,0.562037037037037,Town07,sunset,24,263,13.15,1080,1920,83
videos/rear-end/Town07_rear-end_sunset_26_aug2.mp4,video_annotations/Town07_rear-end_sunset_26.json.gz,rear-end,8.8,176,0.353125,0.4777777777777778,0.2401041666666666,0.4018518518518518,0.4661458333333333,0.5537037037037037,Town07,sunset,26,309,15.45,1080,1920,54
videos/rear-end/Town07_rear-end_sunset_28_aug2.mp4,video_annotations/Town07_rear-end_sunset_28.json.gz,rear-end,8.4,168,0.37265625,0.7875,0.2817708333333333,0.6722222222222223,0.4635416666666667,0.9027777777777778,Town07,sunset,28,247,12.35,1080,1920,72
videos/rear-end/Town07_rear-end_sunset_30_aug2.mp4,video_annotations/Town07_rear-end_sunset_30.json.gz,rear-end,6.55,131,0.4395833333333333,0.5800925925925926,0.4166666666666667,0.4564814814814815,0.4625,0.7037037037037037,Town07,sunset,30,211,10.55,1080,1920,98
videos/rear-end/Town07_rear-end_sunset_32_aug2.mp4,video_annotations/Town07_rear-end_sunset_32.json.gz,rear-end,9.2,184,0.5791666666666667,0.4236111111111111,0.5036458333333333,0.3222222222222222,0.6546875,0.525,Town07,sunset,32,309,15.45,1080,1920,53
videos/rear-end/Town07_rear-end_sunset_34_aug2.mp4,video_annotations/Town07_rear-end_sunset_34.json.gz,rear-end,6.4,128,0.6192708333333333,0.4291666666666666,0.5390625,0.3898148148148148,0.6994791666666667,0.4685185185185185,Town07,sunset,34,246,12.3,1080,1920,108
videos/rear-end/Town07_rear-end_sunset_36_aug2.mp4,video_annotations/Town07_rear-end_sunset_36.json.gz,rear-end,7.4,148,0.6369791666666667,0.7125,0.5791666666666667,0.6462962962962963,0.6947916666666667,0.7787037037037037,Town07,sunset,36,230,11.5,1080,1920,91
videos/rear-end/Town07_rear-end_sunset_38_aug2.mp4,video_annotations/Town07_rear-end_sunset_38.json.gz,rear-end,9.0,180,0.384375,0.3657407407407407,0.3567708333333333,0.2851851851851852,0.4119791666666667,0.4462962962962963,Town07,sunset,38,289,14.45,1080,1920,49
videos/rear-end/Town07_rear-end_sunset_40_aug2.mp4,video_annotations/Town07_rear-end_sunset_40.json.gz,rear-end,5.2,104,0.3338541666666667,0.4541666666666666,0.2583333333333333,0.4018518518518518,0.409375,0.5064814814814815,Town07,sunset,40,227,11.35,1080,1920,124
videos/rear-end/Town07_rear-end_sunset_42_aug2.mp4,video_annotations/Town07_rear-end_sunset_42.json.gz,rear-end,7.0,140,0.45,0.6824074074074075,0.3755208333333333,0.6314814814814815,0.5244791666666667,0.7333333333333333,Town07,sunset,42,259,12.95,1080,1920,97
videos/rear-end/Town07_rear-end_sunset_44_aug2.mp4,video_annotations/Town07_rear-end_sunset_44.json.gz,rear-end,7.7,154,0.5091145833333334,0.5694444444444444,0.4682291666666666,0.4935185185185185,0.55,0.6453703703703704,Town07,sunset,44,271,13.55,1080,1920,82
videos/rear-end/Town07_rear-end_sunset_46_aug2.mp4,video_annotations/Town07_rear-end_sunset_46.json.gz,rear-end,6.5,130,0.6127604166666667,0.3930555555555555,0.5572916666666666,0.3027777777777777,0.6682291666666667,0.4833333333333333,Town07,sunset,46,244,12.2,1080,1920,106
videos/rear-end/Town07_rear-end_sunset_50_aug2.mp4,video_annotations/Town07_rear-end_sunset_50.json.gz,rear-end,10.1,202,0.7065104166666667,0.6587962962962963,0.6291666666666667,0.6129629629629629,0.7838541666666666,0.7046296296296296,Town07,sunset,50,293,14.65,1080,1920,50
videos/rear-end/Town07_rear-end_sunset_52_aug2.mp4,video_annotations/Town07_rear-end_sunset_52.json.gz,rear-end,7.25,145,0.4364583333333333,0.2486111111111111,0.4026041666666666,0.187037037037037,0.4703125,0.3101851851851852,Town07,sunset,52,238,11.9,1080,1920,89
videos/rear-end/Town07_rear-end_sunset_54_aug2.mp4,video_annotations/Town07_rear-end_sunset_54.json.gz,rear-end,6.3,126,0.6200520833333333,0.6300925925925925,0.55625,0.549074074074074,0.6838541666666667,0.7111111111111111,Town07,sunset,54,225,11.25,1080,1920,96
videos/rear-end/Town07_rear-end_sunset_56_aug2.mp4,video_annotations/Town07_rear-end_sunset_56.json.gz,rear-end,7.5,150,0.521875,0.6791666666666667,0.4604166666666666,0.6370370370370371,0.5833333333333334,0.7212962962962963,Town07,sunset,56,316,15.8,1080,1920,79
videos/rear-end/Town07_rear-end_sunset_58_aug2.mp4,video_annotations/Town07_rear-end_sunset_58.json.gz,rear-end,8.2,164,0.3234375,0.3884259259259259,0.24375,0.3277777777777778,0.403125,0.449074074074074,Town07,sunset,58,267,13.35,1080,1920,63
videos/rear-end/Town07_rear-end_wet_00_aug2.mp4,video_annotations/Town07_rear-end_wet_00.json.gz,rear-end,6.25,125,0.52421875,0.5185185185185185,0.4979166666666667,0.3888888888888889,0.5505208333333333,0.6481481481481481,Town07,wet,0,285,14.25,1080,1920,109
videos/rear-end/Town07_rear-end_wet_02_aug2.mp4,video_annotations/Town07_rear-end_wet_02.json.gz,rear-end,6.45,129,0.5869791666666667,0.8333333333333334,0.5088541666666667,0.6768518518518518,0.6651041666666667,0.9898148148148148,Town07,wet,2,252,12.6,1080,1920,101
videos/rear-end/Town07_rear-end_wet_04_aug2.mp4,video_annotations/Town07_rear-end_wet_04.json.gz,rear-end,6.65,133,0.534375,0.3143518518518518,0.4625,0.2629629629629629,0.60625,0.3657407407407407,Town07,wet,4,230,11.5,1080,1920,120
videos/rear-end/Town07_rear-end_wet_06_aug2.mp4,video_annotations/Town07_rear-end_wet_06.json.gz,rear-end,4.75,95,0.5033854166666667,0.3509259259259259,0.4557291666666667,0.2453703703703703,0.5510416666666667,0.4564814814814815,Town07,wet,6,181,9.05,1080,1920,143
videos/rear-end/Town07_rear-end_wet_09_aug2.mp4,video_annotations/Town07_rear-end_wet_09.json.gz,rear-end,6.65,133,0.4893229166666666,0.2527777777777777,0.4447916666666666,0.1268518518518518,0.5338541666666666,0.3787037037037037,Town07,wet,9,260,13.0,1080,1920,97
videos/rear-end/Town07_rear-end_wet_11_aug2.mp4,video_annotations/Town07_rear-end_wet_11.json.gz,rear-end,8.35,167,0.440625,0.4078703703703704,0.3734375,0.3611111111111111,0.5078125,0.4546296296296296,Town07,wet,11,278,13.9,1080,1920,68
videos/rear-end/Town07_rear-end_wet_13_aug2.mp4,video_annotations/Town07_rear-end_wet_13.json.gz,rear-end,3.95,79,0.3994791666666666,0.7037037037037037,0.3192708333333333,0.5768518518518518,0.4796875,0.8305555555555556,Town07,wet,13,172,8.6,1080,1920,148
videos/rear-end/Town07_rear-end_wet_16_aug2.mp4,video_annotations/Town07_rear-end_wet_16.json.gz,rear-end,7.6,152,0.5315104166666667,0.4592592592592592,0.48125,0.3064814814814814,0.5817708333333333,0.612037037037037,Town07,wet,16,225,11.25,1080,1920,84
videos/rear-end/Town07_rear-end_wet_19_aug2.mp4,video_annotations/Town07_rear-end_wet_19.json.gz,rear-end,9.65,193,0.5533854166666666,0.4337962962962963,0.4791666666666667,0.3953703703703703,0.6276041666666666,0.4722222222222222,Town07,wet,19,275,13.75,1080,1920,38
videos/rear-end/Town07_rear-end_wet_21_aug2.mp4,video_annotations/Town07_rear-end_wet_21.json.gz,rear-end,9.65,193,0.51171875,0.3537037037037037,0.4703125,0.2842592592592592,0.553125,0.4231481481481481,Town07,wet,21,304,15.2,1080,1920,37
videos/rear-end/Town07_rear-end_wet_23_aug2.mp4,video_annotations/Town07_rear-end_wet_23.json.gz,rear-end,10.3,206,0.5505208333333333,0.5532407407407407,0.5348958333333333,0.4675925925925926,0.5661458333333333,0.6388888888888888,Town07,wet,23,297,14.85,1080,1920,33
videos/rear-end/Town07_rear-end_wet_25_aug2.mp4,video_annotations/Town07_rear-end_wet_25.json.gz,rear-end,9.45,189,0.4067708333333333,0.3134259259259259,0.3442708333333333,0.2351851851851852,0.4692708333333333,0.3916666666666666,Town07,wet,25,296,14.8,1080,1920,46
videos/rear-end/Town07_rear-end_wet_27_aug2.mp4,video_annotations/Town07_rear-end_wet_27.json.gz,rear-end,9.9,198,0.4486979166666666,0.7263888888888889,0.3713541666666666,0.6648148148148149,0.5260416666666666,0.787962962962963,Town07,wet,27,228,11.4,1080,1920,35
videos/rear-end/Town07_rear-end_wet_29_aug2.mp4,video_annotations/Town07_rear-end_wet_29.json.gz,rear-end,9.85,197,0.5341145833333333,0.6083333333333333,0.4635416666666667,0.4675925925925926,0.6046875,0.7490740740740741,Town07,wet,29,308,15.4,1080,1920,44
videos/rear-end/Town07_rear-end_wet_31_aug2.mp4,video_annotations/Town07_rear-end_wet_31.json.gz,rear-end,5.35,107,0.60390625,0.5064814814814815,0.5604166666666667,0.3944444444444444,0.6473958333333333,0.6185185185185185,Town07,wet,31,204,10.2,1080,1920,126
videos/rear-end/Town07_rear-end_wet_34_aug2.mp4,video_annotations/Town07_rear-end_wet_34.json.gz,rear-end,9.55,191,0.615625,0.3962962962962963,0.5526041666666667,0.362962962962963,0.6786458333333333,0.4296296296296296,Town07,wet,34,287,14.35,1080,1920,60
videos/rear-end/Town07_rear-end_wet_36_aug2.mp4,video_annotations/Town07_rear-end_wet_36.json.gz,rear-end,6.45,129,0.6346354166666667,0.7615740740740741,0.5713541666666667,0.687962962962963,0.6979166666666666,0.8351851851851851,Town07,wet,36,223,11.15,1080,1920,109
videos/rear-end/Town07_rear-end_wet_38_aug2.mp4,video_annotations/Town07_rear-end_wet_38.json.gz,rear-end,5.7,114,0.4223958333333333,0.3847222222222222,0.3859375,0.2796296296296296,0.4588541666666667,0.4898148148148148,Town07,wet,38,230,11.5,1080,1920,105
videos/rear-end/Town07_rear-end_wet_40_aug2.mp4,video_annotations/Town07_rear-end_wet_40.json.gz,rear-end,10.95,219,0.3356770833333333,0.4310185185185185,0.2666666666666666,0.3787037037037037,0.4046875,0.4833333333333333,Town07,wet,40,307,15.35,1080,1920,31
videos/rear-end/Town07_rear-end_wet_42_aug2.mp4,video_annotations/Town07_rear-end_wet_42.json.gz,rear-end,4.65,93,0.4072916666666666,0.6759259259259259,0.2916666666666667,0.5796296296296296,0.5229166666666667,0.7722222222222223,Town07,wet,42,192,9.6,1080,1920,136
videos/rear-end/Town07_rear-end_wet_44_aug2.mp4,video_annotations/Town07_rear-end_wet_44.json.gz,rear-end,9.85,197,0.49609375,0.6310185185185185,0.446875,0.5481481481481482,0.5453125,0.7138888888888889,Town07,wet,44,238,11.9,1080,1920,41
videos/rear-end/Town07_rear-end_wet_46_aug2.mp4,video_annotations/Town07_rear-end_wet_46.json.gz,rear-end,8.5,170,0.6020833333333333,0.4212962962962963,0.5572916666666666,0.3481481481481481,0.646875,0.4944444444444444,Town07,wet,46,275,13.75,1080,1920,72
videos/rear-end/Town07_rear-end_wet_48_aug2.mp4,video_annotations/Town07_rear-end_wet_48.json.gz,rear-end,9.55,191,0.4958333333333333,0.6935185185185185,0.4041666666666667,0.6398148148148148,0.5875,0.7472222222222222,Town07,wet,48,303,15.15,1080,1920,49
videos/rear-end/Town07_rear-end_wet_50_aug2.mp4,video_annotations/Town07_rear-end_wet_50.json.gz,rear-end,5.65,113,0.6653645833333334,0.6453703703703704,0.5895833333333333,0.5972222222222222,0.7411458333333333,0.6935185185185185,Town07,wet,50,195,9.75,1080,1920,122
videos/rear-end/Town07_rear-end_wet_53_aug2.mp4,video_annotations/Town07_rear-end_wet_53.json.gz,rear-end,9.8,196,0.57421875,0.5337962962962963,0.5541666666666667,0.4861111111111111,0.5942708333333333,0.5814814814814815,Town07,wet,53,310,15.5,1080,1920,38
videos/rear-end/Town07_rear-end_wet_56_aug2.mp4,video_annotations/Town07_rear-end_wet_56.json.gz,rear-end,6.3,126,0.5416666666666666,0.6675925925925926,0.478125,0.6222222222222222,0.6052083333333333,0.7129629629629629,Town07,wet,56,238,11.9,1080,1920,105
videos/rear-end/Town07_rear-end_wet_58_aug2.mp4,video_annotations/Town07_rear-end_wet_58.json.gz,rear-end,9.55,191,0.340625,0.3675925925925926,0.2625,0.3083333333333333,0.41875,0.4268518518518518,Town07,wet,58,308,15.4,1080,1920,41
videos/sideswipe/Town04_sideswipe_clear_00_aug2.mp4,video_annotations/Town04_sideswipe_clear_00.json.gz,sideswipe,9.25,185,0.5171875,0.0805555555555555,0.4802083333333333,0.0268518518518518,0.5541666666666667,0.1342592592592592,Town04,clear,0,312,15.6,1080,1920,91
videos/sideswipe/Town04_sideswipe_clear_03_aug2.mp4,video_annotations/Town04_sideswipe_clear_03.json.gz,sideswipe,9.8,196,0.3033854166666667,0.1055555555555555,0.2630208333333333,0.0046296296296296,0.34375,0.2064814814814815,Town04,clear,3,329,16.45,1080,1920,87
videos/sideswipe/Town04_sideswipe_clear_07_aug2.mp4,video_annotations/Town04_sideswipe_clear_07.json.gz,sideswipe,11.55,231,0.2619791666666666,0.6037037037037037,0.2072916666666666,0.5222222222222223,0.3166666666666666,0.6851851851851852,Town04,clear,7,441,22.05,1080,1920,35
videos/sideswipe/Town04_sideswipe_clear_09_aug2.mp4,video_annotations/Town04_sideswipe_clear_09.json.gz,sideswipe,10.4,208,0.4794270833333333,0.5333333333333333,0.4369791666666666,0.449074074074074,0.521875,0.6175925925925926,Town04,clear,9,399,19.95,1080,1920,70
videos/sideswipe/Town04_sideswipe_clear_11_aug2.mp4,video_annotations/Town04_sideswipe_clear_11.json.gz,sideswipe,11.8,236,0.6552083333333333,0.5032407407407408,0.6119791666666666,0.425,0.6984375,0.5814814814814815,Town04,clear,11,472,23.6,1080,1920,43
videos/sideswipe/Town04_sideswipe_clear_13_aug2.mp4,video_annotations/Town04_sideswipe_clear_13.json.gz,sideswipe,9.55,191,0.6997395833333333,0.3055555555555556,0.6614583333333334,0.2222222222222222,0.7380208333333333,0.3888888888888889,Town04,clear,13,367,18.35,1080,1920,87
videos/sideswipe/Town04_sideswipe_clear_17_aug2.mp4,video_annotations/Town04_sideswipe_clear_17.json.gz,sideswipe,8.55,171,0.35234375,0.225,0.3229166666666667,0.1657407407407407,0.3817708333333333,0.2842592592592592,Town04,clear,17,368,18.4,1080,1920,107
videos/sideswipe/Town04_sideswipe_clear_21_aug2.mp4,video_annotations/Town04_sideswipe_clear_21.json.gz,sideswipe,6.9,138,0.3166666666666666,0.3833333333333333,0.2619791666666666,0.3287037037037037,0.3713541666666666,0.4379629629629629,Town04,clear,21,306,15.3,1080,1920,138
videos/sideswipe/Town04_sideswipe_clear_23_aug2.mp4,video_annotations/Town04_sideswipe_clear_23.json.gz,sideswipe,6.2,124,0.4111979166666666,0.6574074074074074,0.3328125,0.5518518518518518,0.4895833333333333,0.762962962962963,Town04,clear,23,324,16.2,1080,1920,157
videos/sideswipe/Town04_sideswipe_clear_25_aug2.mp4,video_annotations/Town04_sideswipe_clear_25.json.gz,sideswipe,8.65,173,0.5260416666666666,0.8199074074074074,0.4583333333333333,0.7083333333333334,0.59375,0.9314814814814816,Town04,clear,25,362,18.1,1080,1920,104
videos/sideswipe/Town04_sideswipe_clear_30_aug2.mp4,video_annotations/Town04_sideswipe_clear_30.json.gz,sideswipe,11.15,223,0.4747395833333333,0.3013888888888889,0.4505208333333333,0.2712962962962963,0.4989583333333333,0.3314814814814815,Town04,clear,30,375,18.75,1080,1920,55
videos/sideswipe/Town04_sideswipe_clear_33_aug2.mp4,video_annotations/Town04_sideswipe_clear_33.json.gz,sideswipe,11.85,237,0.4427083333333333,0.5185185185185185,0.4020833333333333,0.4787037037037037,0.4833333333333333,0.5583333333333333,Town04,clear,33,440,22.0,1080,1920,41
videos/sideswipe/Town04_sideswipe_clear_40_aug2.mp4,video_annotations/Town04_sideswipe_clear_40.json.gz,sideswipe,6.35,127,0.6611979166666667,0.5402777777777777,0.6276041666666666,0.5,0.6947916666666667,0.5805555555555556,Town04,clear,40,232,11.6,1080,1920,155
videos/sideswipe/Town04_sideswipe_clear_42_aug2.mp4,video_annotations/Town04_sideswipe_clear_42.json.gz,sideswipe,6.85,137,0.3057291666666666,0.1981481481481481,0.2682291666666667,0.1685185185185185,0.3432291666666666,0.2277777777777777,Town04,clear,42,275,13.75,1080,1920,141
videos/sideswipe/Town04_sideswipe_clear_46_aug2.mp4,video_annotations/Town04_sideswipe_clear_46.json.gz,sideswipe,10.95,219,0.7731770833333333,0.549074074074074,0.7114583333333333,0.5074074074074074,0.8348958333333333,0.5907407407407408,Town04,clear,46,343,17.15,1080,1920,63
videos/sideswipe/Town04_sideswipe_night_04_aug2.mp4,video_annotations/Town04_sideswipe_night_04.json.gz,sideswipe,7.3,146,0.31640625,0.2652777777777778,0.278125,0.1796296296296296,0.3546875,0.3509259259259259,Town04,night,4,324,16.2,1080,1920,131
videos/sideswipe/Town04_sideswipe_night_06_aug2.mp4,video_annotations/Town04_sideswipe_night_06.json.gz,sideswipe,9.4,188,0.2916666666666667,0.3268518518518518,0.221875,0.2527777777777777,0.3614583333333333,0.4009259259259259,Town04,night,6,449,22.45,1080,1920,90
videos/sideswipe/Town04_sideswipe_night_12_aug2.mp4,video_annotations/Town04_sideswipe_night_12.json.gz,sideswipe,11.85,237,0.6841145833333333,0.5115740740740741,0.6395833333333333,0.4435185185185185,0.7286458333333333,0.5796296296296296,Town04,night,12,503,25.15,1080,1920,37
videos/sideswipe/Town04_sideswipe_night_15_aug2.mp4,video_annotations/Town04_sideswipe_night_15.json.gz,sideswipe,7.55,151,0.4559895833333333,0.0819444444444444,0.4208333333333333,0.0379629629629629,0.4911458333333333,0.1259259259259259,Town04,night,15,443,22.15,1080,1920,127
videos/sideswipe/Town04_sideswipe_night_18_aug2.mp4,video_annotations/Town04_sideswipe_night_18.json.gz,sideswipe,9.0,180,0.2875,0.4162037037037037,0.2546875,0.3712962962962963,0.3203125,0.4611111111111111,Town04,night,18,419,20.95,1080,1920,98
videos/sideswipe/Town04_sideswipe_night_20_aug2.mp4,video_annotations/Town04_sideswipe_night_20.json.gz,sideswipe,7.7,154,0.3703125,0.3657407407407407,0.3333333333333333,0.3064814814814814,0.4072916666666666,0.425,Town04,night,20,364,18.2,1080,1920,129
videos/sideswipe/Town04_sideswipe_night_22_aug2.mp4,video_annotations/Town04_sideswipe_night_22.json.gz,sideswipe,10.2,204,0.3791666666666666,0.6763888888888889,0.3354166666666666,0.6018518518518519,0.4229166666666666,0.7509259259259259,Town04,night,22,423,21.15,1080,1920,75
videos/sideswipe/Town04_sideswipe_night_24_aug2.mp4,video_annotations/Town04_sideswipe_night_24.json.gz,sideswipe,5.1,102,0.546875,0.6416666666666667,0.484375,0.5722222222222222,0.609375,0.7111111111111111,Town04,night,24,322,16.1,1080,1920,179
videos/sideswipe/Town04_sideswipe_night_29_aug2.mp4,video_annotations/Town04_sideswipe_night_29.json.gz,sideswipe,10.6,212,0.5544270833333333,0.3726851851851852,0.5041666666666667,0.3324074074074074,0.6046875,0.412962962962963,Town04,night,29,420,21.0,1080,1920,71
videos/sideswipe/Town04_sideswipe_night_33_aug2.mp4,video_annotations/Town04_sideswipe_night_33.json.gz,sideswipe,11.35,227,0.4083333333333333,0.5138888888888888,0.375,0.4805555555555555,0.4416666666666666,0.5472222222222223,Town04,night,33,434,21.7,1080,1920,51
videos/sideswipe/Town04_sideswipe_night_35_aug2.mp4,video_annotations/Town04_sideswipe_night_35.json.gz,sideswipe,11.7,234,0.2861979166666666,0.6314814814814815,0.253125,0.5814814814814815,0.3192708333333333,0.6814814814814815,Town04,night,35,473,23.65,1080,1920,44
videos/sideswipe/Town04_sideswipe_night_40_aug2.mp4,video_annotations/Town04_sideswipe_night_40.json.gz,sideswipe,10.8,216,0.68125,0.5509259259259259,0.6390625,0.5138888888888888,0.7234375,0.5879629629629629,Town04,night,40,446,22.3,1080,1920,62
videos/sideswipe/Town04_sideswipe_night_42_aug2.mp4,video_annotations/Town04_sideswipe_night_42.json.gz,sideswipe,10.5,210,0.3419270833333333,0.1550925925925926,0.3005208333333333,0.1203703703703703,0.3833333333333333,0.1898148148148148,Town04,night,42,272,13.6,1080,1920,68
videos/sideswipe/Town04_sideswipe_night_44_aug2.mp4,video_annotations/Town04_sideswipe_night_44.json.gz,sideswipe,7.9,158,0.53359375,0.6560185185185186,0.4796875,0.5935185185185186,0.5875,0.7185185185185186,Town04,night,44,437,21.85,1080,1920,121
videos/sideswipe/Town04_sideswipe_night_46_aug2.mp4,video_annotations/Town04_sideswipe_night_46.json.gz,sideswipe,8.4,168,0.8174479166666667,0.5768518518518518,0.7760416666666666,0.5194444444444445,0.8588541666666667,0.6342592592592593,Town04,night,46,324,16.2,1080,1920,115
videos/sideswipe/Town04_sideswipe_rain_03_aug2.mp4,video_annotations/Town04_sideswipe_rain_03.json.gz,sideswipe,9.2,184,0.2822916666666666,0.1018518518518518,0.2401041666666666,0.0,0.3244791666666666,0.2037037037037037,Town04,rain,3,383,19.15,1080,1920,99
videos/sideswipe/Town04_sideswipe_rain_06_aug2.mp4,video_annotations/Town04_sideswipe_rain_06.json.gz,sideswipe,11.8,236,0.2755208333333333,0.3472222222222222,0.2140625,0.2657407407407407,0.3369791666666666,0.4287037037037037,Town04,rain,6,387,19.35,1080,1920,40
videos/sideswipe/Town04_sideswipe_rain_14_aug2.mp4,video_annotations/Town04_sideswipe_rain_14.json.gz,sideswipe,8.45,169,0.5692708333333333,0.4148148148148148,0.5411458333333333,0.3675925925925926,0.5973958333333333,0.462037037037037,Town04,rain,14,311,15.55,1080,1920,109
videos/sideswipe/Town04_sideswipe_rain_18_aug2.mp4,video_annotations/Town04_sideswipe_rain_18.json.gz,sideswipe,8.5,170,0.3315104166666666,0.3912037037037037,0.296875,0.3314814814814815,0.3661458333333333,0.4509259259259259,Town04,rain,18,214,10.7,1080,1920,111
videos/sideswipe/Town04_sideswipe_rain_20_aug2.mp4,video_annotations/Town04_sideswipe_rain_20.json.gz,sideswipe,7.15,143,0.3638020833333333,0.3981481481481481,0.3307291666666667,0.3203703703703703,0.396875,0.4759259259259259,Town04,rain,20,296,14.8,1080,1920,138
videos/sideswipe/Town04_sideswipe_rain_22_aug2.mp4,video_annotations/Town04_sideswipe_rain_22.json.gz,sideswipe,11.15,223,0.3890625,0.6972222222222222,0.3458333333333333,0.6240740740740741,0.4322916666666667,0.7703703703703704,Town04,rain,22,400,20.0,1080,1920,54
videos/sideswipe/Town04_sideswipe_rain_24_aug2.mp4,video_annotations/Town04_sideswipe_rain_24.json.gz,sideswipe,11.3,226,0.5497395833333333,0.6754629629629629,0.49375,0.6018518518518519,0.6057291666666667,0.7490740740740741,Town04,rain,24,419,20.95,1080,1920,54
videos/sideswipe/Town04_sideswipe_rain_32_aug2.mp4,video_annotations/Town04_sideswipe_rain_32.json.gz,sideswipe,9.05,181,0.4484375,0.2416666666666666,0.4109375,0.2046296296296296,0.4859375,0.2787037037037037,Town04,rain,32,313,15.65,1080,1920,96
videos/sideswipe/Town04_sideswipe_rain_34_aug2.mp4,video_annotations/Town04_sideswipe_rain_34.json.gz,sideswipe,10.6,212,0.2440104166666666,0.499537037037037,0.2109375,0.4574074074074074,0.2770833333333333,0.5416666666666666,Town04,rain,34,353,17.65,1080,1920,66
videos/sideswipe/Town04_sideswipe_rain_36_aug2.mp4,video_annotations/Town04_sideswipe_rain_36.json.gz,sideswipe,9.0,180,0.3361979166666666,0.361574074074074,0.275,0.3074074074074074,0.3973958333333333,0.4157407407407407,Town04,rain,36,341,17.05,1080,1920,104
videos/sideswipe/Town04_sideswipe_rain_40_aug2.mp4,video_annotations/Town04_sideswipe_rain_40.json.gz,sideswipe,11.4,228,0.6510416666666666,0.5162037037037037,0.6078125,0.4814814814814814,0.6942708333333333,0.5509259259259259,Town04,rain,40,394,19.7,1080,1920,52
videos/sideswipe/Town04_sideswipe_rain_44_aug2.mp4,video_annotations/Town04_sideswipe_rain_44.json.gz,sideswipe,11.25,225,0.5302083333333333,0.6259259259259259,0.475,0.5657407407407408,0.5854166666666667,0.6861111111111111,Town04,rain,44,419,20.95,1080,1920,56
videos/sideswipe/Town04_sideswipe_sunset_00_aug2.mp4,video_annotations/Town04_sideswipe_sunset_00.json.gz,sideswipe,9.0,180,0.5486979166666667,0.0657407407407407,0.5130208333333334,0.0083333333333333,0.584375,0.1231481481481481,Town04,sunset,0,320,16.0,1080,1920,95
videos/sideswipe/Town04_sideswipe_sunset_02_aug2.mp4,video_annotations/Town04_sideswipe_sunset_02.json.gz,sideswipe,10.9,218,0.47578125,0.4092592592592592,0.4380208333333333,0.3518518518518518,0.5135416666666667,0.4666666666666667,Town04,sunset,2,318,15.9,1080,1920,59
videos/sideswipe/Town04_sideswipe_sunset_06_aug2.mp4,video_annotations/Town04_sideswipe_sunset_06.json.gz,sideswipe,9.25,185,0.28359375,0.3578703703703704,0.2307291666666666,0.2537037037037037,0.3364583333333333,0.462037037037037,Town04,sunset,6,400,20.0,1080,1920,94
videos/sideswipe/Town04_sideswipe_sunset_11_aug2.mp4,video_annotations/Town04_sideswipe_sunset_11.json.gz,sideswipe,6.5,130,0.6552083333333333,0.513425925925926,0.6171875,0.4583333333333333,0.6932291666666667,0.5685185185185185,Town04,sunset,11,304,15.2,1080,1920,148
videos/sideswipe/Town04_sideswipe_sunset_13_aug2.mp4,video_annotations/Town04_sideswipe_sunset_13.json.gz,sideswipe,7.8,156,0.6989583333333333,0.3407407407407407,0.6619791666666667,0.2555555555555555,0.7359375,0.4259259259259259,Town04,sunset,13,354,17.7,1080,1920,125
videos/sideswipe/Town04_sideswipe_sunset_15_aug2.mp4,video_annotations/Town04_sideswipe_sunset_15.json.gz,sideswipe,10.15,203,0.4677083333333333,0.05,0.4296875,0.0037037037037037,0.5057291666666667,0.0962962962962963,Town04,sunset,15,358,17.9,1080,1920,73
videos/sideswipe/Town04_sideswipe_sunset_18_aug2.mp4,video_annotations/Town04_sideswipe_sunset_18.json.gz,sideswipe,11.1,222,0.2950520833333333,0.4634259259259259,0.2578125,0.4166666666666667,0.3322916666666666,0.5101851851851852,Town04,sunset,18,359,17.95,1080,1920,56
videos/sideswipe/Town04_sideswipe_sunset_20_aug2.mp4,video_annotations/Town04_sideswipe_sunset_20.json.gz,sideswipe,9.35,187,0.3765625,0.3560185185185185,0.340625,0.2962962962962963,0.4125,0.4157407407407407,Town04,sunset,20,317,15.85,1080,1920,90
videos/sideswipe/Town04_sideswipe_sunset_24_aug2.mp4,video_annotations/Town04_sideswipe_sunset_24.json.gz,sideswipe,12.3,246,0.56328125,0.7050925925925926,0.5151041666666667,0.6222222222222222,0.6114583333333333,0.787962962962963,Town04,sunset,24,364,18.2,1080,1920,33
videos/sideswipe/Town04_sideswipe_sunset_28_aug2.mp4,video_annotations/Town04_sideswipe_sunset_28.json.gz,sideswipe,12.15,243,0.6911458333333333,0.2041666666666666,0.6479166666666667,0.1324074074074074,0.734375,0.2759259259259259,Town04,sunset,28,409,20.45,1080,1920,35
videos/sideswipe/Town04_sideswipe_sunset_30_aug2.mp4,video_annotations/Town04_sideswipe_sunset_30.json.gz,sideswipe,11.4,228,0.4893229166666666,0.2310185185185185,0.4572916666666666,0.199074074074074,0.5213541666666667,0.2629629629629629,Town04,sunset,30,372,18.6,1080,1920,51
videos/sideswipe/Town04_sideswipe_sunset_32_aug2.mp4,video_annotations/Town04_sideswipe_sunset_32.json.gz,sideswipe,9.45,189,0.4591145833333333,0.1939814814814814,0.4317708333333333,0.1555555555555555,0.4864583333333333,0.2324074074074074,Town04,sunset,32,368,18.4,1080,1920,90
videos/sideswipe/Town04_sideswipe_sunset_35_aug2.mp4,video_annotations/Town04_sideswipe_sunset_35.json.gz,sideswipe,9.1,182,0.2973958333333333,0.6444444444444445,0.2567708333333333,0.600925925925926,0.3380208333333333,0.687962962962963,Town04,sunset,35,323,16.15,1080,1920,97
videos/sideswipe/Town04_sideswipe_sunset_40_aug2.mp4,video_annotations/Town04_sideswipe_sunset_40.json.gz,sideswipe,9.5,190,0.6575520833333334,0.5481481481481482,0.6192708333333333,0.5157407407407407,0.6958333333333333,0.5805555555555556,Town04,sunset,40,359,17.95,1080,1920,86
videos/sideswipe/Town04_sideswipe_sunset_42_aug2.mp4,video_annotations/Town04_sideswipe_sunset_42.json.gz,sideswipe,8.05,161,0.3138020833333333,0.1361111111111111,0.2760416666666667,0.1074074074074074,0.3515625,0.1648148148148148,Town04,sunset,42,335,16.75,1080,1920,114
videos/sideswipe/Town04_sideswipe_sunset_46_aug2.mp4,video_annotations/Town04_sideswipe_sunset_46.json.gz,sideswipe,10.0,200,0.8231770833333333,0.499074074074074,0.759375,0.4583333333333333,0.8869791666666667,0.5398148148148149,Town04,sunset,46,282,14.1,1080,1920,76
videos/sideswipe/Town04_sideswipe_wet_01_aug2.mp4,video_annotations/Town04_sideswipe_wet_01.json.gz,sideswipe,12.2,244,0.55234375,0.1657407407407407,0.5166666666666667,0.112037037037037,0.5880208333333333,0.2194444444444444,Town04,wet,1,424,21.2,1080,1920,34
videos/sideswipe/Town04_sideswipe_wet_06_aug2.mp4,video_annotations/Town04_sideswipe_wet_06.json.gz,sideswipe,9.4,188,0.2859375,0.299537037037037,0.228125,0.2074074074074074,0.34375,0.3916666666666666,Town04,wet,6,401,20.05,1080,1920,88
videos/sideswipe/Town04_sideswipe_wet_10_aug2.mp4,video_annotations/Town04_sideswipe_wet_10.json.gz,sideswipe,10.05,201,0.5765625,0.8300925925925926,0.5359375,0.7379629629629629,0.6171875,0.9222222222222224,Town04,wet,10,390,19.5,1080,1920,77
videos/sideswipe/Town04_sideswipe_wet_13_aug2.mp4,video_annotations/Town04_sideswipe_wet_13.json.gz,sideswipe,10.15,203,0.7091145833333333,0.3907407407407407,0.6598958333333333,0.2842592592592592,0.7583333333333333,0.4972222222222222,Town04,wet,13,378,18.9,1080,1920,80
videos/sideswipe/Town04_sideswipe_wet_19_aug2.mp4,video_annotations/Town04_sideswipe_wet_19.json.gz,sideswipe,9.25,185,0.4395833333333333,0.212037037037037,0.4026041666666666,0.1379629629629629,0.4765625,0.2861111111111111,Town04,wet,19,403,20.15,1080,1920,96
videos/sideswipe/Town04_sideswipe_wet_24_aug2.mp4,video_annotations/Town04_sideswipe_wet_24.json.gz,sideswipe,10.1,202,0.5247395833333334,0.6587962962962963,0.4739583333333333,0.5787037037037037,0.5755208333333334,0.7388888888888889,Town04,wet,24,420,21.0,1080,1920,76
videos/sideswipe/Town04_sideswipe_wet_30_aug2.mp4,video_annotations/Town04_sideswipe_wet_30.json.gz,sideswipe,10.9,218,0.5028645833333333,0.3087962962962963,0.4666666666666667,0.2731481481481481,0.5390625,0.3444444444444444,Town04,wet,30,393,19.65,1080,1920,60
videos/sideswipe/Town04_sideswipe_wet_33_aug2.mp4,video_annotations/Town04_sideswipe_wet_33.json.gz,sideswipe,9.35,187,0.4265625,0.5412037037037037,0.3921875,0.5092592592592593,0.4609375,0.5731481481481482,Town04,wet,33,362,18.1,1080,1920,88
videos/sideswipe/Town04_sideswipe_wet_35_aug2.mp4,video_annotations/Town04_sideswipe_wet_35.json.gz,sideswipe,8.2,164,0.2802083333333333,0.7027777777777777,0.2447916666666666,0.6555555555555556,0.315625,0.75,Town04,wet,35,295,14.75,1080,1920,113
videos/sideswipe/Town04_sideswipe_wet_41_aug2.mp4,video_annotations/Town04_sideswipe_wet_41.json.gz,sideswipe,8.65,173,0.2721354166666667,0.1944444444444444,0.2395833333333333,0.1675925925925926,0.3046875,0.2212962962962963,Town04,wet,41,239,11.95,1080,1920,103
videos/sideswipe/Town04_sideswipe_wet_44_aug2.mp4,video_annotations/Town04_sideswipe_wet_44.json.gz,sideswipe,10.75,215,0.5268229166666667,0.6541666666666667,0.4630208333333333,0.5824074074074074,0.590625,0.725925925925926,Town04,wet,44,338,16.9,1080,1920,68
videos/sideswipe/Town04_sideswipe_wet_46_aug2.mp4,video_annotations/Town04_sideswipe_wet_46.json.gz,sideswipe,10.5,210,0.8013020833333333,0.5115740740740741,0.7296875,0.4592592592592592,0.8729166666666667,0.5638888888888889,Town04,wet,46,352,17.6,1080,1920,74
videos/sideswipe/Town05_sideswipe_clear_01_aug2.mp4,video_annotations/Town05_sideswipe_clear_01.json.gz,sideswipe,7.05,141,0.4315104166666667,0.5509259259259259,0.3963541666666667,0.4796296296296296,0.4666666666666667,0.6222222222222222,Town05,clear,1,405,20.25,1080,1920,79
videos/sideswipe/Town05_sideswipe_clear_03_aug2.mp4,video_annotations/Town05_sideswipe_clear_03.json.gz,sideswipe,7.8,156,0.5677083333333334,0.8893518518518518,0.5083333333333333,0.7796296296296297,0.6270833333333333,0.999074074074074,Town05,clear,3,365,18.25,1080,1920,79
videos/sideswipe/Town05_sideswipe_clear_05_aug2.mp4,video_annotations/Town05_sideswipe_clear_05.json.gz,sideswipe,8.9,178,0.5346354166666667,0.4013888888888889,0.4682291666666666,0.3037037037037037,0.6010416666666667,0.499074074074074,Town05,clear,5,433,21.65,1080,1920,62
videos/sideswipe/Town05_sideswipe_clear_08_aug2.mp4,video_annotations/Town05_sideswipe_clear_08.json.gz,sideswipe,9.35,187,0.63671875,0.5087962962962963,0.5822916666666667,0.3851851851851852,0.6911458333333333,0.6324074074074074,Town05,clear,8,394,19.7,1080,1920,36
videos/sideswipe/Town05_sideswipe_clear_11_aug2.mp4,video_annotations/Town05_sideswipe_clear_11.json.gz,sideswipe,9.55,191,0.5908854166666667,0.6726851851851852,0.5520833333333334,0.5962962962962963,0.6296875,0.7490740740740741,Town05,clear,11,419,20.95,1080,1920,34
videos/sideswipe/Town05_sideswipe_clear_14_aug2.mp4,video_annotations/Town05_sideswipe_clear_14.json.gz,sideswipe,7.9,158,0.4083333333333333,0.5175925925925926,0.3510416666666666,0.3962962962962963,0.465625,0.6388888888888888,Town05,clear,14,363,18.15,1080,1920,66
videos/sideswipe/Town05_sideswipe_clear_17_aug2.mp4,video_annotations/Town05_sideswipe_clear_17.json.gz,sideswipe,7.2,144,0.3640625,0.8486111111111111,0.3203125,0.7518518518518519,0.4078125,0.9453703703703704,Town05,clear,17,374,18.7,1080,1920,95
videos/sideswipe/Town05_sideswipe_clear_20_aug2.mp4,video_annotations/Town05_sideswipe_clear_20.json.gz,sideswipe,5.95,119,0.59609375,0.5203703703703704,0.5619791666666667,0.4666666666666667,0.6302083333333334,0.5740740740740741,Town05,clear,20,256,12.8,1080,1920,103
videos/sideswipe/Town05_sideswipe_clear_25_aug2.mp4,video_annotations/Town05_sideswipe_clear_25.json.gz,sideswipe,8.45,169,0.5580729166666667,0.5648148148148148,0.51875,0.4814814814814814,0.5973958333333333,0.6481481481481481,Town05,clear,25,334,16.7,1080,1920,57
videos/sideswipe/Town05_sideswipe_clear_27_aug2.mp4,video_annotations/Town05_sideswipe_clear_27.json.gz,sideswipe,4.65,93,0.48515625,0.5652777777777778,0.4494791666666666,0.5064814814814815,0.5208333333333334,0.6240740740740741,Town05,clear,27,319,15.95,1080,1920,140
videos/sideswipe/Town05_sideswipe_clear_30_aug2.mp4,video_annotations/Town05_sideswipe_clear_30.json.gz,sideswipe,9.95,199,0.4596354166666667,0.500462962962963,0.41875,0.4166666666666667,0.5005208333333333,0.5842592592592593,Town05,clear,30,441,22.05,1080,1920,27
videos/sideswipe/Town05_sideswipe_clear_32_aug2.mp4,video_annotations/Town05_sideswipe_clear_32.json.gz,sideswipe,8.55,171,0.6536458333333334,0.5740740740740741,0.5692708333333333,0.4898148148148148,0.7380208333333333,0.6583333333333333,Town05,clear,32,340,17.0,1080,1920,65
videos/sideswipe/Town05_sideswipe_clear_34_aug2.mp4,video_annotations/Town05_sideswipe_clear_34.json.gz,sideswipe,8.4,168,0.67734375,0.3185185185185185,0.6369791666666667,0.2490740740740741,0.7177083333333333,0.3879629629629629,Town05,clear,34,402,20.1,1080,1920,70
videos/sideswipe/Town05_sideswipe_clear_44_aug2.mp4,video_annotations/Town05_sideswipe_clear_44.json.gz,sideswipe,7.05,141,0.5260416666666666,0.3587962962962963,0.4833333333333333,0.2907407407407407,0.56875,0.4268518518518518,Town05,clear,44,205,10.25,1080,1920,87
videos/sideswipe/Town05_sideswipe_clear_46_aug2.mp4,video_annotations/Town05_sideswipe_clear_46.json.gz,sideswipe,6.65,133,0.5111979166666667,0.7032407407407407,0.4739583333333333,0.6657407407407407,0.5484375,0.7407407407407407,Town05,clear,46,271,13.55,1080,1920,94
videos/sideswipe/Town05_sideswipe_night_03_aug2.mp4,video_annotations/Town05_sideswipe_night_03.json.gz,sideswipe,8.25,165,0.5736979166666667,0.8722222222222222,0.5151041666666667,0.7574074074074074,0.6322916666666667,0.987037037037037,Town05,night,3,382,19.1,1080,1920,70
videos/sideswipe/Town05_sideswipe_night_05_aug2.mp4,video_annotations/Town05_sideswipe_night_05.json.gz,sideswipe,7.15,143,0.5239583333333333,0.4300925925925926,0.4776041666666666,0.3564814814814814,0.5703125,0.5037037037037037,Town05,night,5,388,19.4,1080,1920,92
videos/sideswipe/Town05_sideswipe_night_07_aug2.mp4,video_annotations/Town05_sideswipe_night_07.json.gz,sideswipe,8.9,178,0.5604166666666667,0.6462962962962963,0.528125,0.5564814814814815,0.5927083333333333,0.7361111111111112,Town05,night,7,461,23.05,1080,1920,58
videos/sideswipe/Town05_sideswipe_night_09_aug2.mp4,video_annotations/Town05_sideswipe_night_09.json.gz,sideswipe,6.3,126,0.6447916666666667,0.4787037037037037,0.6052083333333333,0.4138888888888888,0.684375,0.5435185185185185,Town05,night,9,422,21.1,1080,1920,95
videos/sideswipe/Town05_sideswipe_night_12_aug2.mp4,video_annotations/Town05_sideswipe_night_12.json.gz,sideswipe,6.35,127,0.4041666666666667,0.5101851851851852,0.3515625,0.4638888888888889,0.4567708333333333,0.5564814814814815,Town05,night,12,321,16.05,1080,1920,106
videos/sideswipe/Town05_sideswipe_night_16_aug2.mp4,video_annotations/Town05_sideswipe_night_16.json.gz,sideswipe,7.35,147,0.4486979166666666,0.4837962962962963,0.4041666666666667,0.3722222222222222,0.4932291666666666,0.5953703703703703,Town05,night,16,377,18.85,1080,1920,78
videos/sideswipe/Town05_sideswipe_night_25_aug2.mp4,video_annotations/Town05_sideswipe_night_25.json.gz,sideswipe,7.6,152,0.5364583333333334,0.5166666666666667,0.5052083333333334,0.4638888888888889,0.5677083333333334,0.5694444444444444,Town05,night,25,483,24.15,1080,1920,75
videos/sideswipe/Town05_sideswipe_night_29_aug2.mp4,video_annotations/Town05_sideswipe_night_29.json.gz,sideswipe,7.85,157,0.4049479166666667,0.5680555555555555,0.3651041666666667,0.5157407407407407,0.4447916666666666,0.6203703703703703,Town05,night,29,397,19.85,1080,1920,82
videos/sideswipe/Town05_sideswipe_night_31_aug2.mp4,video_annotations/Town05_sideswipe_night_31.json.gz,sideswipe,5.8,116,0.5205729166666667,0.725,0.4640625,0.662962962962963,0.5770833333333333,0.7870370370370371,Town05,night,31,514,25.7,1080,1920,120
videos/sideswipe/Town05_sideswipe_night_33_aug2.mp4,video_annotations/Town05_sideswipe_night_33.json.gz,sideswipe,7.25,145,0.465625,0.6444444444444445,0.4036458333333333,0.5425925925925926,0.5276041666666667,0.7462962962962963,Town05,night,33,419,20.95,1080,1920,79
videos/sideswipe/Town05_sideswipe_rain_09_aug2.mp4,video_annotations/Town05_sideswipe_rain_09.json.gz,sideswipe,3.65,73,0.6518229166666667,0.4893518518518518,0.6125,0.4194444444444444,0.6911458333333333,0.5592592592592592,Town05,rain,9,202,10.1,1080,1920,149
videos/sideswipe/Town05_sideswipe_rain_23_aug2.mp4,video_annotations/Town05_sideswipe_rain_23.json.gz,sideswipe,8.85,177,0.5739583333333333,0.4962962962962963,0.5380208333333333,0.424074074074074,0.6098958333333333,0.5685185185185185,Town05,rain,23,304,15.2,1080,1920,51
videos/sideswipe/Town05_sideswipe_rain_35_aug2.mp4,video_annotations/Town05_sideswipe_rain_35.json.gz,sideswipe,9.95,199,0.6427083333333333,0.5564814814814815,0.6078125,0.5055555555555555,0.6776041666666667,0.6074074074074074,Town05,rain,35,358,17.9,1080,1920,28
videos/sideswipe/Town05_sideswipe_rain_39_aug2.mp4,video_annotations/Town05_sideswipe_rain_39.json.gz,sideswipe,8.6,172,0.36875,0.3888888888888889,0.3390625,0.3138888888888889,0.3984375,0.4638888888888889,Town05,rain,39,323,16.15,1080,1920,61
videos/sideswipe/Town05_sideswipe_rain_41_aug2.mp4,video_annotations/Town05_sideswipe_rain_41.json.gz,sideswipe,10.45,209,0.5674479166666667,0.6537037037037037,0.5125,0.625,0.6223958333333334,0.6824074074074075,Town05,rain,41,349,17.45,1080,1920,26
videos/sideswipe/Town05_sideswipe_rain_43_aug2.mp4,video_annotations/Town05_sideswipe_rain_43.json.gz,sideswipe,8.75,175,0.6229166666666667,0.4412037037037037,0.5760416666666667,0.4027777777777778,0.6697916666666667,0.4796296296296296,Town05,rain,43,277,13.85,1080,1920,54
videos/sideswipe/Town05_sideswipe_rain_45_aug2.mp4,video_annotations/Town05_sideswipe_rain_45.json.gz,sideswipe,8.0,160,0.6234375,0.5643518518518519,0.5880208333333333,0.5203703703703704,0.6588541666666666,0.6083333333333333,Town05,rain,45,371,18.55,1080,1920,65
videos/sideswipe/Town05_sideswipe_sunset_00_aug2.mp4,video_annotations/Town05_sideswipe_sunset_00.json.gz,sideswipe,8.4,168,0.4802083333333333,0.6958333333333333,0.4390625,0.6203703703703703,0.5213541666666667,0.7712962962962963,Town05,sunset,0,337,16.85,1080,1920,57
videos/sideswipe/Town05_sideswipe_sunset_02_aug2.mp4,video_annotations/Town05_sideswipe_sunset_02.json.gz,sideswipe,10.15,203,0.4963541666666666,0.5023148148148148,0.4317708333333333,0.3768518518518518,0.5609375,0.6277777777777778,Town05,sunset,2,410,20.5,1080,1920,25
videos/sideswipe/Town05_sideswipe_sunset_05_aug2.mp4,video_annotations/Town05_sideswipe_sunset_05.json.gz,sideswipe,4.8,96,0.4984375,0.4564814814814815,0.4552083333333333,0.3768518518518518,0.5416666666666666,0.5361111111111111,Town05,sunset,5,402,20.1,1080,1920,131
videos/sideswipe/Town05_sideswipe_sunset_09_aug2.mp4,video_annotations/Town05_sideswipe_sunset_09.json.gz,sideswipe,7.15,143,0.6333333333333333,0.4430555555555555,0.5927083333333333,0.3638888888888889,0.6739583333333333,0.5222222222222223,Town05,sunset,9,425,21.25,1080,1920,84
videos/sideswipe/Town05_sideswipe_sunset_11_aug2.mp4,video_annotations/Town05_sideswipe_sunset_11.json.gz,sideswipe,6.9,138,0.5989583333333334,0.6685185185185185,0.5609375,0.600925925925926,0.6369791666666667,0.7361111111111112,Town05,sunset,11,405,20.25,1080,1920,87
videos/sideswipe/Town05_sideswipe_sunset_15_aug2.mp4,video_annotations/Town05_sideswipe_sunset_15.json.gz,sideswipe,8.7,174,0.446875,0.3532407407407407,0.396875,0.275,0.496875,0.4314814814814814,Town05,sunset,15,468,23.4,1080,1920,55
videos/sideswipe/Town05_sideswipe_sunset_17_aug2.mp4,video_annotations/Town05_sideswipe_sunset_17.json.gz,sideswipe,7.2,144,0.38359375,0.837037037037037,0.3401041666666666,0.7638888888888888,0.4270833333333333,0.9101851851851852,Town05,sunset,17,402,20.1,1080,1920,81
videos/sideswipe/Town05_sideswipe_sunset_20_aug2.mp4,video_annotations/Town05_sideswipe_sunset_20.json.gz,sideswipe,8.6,172,0.6356770833333333,0.4791666666666667,0.5713541666666667,0.4157407407407407,0.7,0.5425925925925926,Town05,sunset,20,452,22.6,1080,1920,64
videos/sideswipe/Town05_sideswipe_sunset_22_aug2.mp4,video_annotations/Town05_sideswipe_sunset_22.json.gz,sideswipe,6.35,127,0.6015625,0.412037037037037,0.565625,0.3444444444444444,0.6375,0.4796296296296296,Town05,sunset,22,330,16.5,1080,1920,96
videos/sideswipe/Town05_sideswipe_sunset_26_aug2.mp4,video_annotations/Town05_sideswipe_sunset_26.json.gz,sideswipe,5.6,112,0.5809895833333333,0.1884259259259259,0.5229166666666667,0.0787037037037037,0.6390625,0.2981481481481481,Town05,sunset,26,336,16.8,1080,1920,124
videos/sideswipe/Town05_sideswipe_sunset_30_aug2.mp4,video_annotations/Town05_sideswipe_sunset_30.json.gz,sideswipe,5.3,106,0.45,0.5435185185185185,0.4088541666666667,0.4583333333333333,0.4911458333333333,0.6287037037037037,Town05,sunset,30,237,11.85,1080,1920,119
videos/sideswipe/Town05_sideswipe_sunset_32_aug2.mp4,video_annotations/Town05_sideswipe_sunset_32.json.gz,sideswipe,9.65,193,0.6549479166666666,0.6143518518518518,0.5973958333333333,0.5518518518518518,0.7125,0.6768518518518518,Town05,sunset,32,389,19.45,1080,1920,34
videos/sideswipe/Town05_sideswipe_sunset_34_aug2.mp4,video_annotations/Town05_sideswipe_sunset_34.json.gz,sideswipe,6.25,125,0.6609375,0.2925925925925925,0.6067708333333334,0.1972222222222222,0.7151041666666667,0.3879629629629629,Town05,sunset,34,261,13.05,1080,1920,98
videos/sideswipe/Town05_sideswipe_sunset_36_aug2.mp4,video_annotations/Town05_sideswipe_sunset_36.json.gz,sideswipe,8.35,167,0.6122395833333333,0.625462962962963,0.5776041666666667,0.575925925925926,0.646875,0.675,Town05,sunset,36,272,13.6,1080,1920,66
videos/sideswipe/Town05_sideswipe_sunset_40_aug2.mp4,video_annotations/Town05_sideswipe_sunset_40.json.gz,sideswipe,9.6,192,0.6322916666666667,0.737037037037037,0.5770833333333333,0.6907407407407408,0.6875,0.7833333333333333,Town05,sunset,40,481,24.05,1080,1920,30
videos/sideswipe/Town05_sideswipe_sunset_43_aug2.mp4,video_annotations/Town05_sideswipe_sunset_43.json.gz,sideswipe,7.65,153,0.6018229166666667,0.4282407407407407,0.5651041666666666,0.3898148148148148,0.6385416666666667,0.4666666666666667,Town05,sunset,43,302,15.1,1080,1920,70
videos/sideswipe/Town05_sideswipe_sunset_45_aug2.mp4,video_annotations/Town05_sideswipe_sunset_45.json.gz,sideswipe,7.9,158,0.6359375,0.5194444444444445,0.5984375,0.4796296296296296,0.6734375,0.5592592592592592,Town05,sunset,45,339,16.95,1080,1920,67
videos/sideswipe/Town05_sideswipe_wet_14_aug2.mp4,video_annotations/Town05_sideswipe_wet_14.json.gz,sideswipe,7.4,148,0.4106770833333333,0.5365740740740741,0.3744791666666666,0.4592592592592592,0.446875,0.6138888888888889,Town05,wet,14,388,19.4,1080,1920,95
videos/sideswipe/Town05_sideswipe_wet_41_aug2.mp4,video_annotations/Town05_sideswipe_wet_41.json.gz,sideswipe,7.1,142,0.5684895833333333,0.6421296296296296,0.5395833333333333,0.6046296296296296,0.5973958333333333,0.6796296296296296,Town05,wet,41,273,13.65,1080,1920,82
videos/sideswipe/Town05_sideswipe_wet_43_aug2.mp4,video_annotations/Town05_sideswipe_wet_43.json.gz,sideswipe,7.45,149,0.596875,0.4453703703703703,0.553125,0.412037037037037,0.640625,0.4787037037037037,Town05,wet,43,291,14.55,1080,1920,74
videos/sideswipe/Town05_sideswipe_wet_47_aug2.mp4,video_annotations/Town05_sideswipe_wet_47.json.gz,sideswipe,5.9,118,0.59921875,0.3421296296296296,0.5578125,0.312037037037037,0.640625,0.3722222222222222,Town05,wet,47,300,15.0,1080,1920,107
videos/sideswipe/Town06_sideswipe_clear_00_aug2.mp4,video_annotations/Town06_sideswipe_clear_00.json.gz,sideswipe,15.7,314,0.3484375,0.3087962962962963,0.3286458333333333,0.2675925925925926,0.3682291666666666,0.35,Town06,clear,0,385,19.25,1080,1920,60
videos/sideswipe/Town06_sideswipe_clear_02_aug2.mp4,video_annotations/Town06_sideswipe_clear_02.json.gz,sideswipe,4.0,80,0.4403645833333333,0.5351851851851852,0.4177083333333333,0.4833333333333333,0.4630208333333333,0.587037037037037,Town06,clear,2,126,6.3,1080,1920,296
videos/sideswipe/Town06_sideswipe_clear_04_aug2.mp4,video_annotations/Town06_sideswipe_clear_04.json.gz,sideswipe,9.75,195,0.3463541666666667,0.7393518518518518,0.290625,0.6611111111111111,0.4020833333333333,0.8175925925925925,Town06,clear,4,279,13.95,1080,1920,171
videos/sideswipe/Town06_sideswipe_clear_09_aug2.mp4,video_annotations/Town06_sideswipe_clear_09.json.gz,sideswipe,12.95,259,0.6359375,0.5467592592592593,0.6109375,0.4944444444444444,0.6609375,0.5990740740740741,Town06,clear,9,345,17.25,1080,1920,106
videos/sideswipe/Town06_sideswipe_clear_13_aug2.mp4,video_annotations/Town06_sideswipe_clear_13.json.gz,sideswipe,12.25,245,0.52890625,0.4615740740740741,0.5072916666666667,0.4231481481481481,0.5505208333333333,0.5,Town06,clear,13,308,15.4,1080,1920,136
videos/sideswipe/Town06_sideswipe_clear_15_aug2.mp4,video_annotations/Town06_sideswipe_clear_15.json.gz,sideswipe,13.35,267,0.3369791666666666,0.3907407407407407,0.3140625,0.3490740740740741,0.3598958333333333,0.4324074074074074,Town06,clear,15,327,16.35,1080,1920,106
videos/sideswipe/Town06_sideswipe_clear_19_aug2.mp4,video_annotations/Town06_sideswipe_clear_19.json.gz,sideswipe,10.1,202,0.3315104166666666,0.5435185185185185,0.2817708333333333,0.5018518518518519,0.38125,0.5851851851851851,Town06,clear,19,281,14.05,1080,1920,175
videos/sideswipe/Town06_sideswipe_clear_22_aug2.mp4,video_annotations/Town06_sideswipe_clear_22.json.gz,sideswipe,9.85,197,0.6229166666666667,0.7601851851851852,0.590625,0.6712962962962963,0.6552083333333333,0.8490740740740741,Town06,clear,22,265,13.25,1080,1920,178
videos/sideswipe/Town06_sideswipe_clear_25_aug2.mp4,video_annotations/Town06_sideswipe_clear_25.json.gz,sideswipe,13.45,269,0.6846354166666667,0.6578703703703703,0.6364583333333333,0.5879629629629629,0.7328125,0.7277777777777777,Town06,clear,25,347,17.35,1080,1920,119
videos/sideswipe/Town06_sideswipe_clear_30_aug2.mp4,video_annotations/Town06_sideswipe_clear_30.json.gz,sideswipe,15.15,303,0.540625,0.3282407407407407,0.5192708333333333,0.3037037037037037,0.5619791666666667,0.3527777777777778,Town06,clear,30,357,17.85,1080,1920,69
videos/sideswipe/Town06_sideswipe_clear_32_aug2.mp4,video_annotations/Town06_sideswipe_clear_32.json.gz,sideswipe,11.4,228,0.2924479166666666,0.6319444444444444,0.2729166666666666,0.5962962962962963,0.3119791666666666,0.6675925925925926,Town06,clear,32,288,14.4,1080,1920,145
videos/sideswipe/Town06_sideswipe_clear_34_aug2.mp4,video_annotations/Town06_sideswipe_clear_34.json.gz,sideswipe,12.5,250,0.43671875,0.7703703703703704,0.4010416666666667,0.7240740740740741,0.4723958333333333,0.8166666666666667,Town06,clear,34,311,15.55,1080,1920,122
videos/sideswipe/Town06_sideswipe_clear_36_aug2.mp4,video_annotations/Town06_sideswipe_clear_36.json.gz,sideswipe,15.8,316,0.3877604166666666,0.4578703703703703,0.3463541666666667,0.4111111111111111,0.4291666666666666,0.5046296296296297,Town06,clear,36,368,18.4,1080,1920,74
videos/sideswipe/Town06_sideswipe_clear_38_aug2.mp4,video_annotations/Town06_sideswipe_clear_38.json.gz,sideswipe,10.25,205,0.6697916666666667,0.7583333333333333,0.646875,0.6796296296296296,0.6927083333333334,0.837037037037037,Town06,clear,38,272,13.6,1080,1920,176
videos/sideswipe/Town06_sideswipe_clear_41_aug2.mp4,video_annotations/Town06_sideswipe_clear_41.json.gz,sideswipe,10.85,217,0.6018229166666667,0.3236111111111111,0.5760416666666667,0.3037037037037037,0.6276041666666666,0.3435185185185185,Town06,clear,41,271,13.55,1080,1920,159
videos/sideswipe/Town06_sideswipe_clear_44_aug2.mp4,video_annotations/Town06_sideswipe_clear_44.json.gz,sideswipe,8.35,167,0.3361979166666666,0.1643518518518518,0.3171875,0.1435185185185185,0.3552083333333333,0.1851851851851851,Town06,clear,44,238,11.9,1080,1920,201
videos/sideswipe/Town06_sideswipe_clear_46_aug2.mp4,video_annotations/Town06_sideswipe_clear_46.json.gz,sideswipe,16.15,323,0.3919270833333333,0.6458333333333334,0.3338541666666667,0.6,0.45,0.6916666666666667,Town06,clear,46,376,18.8,1080,1920,50
videos/sideswipe/Town06_sideswipe_night_02_aug2.mp4,video_annotations/Town06_sideswipe_night_02.json.gz,sideswipe,15.6,312,0.4169270833333333,0.5847222222222223,0.3984375,0.5333333333333333,0.4354166666666667,0.6361111111111111,Town06,night,2,517,25.85,1080,1920,64
videos/sideswipe/Town06_sideswipe_night_04_aug2.mp4,video_annotations/Town06_sideswipe_night_04.json.gz,sideswipe,16.25,325,0.3171875,0.7097222222222223,0.2744791666666666,0.6555555555555556,0.3598958333333333,0.7638888888888888,Town06,night,4,540,27.0,1080,1920,58
videos/sideswipe/Town06_sideswipe_night_08_aug2.mp4,video_annotations/Town06_sideswipe_night_08.json.gz,sideswipe,10.0,200,0.5856770833333333,0.5101851851851852,0.5651041666666666,0.4472222222222222,0.60625,0.5731481481481482,Town06,night,8,324,16.2,1080,1920,175
videos/sideswipe/Town06_sideswipe_night_10_aug2.mp4,video_annotations/Town06_sideswipe_night_10.json.gz,sideswipe,8.2,164,0.6604166666666667,0.6111111111111112,0.6192708333333333,0.5666666666666667,0.7015625,0.6555555555555556,Town06,night,10,403,20.15,1080,1920,207
videos/sideswipe/Town06_sideswipe_night_12_aug2.mp4,video_annotations/Town06_sideswipe_night_12.json.gz,sideswipe,16.8,336,0.5200520833333333,0.0856481481481481,0.4973958333333333,0.0333333333333333,0.5427083333333333,0.1379629629629629,Town06,night,12,529,26.45,1080,1920,50
videos/sideswipe/Town06_sideswipe_night_15_aug2.mp4,video_annotations/Town06_sideswipe_night_15.json.gz,sideswipe,14.6,292,0.3403645833333333,0.3828703703703703,0.31875,0.3537037037037037,0.3619791666666667,0.412037037037037,Town06,night,15,499,24.95,1080,1920,81
videos/sideswipe/Town06_sideswipe_night_18_aug2.mp4,video_annotations/Town06_sideswipe_night_18.json.gz,sideswipe,9.25,185,0.4138020833333333,0.2796296296296296,0.3848958333333333,0.2194444444444444,0.4427083333333333,0.3398148148148148,Town06,night,18,378,18.9,1080,1920,196
videos/sideswipe/Town06_sideswipe_night_21_aug2.mp4,video_annotations/Town06_sideswipe_night_21.json.gz,sideswipe,13.7,274,0.5247395833333334,0.6912037037037037,0.4828125,0.6509259259259259,0.5666666666666667,0.7314814814814815,Town06,night,21,384,19.2,1080,1920,100
videos/sideswipe/Town06_sideswipe_night_23_aug2.mp4,video_annotations/Town06_sideswipe_night_23.json.gz,sideswipe,14.25,285,0.58984375,0.6097222222222223,0.56875,0.5398148148148149,0.6109375,0.6796296296296296,Town06,night,23,344,17.2,1080,1920,87
videos/sideswipe/Town06_sideswipe_night_27_aug2.mp4,video_annotations/Town06_sideswipe_night_27.json.gz,sideswipe,13.8,276,0.7078125,0.2106481481481481,0.675,0.1768518518518518,0.740625,0.2444444444444444,Town06,night,27,445,22.25,1080,1920,91
videos/sideswipe/Town06_sideswipe_night_29_aug2.mp4,video_annotations/Town06_sideswipe_night_29.json.gz,sideswipe,13.2,264,0.4385416666666666,0.1273148148148148,0.4114583333333333,0.0925925925925925,0.465625,0.162037037037037,Town06,night,29,383,19.15,1080,1920,112
videos/sideswipe/Town06_sideswipe_night_31_aug2.mp4,video_annotations/Town06_sideswipe_night_31.json.gz,sideswipe,15.45,309,0.5083333333333333,0.1972222222222222,0.4901041666666667,0.1712962962962963,0.5265625,0.2231481481481481,Town06,night,31,473,23.65,1080,1920,60
videos/sideswipe/Town06_sideswipe_night_34_aug2.mp4,video_annotations/Town06_sideswipe_night_34.json.gz,sideswipe,15.3,306,0.4518229166666667,0.7287037037037037,0.4145833333333333,0.6916666666666667,0.4890625,0.7657407407407407,Town06,night,34,437,21.85,1080,1920,70
videos/sideswipe/Town06_sideswipe_night_37_aug2.mp4,video_annotations/Town06_sideswipe_night_37.json.gz,sideswipe,13.55,271,0.4549479166666667,0.4810185185185185,0.4286458333333333,0.4388888888888889,0.48125,0.5231481481481481,Town06,night,37,436,21.8,1080,1920,104
videos/sideswipe/Town06_sideswipe_night_44_aug2.mp4,video_annotations/Town06_sideswipe_night_44.json.gz,sideswipe,12.5,250,0.2979166666666666,0.2208333333333333,0.2755208333333333,0.2,0.3203125,0.2416666666666666,Town06,night,44,367,18.35,1080,1920,128
videos/sideswipe/Town06_sideswipe_night_46_aug2.mp4,video_annotations/Town06_sideswipe_night_46.json.gz,sideswipe,11.65,233,0.4028645833333333,0.649537037037037,0.3427083333333333,0.5925925925925926,0.4630208333333333,0.7064814814814815,Town06,night,46,332,16.6,1080,1920,147
videos/sideswipe/Town06_sideswipe_rain_01_aug2.mp4,video_annotations/Town06_sideswipe_rain_01.json.gz,sideswipe,14.75,295,0.3052083333333333,0.2388888888888889,0.2802083333333333,0.1981481481481481,0.3302083333333333,0.2796296296296296,Town06,rain,1,362,18.1,1080,1920,72
videos/sideswipe/Town06_sideswipe_rain_05_aug2.mp4,video_annotations/Town06_sideswipe_rain_05.json.gz,sideswipe,13.5,270,0.3921875,0.5287037037037037,0.3598958333333333,0.4648148148148148,0.4244791666666667,0.5925925925925926,Town06,rain,5,340,17.0,1080,1920,102
videos/sideswipe/Town06_sideswipe_rain_09_aug2.mp4,video_annotations/Town06_sideswipe_rain_09.json.gz,sideswipe,12.15,243,0.6463541666666667,0.5421296296296296,0.6135416666666667,0.4583333333333333,0.6791666666666667,0.6259259259259259,Town06,rain,9,308,15.4,1080,1920,144
videos/sideswipe/Town06_sideswipe_rain_12_aug2.mp4,video_annotations/Town06_sideswipe_rain_12.json.gz,sideswipe,14.05,281,0.4799479166666666,0.1069444444444444,0.4447916666666666,0.0435185185185185,0.5151041666666667,0.1703703703703703,Town06,rain,12,332,16.6,1080,1920,91
videos/sideswipe/Town06_sideswipe_rain_15_aug2.mp4,video_annotations/Town06_sideswipe_rain_15.json.gz,sideswipe,10.8,216,0.3276041666666666,0.4111111111111111,0.3109375,0.3712962962962963,0.3442708333333333,0.4509259259259259,Town06,rain,15,276,13.8,1080,1920,167
videos/sideswipe/Town06_sideswipe_rain_17_aug2.mp4,video_annotations/Town06_sideswipe_rain_17.json.gz,sideswipe,14.05,281,0.3140625,0.4814814814814814,0.2828125,0.437037037037037,0.3453125,0.5259259259259259,Town06,rain,17,328,16.4,1080,1920,90
videos/sideswipe/Town06_sideswipe_rain_20_aug2.mp4,video_annotations/Town06_sideswipe_rain_20.json.gz,sideswipe,14.65,293,0.4486979166666666,0.6236111111111111,0.3822916666666666,0.575,0.5151041666666667,0.6722222222222223,Town06,rain,20,349,17.45,1080,1920,94
videos/sideswipe/Town06_sideswipe_rain_22_aug2.mp4,video_annotations/Town06_sideswipe_rain_22.json.gz,sideswipe,10.0,200,0.6213541666666667,0.7481481481481481,0.5854166666666667,0.6694444444444444,0.6572916666666667,0.8268518518518518,Town06,rain,22,282,14.1,1080,1920,166
videos/sideswipe/Town06_sideswipe_rain_26_aug2.mp4,video_annotations/Town06_sideswipe_rain_26.json.gz,sideswipe,12.0,240,0.7065104166666667,0.6189814814814815,0.6828125,0.5824074074074074,0.7302083333333333,0.6555555555555556,Town06,rain,26,319,15.95,1080,1920,133
videos/sideswipe/Town06_sideswipe_rain_30_aug2.mp4,video_annotations/Town06_sideswipe_rain_30.json.gz,sideswipe,9.7,194,0.5166666666666667,0.3305555555555555,0.4973958333333333,0.3064814814814814,0.5359375,0.3546296296296296,Town06,rain,30,266,13.3,1080,1920,179
videos/sideswipe/Town06_sideswipe_rain_38_aug2.mp4,video_annotations/Town06_sideswipe_rain_38.json.gz,sideswipe,12.25,245,0.6356770833333333,0.774537037037037,0.6109375,0.7194444444444444,0.6604166666666667,0.8296296296296296,Town06,rain,38,283,14.15,1080,1920,145
videos/sideswipe/Town06_sideswipe_rain_40_aug2.mp4,video_annotations/Town06_sideswipe_rain_40.json.gz,sideswipe,12.75,255,0.7325520833333333,0.5699074074074074,0.7020833333333333,0.5370370370370371,0.7630208333333334,0.6027777777777777,Town06,rain,40,308,15.4,1080,1920,117
videos/sideswipe/Town06_sideswipe_rain_43_aug2.mp4,video_annotations/Town06_sideswipe_rain_43.json.gz,sideswipe,7.25,145,0.5200520833333333,0.3884259259259259,0.496875,0.3685185185185185,0.5432291666666667,0.4083333333333333,Town06,rain,43,196,9.8,1080,1920,228
videos/sideswipe/Town06_sideswipe_sunset_01_aug2.mp4,video_annotations/Town06_sideswipe_sunset_01.json.gz,sideswipe,7.55,151,0.303125,0.2555555555555555,0.2791666666666667,0.2074074074074074,0.3270833333333333,0.3037037037037037,Town06,sunset,1,220,11.0,1080,1920,221
videos/sideswipe/Town06_sideswipe_sunset_03_aug2.mp4,video_annotations/Town06_sideswipe_sunset_03.json.gz,sideswipe,10.2,204,0.3627604166666666,0.4041666666666667,0.3328125,0.3537037037037037,0.3927083333333333,0.4546296296296296,Town06,sunset,3,271,13.55,1080,1920,169
videos/sideswipe/Town06_sideswipe_sunset_05_aug2.mp4,video_annotations/Town06_sideswipe_sunset_05.json.gz,sideswipe,13.95,279,0.3955729166666666,0.5509259259259259,0.3661458333333333,0.4851851851851851,0.425,0.6166666666666667,Town06,sunset,5,355,17.75,1080,1920,90
videos/sideswipe/Town06_sideswipe_sunset_07_aug2.mp4,video_annotations/Town06_sideswipe_sunset_07.json.gz,sideswipe,7.9,158,0.5453125,0.9444444444444444,0.5119791666666667,0.8898148148148148,0.5786458333333333,0.999074074074074,Town06,sunset,7,198,9.9,1080,1920,216
videos/sideswipe/Town06_sideswipe_sunset_10_aug2.mp4,video_annotations/Town06_sideswipe_sunset_10.json.gz,sideswipe,10.6,212,0.6966145833333334,0.65,0.6583333333333333,0.5824074074074074,0.7348958333333333,0.7175925925925926,Town06,sunset,10,259,12.95,1080,1920,179
videos/sideswipe/Town06_sideswipe_sunset_13_aug2.mp4,video_annotations/Town06_sideswipe_sunset_13.json.gz,sideswipe,10.4,208,0.5403645833333334,0.4875,0.5135416666666667,0.4555555555555555,0.5671875,0.5194444444444445,Town06,sunset,13,247,12.35,1080,1920,166
videos/sideswipe/Town06_sideswipe_sunset_17_aug2.mp4,video_annotations/Town06_sideswipe_sunset_17.json.gz,sideswipe,10.9,218,0.2859375,0.4546296296296296,0.2489583333333333,0.4175925925925925,0.3229166666666667,0.4916666666666666,Town06,sunset,17,292,14.6,1080,1920,154
videos/sideswipe/Town06_sideswipe_sunset_19_aug2.mp4,video_annotations/Town06_sideswipe_sunset_19.json.gz,sideswipe,12.35,247,0.39375,0.4986111111111111,0.3458333333333333,0.4324074074074074,0.4416666666666666,0.5648148148148148,Town06,sunset,19,333,16.65,1080,1920,123
videos/sideswipe/Town06_sideswipe_sunset_21_aug2.mp4,video_annotations/Town06_sideswipe_sunset_21.json.gz,sideswipe,13.5,270,0.528125,0.6666666666666666,0.49375,0.6055555555555555,0.5625,0.7277777777777777,Town06,sunset,21,321,16.05,1080,1920,114
videos/sideswipe/Town06_sideswipe_sunset_23_aug2.mp4,video_annotations/Town06_sideswipe_sunset_23.json.gz,sideswipe,13.65,273,0.6091145833333333,0.6259259259259259,0.5802083333333333,0.5657407407407408,0.6380208333333334,0.6861111111111111,Town06,sunset,23,329,16.45,1080,1920,108
videos/sideswipe/Town06_sideswipe_sunset_27_aug2.mp4,video_annotations/Town06_sideswipe_sunset_27.json.gz,sideswipe,13.3,266,0.6903645833333333,0.2712962962962963,0.6598958333333333,0.2388888888888889,0.7208333333333333,0.3037037037037037,Town06,sunset,27,338,16.9,1080,1920,101
videos/sideswipe/Town06_sideswipe_sunset_30_aug2.mp4,video_annotations/Town06_sideswipe_sunset_30.json.gz,sideswipe,15.2,304,0.5403645833333334,0.3199074074074074,0.5260416666666666,0.2888888888888888,0.5546875,0.3509259259259259,Town06,sunset,30,357,17.85,1080,1920,80
videos/sideswipe/Town06_sideswipe_sunset_32_aug2.mp4,video_annotations/Town06_sideswipe_sunset_32.json.gz,sideswipe,17.65,353,0.30546875,0.6347222222222222,0.2744791666666666,0.5833333333333334,0.3364583333333333,0.6861111111111111,Town06,sunset,32,397,19.85,1080,1920,34
videos/sideswipe/Town06_sideswipe_sunset_34_aug2.mp4,video_annotations/Town06_sideswipe_sunset_34.json.gz,sideswipe,12.7,254,0.42109375,0.7444444444444445,0.378125,0.7064814814814815,0.4640625,0.7824074074074074,Town06,sunset,34,319,15.95,1080,1920,122
videos/sideswipe/Town06_sideswipe_sunset_37_aug2.mp4,video_annotations/Town06_sideswipe_sunset_37.json.gz,sideswipe,15.1,302,0.4359375,0.5722222222222222,0.409375,0.5111111111111111,0.4625,0.6333333333333333,Town06,sunset,37,354,17.7,1080,1920,71
videos/sideswipe/Town06_sideswipe_sunset_39_aug2.mp4,video_annotations/Town06_sideswipe_sunset_39.json.gz,sideswipe,11.35,227,0.51328125,0.625462962962963,0.4822916666666667,0.5935185185185186,0.5442708333333334,0.6574074074074074,Town06,sunset,39,290,14.5,1080,1920,147
videos/sideswipe/Town06_sideswipe_sunset_42_aug2.mp4,video_annotations/Town06_sideswipe_sunset_42.json.gz,sideswipe,13.65,273,0.603125,0.1444444444444444,0.571875,0.1231481481481481,0.634375,0.1657407407407407,Town06,sunset,42,324,16.2,1080,1920,99
videos/sideswipe/Town06_sideswipe_sunset_44_aug2.mp4,video_annotations/Town06_sideswipe_sunset_44.json.gz,sideswipe,12.1,242,0.3072916666666667,0.2291666666666666,0.2916666666666667,0.2092592592592592,0.3229166666666667,0.2490740740740741,Town06,sunset,44,300,15.0,1080,1920,140
videos/sideswipe/Town06_sideswipe_sunset_47_aug2.mp4,video_annotations/Town06_sideswipe_sunset_47.json.gz,sideswipe,9.7,194,0.5940104166666667,0.3726851851851852,0.5625,0.3416666666666667,0.6255208333333333,0.4037037037037037,Town06,sunset,47,261,13.05,1080,1920,174
videos/sideswipe/Town06_sideswipe_wet_01_aug2.mp4,video_annotations/Town06_sideswipe_wet_01.json.gz,sideswipe,16.45,329,0.29140625,0.2731481481481481,0.2713541666666667,0.2129629629629629,0.3114583333333333,0.3333333333333333,Town06,wet,1,381,19.05,1080,1920,48
videos/sideswipe/Town06_sideswipe_wet_08_aug2.mp4,video_annotations/Town06_sideswipe_wet_08.json.gz,sideswipe,11.25,225,0.5591145833333333,0.4212962962962963,0.5234375,0.3435185185185185,0.5947916666666667,0.499074074074074,Town06,wet,8,300,15.0,1080,1920,143
videos/sideswipe/Town06_sideswipe_wet_10_aug2.mp4,video_annotations/Town06_sideswipe_wet_10.json.gz,sideswipe,16.45,329,0.68671875,0.5875,0.6494791666666667,0.5203703703703704,0.7239583333333334,0.6546296296296297,Town06,wet,10,381,19.05,1080,1920,48
videos/sideswipe/Town06_sideswipe_wet_12_aug2.mp4,video_annotations/Town06_sideswipe_wet_12.json.gz,sideswipe,10.15,203,0.5122395833333333,0.1462962962962962,0.4796875,0.1166666666666666,0.5447916666666667,0.1759259259259259,Town06,wet,12,261,13.05,1080,1920,173
videos/sideswipe/Town06_sideswipe_wet_15_aug2.mp4,video_annotations/Town06_sideswipe_wet_15.json.gz,sideswipe,12.9,258,0.34765625,0.3699074074074074,0.3255208333333333,0.3324074074074074,0.3697916666666667,0.4074074074074074,Town06,wet,15,308,15.4,1080,1920,115
videos/sideswipe/Town06_sideswipe_wet_18_aug2.mp4,video_annotations/Town06_sideswipe_wet_18.json.gz,sideswipe,10.45,209,0.4067708333333333,0.2662037037037037,0.3817708333333333,0.2074074074074074,0.4317708333333333,0.325,Town06,wet,18,245,12.25,1080,1920,167
videos/sideswipe/Town06_sideswipe_wet_21_aug2.mp4,video_annotations/Town06_sideswipe_wet_21.json.gz,sideswipe,11.5,230,0.5309895833333333,0.7157407407407408,0.5026041666666666,0.6527777777777778,0.559375,0.7787037037037037,Town06,wet,21,293,14.65,1080,1920,140
videos/sideswipe/Town06_sideswipe_wet_25_aug2.mp4,video_annotations/Town06_sideswipe_wet_25.json.gz,sideswipe,16.95,339,0.64921875,0.5842592592592593,0.6265625,0.537962962962963,0.671875,0.6305555555555555,Town06,wet,25,408,20.4,1080,1920,34
videos/sideswipe/Town06_sideswipe_wet_27_aug2.mp4,video_annotations/Town06_sideswipe_wet_27.json.gz,sideswipe,10.35,207,0.7080729166666667,0.212037037037037,0.6744791666666666,0.1833333333333333,0.7416666666666667,0.2407407407407407,Town06,wet,27,273,13.65,1080,1920,165
videos/sideswipe/Town06_sideswipe_wet_34_aug2.mp4,video_annotations/Town06_sideswipe_wet_34.json.gz,sideswipe,10.45,209,0.4317708333333333,0.763425925925926,0.3901041666666666,0.7268518518518519,0.4734375,0.8,Town06,wet,34,279,13.95,1080,1920,170
videos/sideswipe/Town06_sideswipe_wet_36_aug2.mp4,video_annotations/Town06_sideswipe_wet_36.json.gz,sideswipe,15.15,303,0.3692708333333333,0.4814814814814814,0.3270833333333333,0.4324074074074074,0.4114583333333333,0.5305555555555556,Town06,wet,36,355,17.75,1080,1920,88
videos/sideswipe/Town06_sideswipe_wet_40_aug2.mp4,video_annotations/Town06_sideswipe_wet_40.json.gz,sideswipe,11.25,225,0.7231770833333333,0.5888888888888889,0.6885416666666667,0.5611111111111111,0.7578125,0.6166666666666667,Town06,wet,40,275,13.75,1080,1920,146
videos/sideswipe/Town06_sideswipe_wet_43_aug2.mp4,video_annotations/Town06_sideswipe_wet_43.json.gz,sideswipe,14.9,298,0.5338541666666666,0.4013888888888889,0.5088541666666667,0.3805555555555555,0.5588541666666667,0.4222222222222222,Town06,wet,43,342,17.1,1080,1920,77
videos/sideswipe/Town06_sideswipe_wet_45_aug2.mp4,video_annotations/Town06_sideswipe_wet_45.json.gz,sideswipe,9.55,191,0.4697916666666666,0.3481481481481481,0.4484375,0.3101851851851852,0.4911458333333333,0.3861111111111111,Town06,wet,45,248,12.4,1080,1920,196
videos/sideswipe/Town06_sideswipe_wet_47_aug2.mp4,video_annotations/Town06_sideswipe_wet_47.json.gz,sideswipe,9.75,195,0.578125,0.3782407407407407,0.5473958333333333,0.3361111111111111,0.6088541666666667,0.4203703703703704,Town06,wet,47,240,12.0,1080,1920,180
videos/t-bone/Town03_t-bone_clear_01_aug2.mp4,video_annotations/Town03_t-bone_clear_01.json.gz,t-bone,6.15,123,0.5822916666666667,0.4462962962962963,0.55,0.4037037037037037,0.6145833333333334,0.4888888888888889,Town03,clear,1,329,16.45,1080,1920,51
videos/t-bone/Town03_t-bone_clear_03_aug2.mp4,video_annotations/Town03_t-bone_clear_03.json.gz,t-bone,5.6,112,0.4768229166666666,0.4138888888888888,0.4401041666666667,0.3731481481481482,0.5135416666666667,0.4546296296296296,Town03,clear,3,397,19.85,1080,1920,66
videos/t-bone/Town03_t-bone_clear_05_aug2.mp4,video_annotations/Town03_t-bone_clear_05.json.gz,t-bone,5.9,118,0.4559895833333333,0.3962962962962963,0.4255208333333333,0.3546296296296296,0.4864583333333333,0.4379629629629629,Town03,clear,5,427,21.35,1080,1920,49
videos/t-bone/Town03_t-bone_clear_07_aug2.mp4,video_annotations/Town03_t-bone_clear_07.json.gz,t-bone,4.8,96,0.2078125,0.4314814814814814,0.1635416666666666,0.3527777777777778,0.2520833333333333,0.5101851851851852,Town03,clear,7,435,21.75,1080,1920,71
videos/t-bone/Town03_t-bone_clear_10_aug2.mp4,video_annotations/Town03_t-bone_clear_10.json.gz,t-bone,5.85,117,0.4356770833333333,0.6842592592592592,0.3817708333333333,0.612037037037037,0.4895833333333333,0.7564814814814815,Town03,clear,10,289,14.45,1080,1920,57
videos/t-bone/Town03_t-bone_clear_13_aug2.mp4,video_annotations/Town03_t-bone_clear_13.json.gz,t-bone,2.35,47,0.7041666666666667,0.9069444444444444,0.6572916666666667,0.8268518518518518,0.7510416666666667,0.987037037037037,Town03,clear,13,300,15.0,1080,1920,132
videos/t-bone/Town03_t-bone_clear_15_aug2.mp4,video_annotations/Town03_t-bone_clear_15.json.gz,t-bone,6.5,130,0.7638020833333333,0.2504629629629629,0.7291666666666666,0.1787037037037037,0.7984375,0.3222222222222222,Town03,clear,15,445,22.25,1080,1920,43
videos/t-bone/Town03_t-bone_clear_17_aug2.mp4,video_annotations/Town03_t-bone_clear_17.json.gz,t-bone,5.65,113,0.60078125,0.3337962962962963,0.5739583333333333,0.2935185185185185,0.6276041666666666,0.374074074074074,Town03,clear,17,409,20.45,1080,1920,54
videos/t-bone/Town03_t-bone_clear_19_aug2.mp4,video_annotations/Town03_t-bone_clear_19.json.gz,t-bone,6.55,131,0.5296875,0.0421296296296296,0.4932291666666666,0.0055555555555555,0.5661458333333333,0.0787037037037037,Town03,clear,19,486,24.3,1080,1920,44
videos/t-bone/Town03_t-bone_clear_21_aug2.mp4,video_annotations/Town03_t-bone_clear_21.json.gz,t-bone,4.55,91,0.3309895833333333,0.4189814814814814,0.2854166666666666,0.3546296296296296,0.3765625,0.4833333333333333,Town03,clear,21,289,14.45,1080,1920,72
videos/t-bone/Town03_t-bone_clear_23_aug2.mp4,video_annotations/Town03_t-bone_clear_23.json.gz,t-bone,5.05,101,0.140625,0.5273148148148148,0.0505208333333333,0.4231481481481481,0.2307291666666666,0.6314814814814815,Town03,clear,23,396,19.8,1080,1920,75
videos/t-bone/Town03_t-bone_clear_26_aug2.mp4,video_annotations/Town03_t-bone_clear_26.json.gz,t-bone,5.7,114,0.6598958333333333,0.9328703703703703,0.5984375,0.8666666666666667,0.7213541666666666,0.999074074074074,Town03,clear,26,397,19.85,1080,1920,101
videos/t-bone/Town03_t-bone_clear_28_aug2.mp4,video_annotations/Town03_t-bone_clear_28.json.gz,t-bone,6.25,125,0.6901041666666666,0.8134259259259259,0.6385416666666667,0.7287037037037037,0.7416666666666667,0.8981481481481481,Town03,clear,28,392,19.6,1080,1920,48
videos/t-bone/Town03_t-bone_clear_33_aug2.mp4,video_annotations/Town03_t-bone_clear_33.json.gz,t-bone,4.15,83,0.46953125,0.4314814814814814,0.4411458333333333,0.4083333333333333,0.4979166666666667,0.4546296296296296,Town03,clear,33,362,18.1,1080,1920,90
videos/t-bone/Town03_t-bone_clear_35_aug2.mp4,video_annotations/Town03_t-bone_clear_35.json.gz,t-bone,6.35,127,0.4533854166666666,0.2430555555555555,0.4140625,0.1925925925925926,0.4927083333333333,0.2935185185185185,Town03,clear,35,423,21.15,1080,1920,49
videos/t-bone/Town03_t-bone_clear_37_aug2.mp4,video_annotations/Town03_t-bone_clear_37.json.gz,t-bone,7.35,147,0.1690104166666666,0.3379629629629629,0.1307291666666666,0.2787037037037037,0.2072916666666666,0.3972222222222222,Town03,clear,37,446,22.3,1080,1920,40
videos/t-bone/Town03_t-bone_clear_41_aug2.mp4,video_annotations/Town03_t-bone_clear_41.json.gz,t-bone,2.5,50,0.7825520833333334,0.7620370370370371,0.734375,0.687037037037037,0.8307291666666666,0.837037037037037,Town03,clear,41,343,17.15,1080,1920,123
videos/t-bone/Town03_t-bone_clear_45_aug2.mp4,video_annotations/Town03_t-bone_clear_45.json.gz,t-bone,5.05,101,0.46171875,0.1689814814814814,0.4270833333333333,0.149074074074074,0.4963541666666666,0.1888888888888888,Town03,clear,45,444,22.2,1080,1920,67
videos/t-bone/Town03_t-bone_clear_48_aug2.mp4,video_annotations/Town03_t-bone_clear_48.json.gz,t-bone,6.75,135,0.17109375,0.7472222222222222,0.1338541666666666,0.7064814814814815,0.2083333333333333,0.787962962962963,Town03,clear,48,444,22.2,1080,1920,43
videos/t-bone/Town03_t-bone_clear_51_aug2.mp4,video_annotations/Town03_t-bone_clear_51.json.gz,t-bone,4.6,92,0.6911458333333333,0.7282407407407407,0.6208333333333333,0.6685185185185185,0.7614583333333333,0.787962962962963,Town03,clear,51,364,18.2,1080,1920,81
videos/t-bone/Town03_t-bone_night_01_aug2.mp4,video_annotations/Town03_t-bone_night_01.json.gz,t-bone,4.05,81,0.5765625,0.4439814814814815,0.5359375,0.4037037037037037,0.6171875,0.4842592592592593,Town03,night,1,421,21.05,1080,1920,94
videos/t-bone/Town03_t-bone_night_03_aug2.mp4,video_annotations/Town03_t-bone_night_03.json.gz,t-bone,5.35,107,0.4677083333333333,0.3907407407407407,0.4338541666666666,0.3527777777777778,0.5015625,0.4287037037037037,Town03,night,3,249,12.45,1080,1920,69
videos/t-bone/Town03_t-bone_night_05_aug2.mp4,video_annotations/Town03_t-bone_night_05.json.gz,t-bone,6.15,123,0.4341145833333333,0.4574074074074074,0.3989583333333333,0.4101851851851852,0.4692708333333333,0.5046296296296297,Town03,night,5,476,23.8,1080,1920,54
videos/t-bone/Town03_t-bone_night_07_aug2.mp4,video_annotations/Town03_t-bone_night_07.json.gz,t-bone,5.75,115,0.2200520833333333,0.4115740740740741,0.1598958333333333,0.2972222222222222,0.2802083333333333,0.5259259259259259,Town03,night,7,344,17.2,1080,1920,61
videos/t-bone/Town03_t-bone_night_10_aug2.mp4,video_annotations/Town03_t-bone_night_10.json.gz,t-bone,7.6,152,0.4140625,0.7263888888888889,0.3557291666666666,0.6472222222222223,0.4723958333333333,0.8055555555555556,Town03,night,10,483,24.15,1080,1920,26
videos/t-bone/Town03_t-bone_night_14_aug2.mp4,video_annotations/Town03_t-bone_night_14.json.gz,t-bone,4.4,88,0.6942708333333333,0.5976851851851852,0.6588541666666666,0.5148148148148148,0.7296875,0.6805555555555556,Town03,night,14,315,15.75,1080,1920,88
videos/t-bone/Town03_t-bone_night_16_aug2.mp4,video_annotations/Town03_t-bone_night_16.json.gz,t-bone,2.5,50,0.6080729166666666,0.4967592592592592,0.5802083333333333,0.4611111111111111,0.6359375,0.5324074074074074,Town03,night,16,315,15.75,1080,1920,126
videos/t-bone/Town03_t-bone_night_18_aug2.mp4,video_annotations/Town03_t-bone_night_18.json.gz,t-bone,6.45,129,0.5625,0.4009259259259259,0.540625,0.3666666666666666,0.584375,0.4351851851851852,Town03,night,18,349,17.45,1080,1920,48
videos/t-bone/Town03_t-bone_night_20_aug2.mp4,video_annotations/Town03_t-bone_night_20.json.gz,t-bone,4.8,96,0.4723958333333333,0.3199074074074074,0.4333333333333333,0.2796296296296296,0.5114583333333333,0.3601851851851851,Town03,night,20,504,25.2,1080,1920,75
videos/t-bone/Town03_t-bone_night_23_aug2.mp4,video_annotations/Town03_t-bone_night_23.json.gz,t-bone,5.65,113,0.1072916666666666,0.587037037037037,0.0411458333333333,0.5046296296296297,0.1734375,0.6694444444444444,Town03,night,23,395,19.75,1080,1920,59
videos/t-bone/Town03_t-bone_night_28_aug2.mp4,video_annotations/Town03_t-bone_night_28.json.gz,t-bone,3.0,60,0.6841145833333333,0.8273148148148148,0.6453125,0.7083333333333334,0.7229166666666667,0.9462962962962964,Town03,night,28,355,17.75,1080,1920,120
videos/t-bone/Town03_t-bone_night_31_aug2.mp4,video_annotations/Town03_t-bone_night_31.json.gz,t-bone,4.7,94,0.7109375,0.4486111111111111,0.6807291666666667,0.4101851851851852,0.7411458333333333,0.487037037037037,Town03,night,31,282,14.1,1080,1920,80
videos/t-bone/Town03_t-bone_night_33_aug2.mp4,video_annotations/Town03_t-bone_night_33.json.gz,t-bone,5.95,119,0.471875,0.4430555555555555,0.4333333333333333,0.3990740740740741,0.5104166666666666,0.487037037037037,Town03,night,33,456,22.8,1080,1920,55
videos/t-bone/Town03_t-bone_night_35_aug2.mp4,video_annotations/Town03_t-bone_night_35.json.gz,t-bone,5.85,117,0.4330729166666666,0.2504629629629629,0.3963541666666667,0.2,0.4697916666666666,0.3009259259259259,Town03,night,35,347,17.35,1080,1920,58
videos/t-bone/Town03_t-bone_night_37_aug2.mp4,video_annotations/Town03_t-bone_night_37.json.gz,t-bone,3.4,68,0.13125,0.3689814814814814,0.0963541666666666,0.2907407407407407,0.1661458333333333,0.4472222222222222,Town03,night,37,410,20.5,1080,1920,113
videos/t-bone/Town03_t-bone_night_41_aug2.mp4,video_annotations/Town03_t-bone_night_41.json.gz,t-bone,6.7,134,0.8135416666666667,0.8587962962962963,0.7697916666666667,0.7935185185185185,0.8572916666666667,0.924074074074074,Town03,night,41,491,24.55,1080,1920,41
videos/t-bone/Town03_t-bone_night_43_aug2.mp4,video_annotations/Town03_t-bone_night_43.json.gz,t-bone,7.55,151,0.6927083333333334,0.2810185185185185,0.6578125,0.2472222222222222,0.7276041666666667,0.3148148148148148,Town03,night,43,406,20.3,1080,1920,29
videos/t-bone/Town03_t-bone_night_45_aug2.mp4,video_annotations/Town03_t-bone_night_45.json.gz,t-bone,5.5,110,0.4809895833333333,0.1680555555555555,0.4552083333333333,0.1462962962962962,0.5067708333333333,0.1898148148148148,Town03,night,45,479,23.95,1080,1920,67
videos/t-bone/Town03_t-bone_night_48_aug2.mp4,video_annotations/Town03_t-bone_night_48.json.gz,t-bone,5.2,104,0.21328125,0.7018518518518518,0.1791666666666666,0.6611111111111111,0.2473958333333333,0.7425925925925926,Town03,night,48,424,21.2,1080,1920,71
videos/t-bone/Town03_t-bone_night_50_aug2.mp4,video_annotations/Town03_t-bone_night_50.json.gz,t-bone,5.45,109,0.4708333333333333,0.4912037037037037,0.425,0.4175925925925925,0.5166666666666667,0.5648148148148148,Town03,night,50,390,19.5,1080,1920,68
videos/t-bone/Town03_t-bone_rain_02_aug2.mp4,video_annotations/Town03_t-bone_rain_02.json.gz,t-bone,5.2,104,0.69140625,0.1259259259259259,0.65,0.0722222222222222,0.7328125,0.1796296296296296,Town03,rain,2,308,15.4,1080,1920,74
videos/t-bone/Town03_t-bone_rain_05_aug2.mp4,video_annotations/Town03_t-bone_rain_05.json.gz,t-bone,6.35,127,0.4338541666666666,0.4064814814814815,0.3994791666666666,0.362962962962963,0.4682291666666666,0.45,Town03,rain,5,387,19.35,1080,1920,60
videos/t-bone/Town03_t-bone_rain_08_aug2.mp4,video_annotations/Town03_t-bone_rain_08.json.gz,t-bone,6.75,135,0.2825520833333333,0.4578703703703703,0.2479166666666666,0.3592592592592593,0.3171875,0.5564814814814815,Town03,rain,8,341,17.05,1080,1920,43
videos/t-bone/Town03_t-bone_rain_13_aug2.mp4,video_annotations/Town03_t-bone_rain_13.json.gz,t-bone,6.8,136,0.7286458333333333,0.9430555555555556,0.6838541666666667,0.8870370370370371,0.7734375,0.999074074074074,Town03,rain,13,316,15.8,1080,1920,37
videos/t-bone/Town03_t-bone_rain_15_aug2.mp4,video_annotations/Town03_t-bone_rain_15.json.gz,t-bone,5.6,112,0.8208333333333333,0.2675925925925926,0.778125,0.1935185185185185,0.8635416666666667,0.3416666666666667,Town03,rain,15,377,18.85,1080,1920,60
videos/t-bone/Town03_t-bone_rain_17_aug2.mp4,video_annotations/Town03_t-bone_rain_17.json.gz,t-bone,4.55,91,0.6020833333333333,0.3842592592592592,0.565625,0.3509259259259259,0.6385416666666667,0.4175925925925925,Town03,rain,17,410,20.5,1080,1920,82
videos/t-bone/Town03_t-bone_rain_20_aug2.mp4,video_annotations/Town03_t-bone_rain_20.json.gz,t-bone,3.65,73,0.4755208333333333,0.2787037037037037,0.45,0.237037037037037,0.5010416666666667,0.3203703703703703,Town03,rain,20,284,14.2,1080,1920,104
videos/t-bone/Town03_t-bone_rain_22_aug2.mp4,video_annotations/Town03_t-bone_rain_22.json.gz,t-bone,5.85,117,0.1736979166666666,0.4115740740740741,0.1276041666666666,0.3351851851851852,0.2197916666666666,0.487962962962963,Town03,rain,22,361,18.05,1080,1920,60
videos/t-bone/Town03_t-bone_rain_24_aug2.mp4,video_annotations/Town03_t-bone_rain_24.json.gz,t-bone,5.2,104,0.3830729166666666,0.5819444444444445,0.3416666666666667,0.5101851851851852,0.4244791666666667,0.6537037037037037,Town03,rain,24,368,18.4,1080,1920,68
videos/t-bone/Town03_t-bone_rain_28_aug2.mp4,video_annotations/Town03_t-bone_rain_28.json.gz,t-bone,5.4,108,0.6796875,0.7300925925925926,0.646875,0.625,0.7125,0.8351851851851851,Town03,rain,28,257,12.85,1080,1920,70
videos/t-bone/Town03_t-bone_rain_30_aug2.mp4,video_annotations/Town03_t-bone_rain_30.json.gz,t-bone,5.35,107,0.678125,0.399537037037037,0.6380208333333334,0.3444444444444444,0.7182291666666667,0.4546296296296296,Town03,rain,30,358,17.9,1080,1920,71
videos/t-bone/Town03_t-bone_rain_32_aug2.mp4,video_annotations/Town03_t-bone_rain_32.json.gz,t-bone,7.0,140,0.65078125,0.3518518518518518,0.6177083333333333,0.324074074074074,0.6838541666666667,0.3796296296296296,Town03,rain,32,405,20.25,1080,1920,34
videos/t-bone/Town03_t-bone_rain_37_aug2.mp4,video_annotations/Town03_t-bone_rain_37.json.gz,t-bone,4.05,81,0.1286458333333333,0.3666666666666666,0.084375,0.3157407407407407,0.1729166666666666,0.4175925925925925,Town03,rain,37,321,16.05,1080,1920,87
videos/t-bone/Town03_t-bone_rain_40_aug2.mp4,video_annotations/Town03_t-bone_rain_40.json.gz,t-bone,6.6,132,0.6265625,0.8337962962962963,0.53125,0.6685185185185185,0.721875,0.999074074074074,Town03,rain,40,264,13.2,1080,1920,38
videos/t-bone/Town03_t-bone_rain_43_aug2.mp4,video_annotations/Town03_t-bone_rain_43.json.gz,t-bone,5.0,100,0.6953125,0.299074074074074,0.6567708333333333,0.2611111111111111,0.7338541666666667,0.337037037037037,Town03,rain,43,393,19.65,1080,1920,78
videos/t-bone/Town03_t-bone_rain_47_aug2.mp4,video_annotations/Town03_t-bone_rain_47.json.gz,t-bone,4.9,98,0.4044270833333333,0.3162037037037037,0.3692708333333333,0.299074074074074,0.4395833333333333,0.3333333333333333,Town03,rain,47,381,19.05,1080,1920,76
videos/t-bone/Town03_t-bone_rain_49_aug2.mp4,video_annotations/Town03_t-bone_rain_49.json.gz,t-bone,4.9,98,0.0848958333333333,0.7620370370370371,0.0182291666666666,0.7074074074074074,0.1515625,0.8166666666666667,Town03,rain,49,371,18.55,1080,1920,72
videos/t-bone/Town03_t-bone_sunset_00_aug2.mp4,video_annotations/Town03_t-bone_sunset_00.json.gz,t-bone,6.3,126,0.6736979166666667,0.2162037037037037,0.6192708333333333,0.1203703703703703,0.728125,0.312037037037037,Town03,sunset,0,411,20.55,1080,1920,43
videos/t-bone/Town03_t-bone_sunset_05_aug2.mp4,video_annotations/Town03_t-bone_sunset_05.json.gz,t-bone,6.2,124,0.4294270833333333,0.4296296296296296,0.4010416666666667,0.3851851851851852,0.4578125,0.4740740740740741,Town03,sunset,5,417,20.85,1080,1920,52
videos/t-bone/Town03_t-bone_sunset_07_aug2.mp4,video_annotations/Town03_t-bone_sunset_07.json.gz,t-bone,5.9,118,0.2432291666666666,0.4671296296296296,0.2119791666666666,0.375,0.2744791666666666,0.5592592592592592,Town03,sunset,7,415,20.75,1080,1920,61
videos/t-bone/Town03_t-bone_sunset_13_aug2.mp4,video_annotations/Town03_t-bone_sunset_13.json.gz,t-bone,6.1,122,0.71796875,0.899537037037037,0.6770833333333334,0.8314814814814815,0.7588541666666667,0.9675925925925926,Town03,sunset,13,378,18.9,1080,1920,52
videos/t-bone/Town03_t-bone_sunset_15_aug2.mp4,video_annotations/Town03_t-bone_sunset_15.json.gz,t-bone,5.8,116,0.8067708333333333,0.2472222222222222,0.7697916666666667,0.1731481481481481,0.84375,0.3212962962962963,Town03,sunset,15,292,14.6,1080,1920,57
videos/t-bone/Town03_t-bone_sunset_17_aug2.mp4,video_annotations/Town03_t-bone_sunset_17.json.gz,t-bone,6.8,136,0.5927083333333333,0.3574074074074074,0.5510416666666667,0.3222222222222222,0.634375,0.3925925925925926,Town03,sunset,17,357,17.85,1080,1920,42
videos/t-bone/Town03_t-bone_sunset_19_aug2.mp4,video_annotations/Town03_t-bone_sunset_19.json.gz,t-bone,4.8,96,0.5627604166666667,0.0175925925925925,0.525,0.0,0.6005208333333333,0.0351851851851851,Town03,sunset,19,365,18.25,1080,1920,76
videos/t-bone/Town03_t-bone_sunset_22_aug2.mp4,video_annotations/Town03_t-bone_sunset_22.json.gz,t-bone,3.55,71,0.1768229166666666,0.4851851851851851,0.1432291666666666,0.412037037037037,0.2104166666666666,0.5583333333333333,Town03,sunset,22,284,14.2,1080,1920,103
videos/t-bone/Town03_t-bone_sunset_27_aug2.mp4,video_annotations/Town03_t-bone_sunset_27.json.gz,t-bone,6.05,121,0.6453125,0.7277777777777777,0.5666666666666667,0.5833333333333334,0.7239583333333334,0.8722222222222222,Town03,sunset,27,302,15.1,1080,1920,56
videos/t-bone/Town03_t-bone_sunset_30_aug2.mp4,video_annotations/Town03_t-bone_sunset_30.json.gz,t-bone,7.35,147,0.6903645833333333,0.3949074074074074,0.6614583333333334,0.3518518518518518,0.7192708333333333,0.4379629629629629,Town03,sunset,30,377,18.85,1080,1920,27
videos/t-bone/Town03_t-bone_sunset_33_aug2.mp4,video_annotations/Town03_t-bone_sunset_33.json.gz,t-bone,7.35,147,0.4638020833333333,0.3898148148148148,0.4354166666666667,0.3675925925925926,0.4921875,0.412037037037037,Town03,sunset,33,427,21.35,1080,1920,29
videos/t-bone/Town03_t-bone_sunset_35_aug2.mp4,video_annotations/Town03_t-bone_sunset_35.json.gz,t-bone,7.15,143,0.43671875,0.2814814814814815,0.4010416666666667,0.2416666666666666,0.4723958333333333,0.3212962962962963,Town03,sunset,35,350,17.5,1080,1920,36
videos/t-bone/Town03_t-bone_sunset_38_aug2.mp4,video_annotations/Town03_t-bone_sunset_38.json.gz,t-bone,5.85,117,0.22578125,0.4518518518518518,0.1802083333333333,0.3759259259259259,0.2713541666666667,0.5277777777777778,Town03,sunset,38,275,13.75,1080,1920,57
videos/t-bone/Town03_t-bone_sunset_41_aug2.mp4,video_annotations/Town03_t-bone_sunset_41.json.gz,t-bone,6.8,136,0.7875,0.8310185185185185,0.7171875,0.7490740740740741,0.8578125,0.912962962962963,Town03,sunset,41,376,18.8,1080,1920,30
videos/t-bone/Town03_t-bone_sunset_44_aug2.mp4,video_annotations/Town03_t-bone_sunset_44.json.gz,t-bone,5.6,112,0.5973958333333333,0.4768518518518518,0.5734375,0.4564814814814815,0.6213541666666667,0.4972222222222222,Town03,sunset,44,276,13.8,1080,1920,62
videos/t-bone/Town03_t-bone_sunset_49_aug2.mp4,video_annotations/Town03_t-bone_sunset_49.json.gz,t-bone,6.25,125,0.1213541666666666,0.7310185185185185,0.059375,0.6787037037037037,0.1833333333333333,0.7833333333333333,Town03,sunset,49,310,15.5,1080,1920,42
videos/t-bone/Town03_t-bone_wet_01_aug2.mp4,video_annotations/Town03_t-bone_wet_01.json.gz,t-bone,6.0,120,0.5973958333333333,0.4125,0.5619791666666667,0.3648148148148148,0.6328125,0.4601851851851852,Town03,wet,1,429,21.45,1080,1920,57
videos/t-bone/Town03_t-bone_wet_03_aug2.mp4,video_annotations/Town03_t-bone_wet_03.json.gz,t-bone,6.9,138,0.471875,0.4342592592592592,0.4427083333333333,0.4009259259259259,0.5010416666666667,0.4675925925925926,Town03,wet,3,303,15.15,1080,1920,35
videos/t-bone/Town03_t-bone_wet_05_aug2.mp4,video_annotations/Town03_t-bone_wet_05.json.gz,t-bone,6.55,131,0.42890625,0.4231481481481481,0.3953125,0.3768518518518518,0.4625,0.4694444444444444,Town03,wet,5,370,18.5,1080,1920,41
videos/t-bone/Town03_t-bone_wet_07_aug2.mp4,video_annotations/Town03_t-bone_wet_07.json.gz,t-bone,6.05,121,0.2182291666666666,0.45,0.1833333333333333,0.3722222222222222,0.253125,0.5277777777777778,Town03,wet,7,383,19.15,1080,1920,53
videos/t-bone/Town03_t-bone_wet_10_aug2.mp4,video_annotations/Town03_t-bone_wet_10.json.gz,t-bone,5.5,110,0.40859375,0.6277777777777778,0.3666666666666666,0.5416666666666666,0.4505208333333333,0.7138888888888889,Town03,wet,10,389,19.45,1080,1920,57
videos/t-bone/Town03_t-bone_wet_14_aug2.mp4,video_annotations/Town03_t-bone_wet_14.json.gz,t-bone,6.7,134,0.7299479166666667,0.6106481481481482,0.684375,0.5203703703703704,0.7755208333333333,0.700925925925926,Town03,wet,14,398,19.9,1080,1920,38
videos/t-bone/Town03_t-bone_wet_16_aug2.mp4,video_annotations/Town03_t-bone_wet_16.json.gz,t-bone,5.4,108,0.5893229166666667,0.475462962962963,0.5604166666666667,0.4379629629629629,0.6182291666666667,0.512962962962963,Town03,wet,16,395,19.75,1080,1920,66
videos/t-bone/Town03_t-bone_wet_20_aug2.mp4,video_annotations/Town03_t-bone_wet_20.json.gz,t-bone,5.0,100,0.46328125,0.3208333333333333,0.4307291666666666,0.2842592592592592,0.4958333333333333,0.3574074074074074,Town03,wet,20,314,15.7,1080,1920,74
videos/t-bone/Town03_t-bone_wet_22_aug2.mp4,video_annotations/Town03_t-bone_wet_22.json.gz,t-bone,5.45,109,0.1651041666666666,0.4435185185185185,0.1255208333333333,0.3805555555555555,0.2046875,0.5064814814814815,Town03,wet,22,373,18.65,1080,1920,59
videos/t-bone/Town03_t-bone_wet_28_aug2.mp4,video_annotations/Town03_t-bone_wet_28.json.gz,t-bone,7.05,141,0.6651041666666667,0.8212962962962963,0.6322916666666667,0.6953703703703704,0.6979166666666666,0.9472222222222222,Town03,wet,28,416,20.8,1080,1920,38
videos/t-bone/Town03_t-bone_wet_31_aug2.mp4,video_annotations/Town03_t-bone_wet_31.json.gz,t-bone,5.55,111,0.7138020833333333,0.4041666666666667,0.6640625,0.3444444444444444,0.7635416666666667,0.4638888888888889,Town03,wet,31,362,18.1,1080,1920,51
videos/t-bone/Town03_t-bone_wet_34_aug2.mp4,video_annotations/Town03_t-bone_wet_34.json.gz,t-bone,5.3,106,0.4994791666666666,0.4527777777777778,0.4708333333333333,0.4259259259259259,0.528125,0.4796296296296296,Town03,wet,34,366,18.3,1080,1920,70
videos/t-bone/Town03_t-bone_wet_37_aug2.mp4,video_annotations/Town03_t-bone_wet_37.json.gz,t-bone,3.9,78,0.1544270833333333,0.3564814814814814,0.0994791666666666,0.3092592592592592,0.209375,0.4037037037037037,Town03,wet,37,366,18.3,1080,1920,88
videos/t-bone/Town03_t-bone_wet_40_aug2.mp4,video_annotations/Town03_t-bone_wet_40.json.gz,t-bone,3.75,75,0.5947916666666667,0.8199074074074074,0.5260416666666666,0.7129629629629629,0.6635416666666667,0.9268518518518518,Town03,wet,40,361,18.05,1080,1920,100
videos/t-bone/Town03_t-bone_wet_42_aug2.mp4,video_annotations/Town03_t-bone_wet_42.json.gz,t-bone,5.6,112,0.6447916666666667,0.4555555555555555,0.6109375,0.4101851851851852,0.6786458333333333,0.5009259259259259,Town03,wet,42,322,16.1,1080,1920,60
videos/t-bone/Town03_t-bone_wet_44_aug2.mp4,video_annotations/Town03_t-bone_wet_44.json.gz,t-bone,5.0,100,0.6276041666666666,0.4662037037037037,0.5927083333333333,0.4444444444444444,0.6625,0.487962962962963,Town03,wet,44,292,14.6,1080,1920,77
videos/t-bone/Town03_t-bone_wet_47_aug2.mp4,video_annotations/Town03_t-bone_wet_47.json.gz,t-bone,5.95,119,0.4197916666666667,0.311574074074074,0.3802083333333333,0.2888888888888888,0.459375,0.3342592592592592,Town03,wet,47,336,16.8,1080,1920,59
videos/t-bone/Town03_t-bone_wet_49_aug2.mp4,video_annotations/Town03_t-bone_wet_49.json.gz,t-bone,6.65,133,0.13359375,0.7375,0.078125,0.6731481481481482,0.1890625,0.8018518518518518,Town03,wet,49,315,15.75,1080,1920,55
videos/t-bone/Town03_t-bone_wet_51_aug2.mp4,video_annotations/Town03_t-bone_wet_51.json.gz,t-bone,5.45,109,0.7114583333333333,0.7819444444444444,0.6416666666666667,0.7064814814814815,0.78125,0.8574074074074074,Town03,wet,51,321,16.05,1080,1920,66
videos/t-bone/Town07_t-bone_clear_01_aug2.mp4,video_annotations/Town07_t-bone_clear_01.json.gz,t-bone,5.65,113,0.3408854166666666,0.6888888888888889,0.1770833333333333,0.5055555555555555,0.5046875,0.8722222222222222,Town07,clear,1,258,12.9,1080,1920,30
videos/t-bone/Town07_t-bone_clear_03_aug2.mp4,video_annotations/Town07_t-bone_clear_03.json.gz,t-bone,5.6,112,0.4880208333333333,0.7814814814814814,0.4307291666666666,0.625,0.5453125,0.937962962962963,Town07,clear,3,309,15.45,1080,1920,40
videos/t-bone/Town07_t-bone_clear_07_aug2.mp4,video_annotations/Town07_t-bone_clear_07.json.gz,t-bone,3.5,70,0.5489583333333333,0.6453703703703704,0.4697916666666666,0.5425925925925926,0.628125,0.7481481481481481,Town07,clear,7,251,12.55,1080,1920,81
videos/t-bone/Town07_t-bone_clear_09_aug2.mp4,video_annotations/Town07_t-bone_clear_09.json.gz,t-bone,4.8,96,0.5442708333333334,0.5393518518518519,0.459375,0.4546296296296296,0.6291666666666667,0.6240740740740741,Town07,clear,9,310,15.5,1080,1920,58
videos/t-bone/Town07_t-bone_clear_11_aug2.mp4,video_annotations/Town07_t-bone_clear_11.json.gz,t-bone,5.6,112,0.4158854166666667,0.2231481481481481,0.35,0.0435185185185185,0.4817708333333333,0.4027777777777778,Town07,clear,11,315,15.75,1080,1920,36
videos/t-bone/Town07_t-bone_clear_13_aug2.mp4,video_annotations/Town07_t-bone_clear_13.json.gz,t-bone,5.5,110,0.37578125,0.3425925925925926,0.3057291666666666,0.237037037037037,0.4458333333333333,0.4481481481481481,Town07,clear,13,282,14.1,1080,1920,39
videos/t-bone/Town07_t-bone_clear_16_aug2.mp4,video_annotations/Town07_t-bone_clear_16.json.gz,t-bone,4.55,91,0.4169270833333333,0.5921296296296297,0.3213541666666666,0.487037037037037,0.5125,0.6972222222222222,Town07,clear,16,238,11.9,1080,1920,57
videos/t-bone/Town07_t-bone_clear_18_aug2.mp4,video_annotations/Town07_t-bone_clear_18.json.gz,t-bone,5.8,116,0.4716145833333333,0.7023148148148148,0.4171875,0.5768518518518518,0.5260416666666666,0.8277777777777777,Town07,clear,18,334,16.7,1080,1920,33
videos/t-bone/Town07_t-bone_clear_20_aug2.mp4,video_annotations/Town07_t-bone_clear_20.json.gz,t-bone,4.8,96,0.58046875,0.5537037037037037,0.4953125,0.4314814814814814,0.665625,0.6759259259259259,Town07,clear,20,307,15.35,1080,1920,55
videos/t-bone/Town07_t-bone_clear_22_aug2.mp4,video_annotations/Town07_t-bone_clear_22.json.gz,t-bone,5.65,113,0.6098958333333333,0.2268518518518518,0.515625,0.1046296296296296,0.7041666666666667,0.3490740740740741,Town07,clear,22,304,15.2,1080,1920,41
videos/t-bone/Town07_t-bone_clear_25_aug2.mp4,video_annotations/Town07_t-bone_clear_25.json.gz,t-bone,2.95,59,0.409375,0.4430555555555555,0.3666666666666666,0.3388888888888889,0.4520833333333333,0.5472222222222223,Town07,clear,25,269,13.45,1080,1920,93
videos/t-bone/Town07_t-bone_clear_27_aug2.mp4,video_annotations/Town07_t-bone_clear_27.json.gz,t-bone,5.45,109,0.3927083333333333,0.5703703703703704,0.3447916666666666,0.4564814814814815,0.440625,0.6842592592592592,Town07,clear,27,287,14.35,1080,1920,40
videos/t-bone/Town07_t-bone_clear_29_aug2.mp4,video_annotations/Town07_t-bone_clear_29.json.gz,t-bone,5.5,110,0.4557291666666667,0.4592592592592592,0.38125,0.324074074074074,0.5302083333333333,0.5944444444444444,Town07,clear,29,290,14.5,1080,1920,39
videos/t-bone/Town07_t-bone_clear_31_aug2.mp4,video_annotations/Town07_t-bone_clear_31.json.gz,t-bone,3.95,79,0.4796875,0.6921296296296297,0.3786458333333333,0.5796296296296296,0.5807291666666666,0.8046296296296296,Town07,clear,31,208,10.4,1080,1920,70
videos/t-bone/Town07_t-bone_clear_33_aug2.mp4,video_annotations/Town07_t-bone_clear_33.json.gz,t-bone,5.55,111,0.53203125,0.7513888888888889,0.4328125,0.6296296296296297,0.63125,0.8731481481481481,Town07,clear,33,258,12.9,1080,1920,37
videos/t-bone/Town07_t-bone_clear_35_aug2.mp4,video_annotations/Town07_t-bone_clear_35.json.gz,t-bone,5.5,110,0.4903645833333333,0.4675925925925926,0.43125,0.4027777777777778,0.5494791666666666,0.5324074074074074,Town07,clear,35,316,15.8,1080,1920,42
videos/t-bone/Town07_t-bone_clear_37_aug2.mp4,video_annotations/Town07_t-bone_clear_37.json.gz,t-bone,5.35,107,0.7088541666666667,0.7527777777777778,0.6072916666666667,0.6601851851851852,0.8104166666666667,0.8453703703703703,Town07,clear,37,298,14.9,1080,1920,44
videos/t-bone/Town07_t-bone_clear_39_aug2.mp4,video_annotations/Town07_t-bone_clear_39.json.gz,t-bone,5.85,117,0.50390625,0.262037037037037,0.4197916666666667,0.1796296296296296,0.5880208333333333,0.3444444444444444,Town07,clear,39,268,13.4,1080,1920,32
videos/t-bone/Town07_t-bone_clear_41_aug2.mp4,video_annotations/Town07_t-bone_clear_41.json.gz,t-bone,5.75,115,0.39375,0.5189814814814815,0.3182291666666667,0.3962962962962963,0.4692708333333333,0.6416666666666667,Town07,clear,41,366,18.3,1080,1920,36
videos/t-bone/Town07_t-bone_clear_43_aug2.mp4,video_annotations/Town07_t-bone_clear_43.json.gz,t-bone,5.95,119,0.2734375,0.4541666666666666,0.1828125,0.3611111111111111,0.3640625,0.5472222222222223,Town07,clear,43,223,11.15,1080,1920,34
videos/t-bone/Town07_t-bone_clear_45_aug2.mp4,video_annotations/Town07_t-bone_clear_45.json.gz,t-bone,3.6,72,0.3807291666666667,0.5138888888888888,0.2880208333333333,0.4388888888888889,0.4734375,0.5888888888888889,Town07,clear,45,173,8.65,1080,1920,82
videos/t-bone/Town10HD_t-bone_clear_01_aug2.mp4,video_annotations/Town10HD_t-bone_clear_01.json.gz,t-bone,4.05,81,0.434375,0.3879629629629629,0.3864583333333333,0.3138888888888889,0.4822916666666667,0.462037037037037,Town10HD,clear,1,297,14.85,1080,1920,97
videos/t-bone/Town10HD_t-bone_clear_03_aug2.mp4,video_annotations/Town10HD_t-bone_clear_03.json.gz,t-bone,4.9,98,0.2692708333333333,0.7736111111111111,0.2182291666666666,0.6509259259259259,0.3203125,0.8962962962962963,Town10HD,clear,3,314,15.7,1080,1920,89
videos/t-bone/Town10HD_t-bone_clear_05_aug2.mp4,video_annotations/Town10HD_t-bone_clear_05.json.gz,t-bone,5.9,118,0.3690104166666667,0.9314814814814816,0.2697916666666666,0.8638888888888889,0.4682291666666666,0.999074074074074,Town10HD,clear,5,375,18.75,1080,1920,68
videos/t-bone/Town10HD_t-bone_clear_09_aug2.mp4,video_annotations/Town10HD_t-bone_clear_09.json.gz,t-bone,7.5,150,0.69765625,0.8657407407407407,0.6395833333333333,0.7324074074074074,0.7557291666666667,0.999074074074074,Town10HD,clear,9,409,20.45,1080,1920,37
videos/t-bone/Town10HD_t-bone_clear_12_aug2.mp4,video_annotations/Town10HD_t-bone_clear_12.json.gz,t-bone,6.75,135,0.6020833333333333,0.187037037037037,0.5598958333333334,0.0944444444444444,0.6442708333333333,0.2796296296296296,Town10HD,clear,12,483,24.15,1080,1920,46
videos/t-bone/Town10HD_t-bone_clear_14_aug2.mp4,video_annotations/Town10HD_t-bone_clear_14.json.gz,t-bone,7.2,144,0.396875,0.4652777777777778,0.3458333333333333,0.4074074074074074,0.4479166666666667,0.5231481481481481,Town10HD,clear,14,468,23.4,1080,1920,35
videos/t-bone/Town10HD_t-bone_clear_17_aug2.mp4,video_annotations/Town10HD_t-bone_clear_17.json.gz,t-bone,6.05,121,0.4408854166666666,0.5296296296296297,0.3958333333333333,0.4592592592592592,0.4859375,0.6,Town10HD,clear,17,327,16.35,1080,1920,62
videos/t-bone/Town10HD_t-bone_clear_19_aug2.mp4,video_annotations/Town10HD_t-bone_clear_19.json.gz,t-bone,7.2,144,0.35078125,0.6583333333333333,0.2958333333333333,0.5416666666666666,0.4057291666666666,0.775,Town10HD,clear,19,261,13.05,1080,1920,32
videos/t-bone/Town10HD_t-bone_clear_23_aug2.mp4,video_annotations/Town10HD_t-bone_clear_23.json.gz,t-bone,2.9,58,0.7171875,0.5148148148148148,0.6348958333333333,0.4194444444444444,0.7994791666666666,0.6101851851851852,Town10HD,clear,23,354,17.7,1080,1920,121
videos/t-bone/Town10HD_t-bone_clear_25_aug2.mp4,video_annotations/Town10HD_t-bone_clear_25.json.gz,t-bone,5.7,114,0.7143229166666667,0.4722222222222222,0.640625,0.3398148148148148,0.7880208333333333,0.6046296296296296,Town10HD,clear,25,397,19.85,1080,1920,72
videos/t-bone/Town10HD_t-bone_clear_27_aug2.mp4,video_annotations/Town10HD_t-bone_clear_27.json.gz,t-bone,4.3,86,0.5393229166666667,0.5481481481481482,0.4973958333333333,0.4861111111111111,0.58125,0.6101851851851852,Town10HD,clear,27,243,12.15,1080,1920,97
videos/t-bone/Town10HD_t-bone_clear_29_aug2.mp4,video_annotations/Town10HD_t-bone_clear_29.json.gz,t-bone,7.0,140,0.4479166666666667,0.4055555555555555,0.3994791666666666,0.362962962962963,0.4963541666666666,0.4481481481481481,Town10HD,clear,29,361,18.05,1080,1920,39
videos/t-bone/Town10HD_t-bone_clear_34_aug2.mp4,video_annotations/Town10HD_t-bone_clear_34.json.gz,t-bone,5.05,101,0.39921875,0.5388888888888889,0.3234375,0.4342592592592592,0.475,0.6435185185185185,Town10HD,clear,34,348,17.4,1080,1920,78
videos/t-bone/Town10HD_t-bone_clear_37_aug2.mp4,video_annotations/Town10HD_t-bone_clear_37.json.gz,t-bone,7.0,140,0.7177083333333333,0.6296296296296297,0.6359375,0.55,0.7994791666666666,0.7092592592592593,Town10HD,clear,37,443,22.15,1080,1920,36
videos/t-bone/Town10HD_t-bone_clear_40_aug2.mp4,video_annotations/Town10HD_t-bone_clear_40.json.gz,t-bone,4.9,98,0.6065104166666667,0.5523148148148148,0.559375,0.4944444444444444,0.6536458333333334,0.6101851851851852,Town10HD,clear,40,371,18.55,1080,1920,81
videos/t-bone/Town10HD_t-bone_clear_42_aug2.mp4,video_annotations/Town10HD_t-bone_clear_42.json.gz,t-bone,5.65,113,0.4046875,0.6259259259259259,0.3671875,0.5944444444444444,0.4421875,0.6574074074074074,Town10HD,clear,42,454,22.7,1080,1920,70
videos/t-bone/Town10HD_t-bone_clear_45_aug2.mp4,video_annotations/Town10HD_t-bone_clear_45.json.gz,t-bone,6.85,137,0.2763020833333333,0.6648148148148149,0.1744791666666666,0.5462962962962963,0.378125,0.7833333333333333,Town10HD,clear,45,456,22.8,1080,1920,45
videos/t-bone/Town10HD_t-bone_clear_48_aug2.mp4,video_annotations/Town10HD_t-bone_clear_48.json.gz,t-bone,4.7,94,0.57265625,0.7046296296296296,0.4979166666666667,0.6398148148148148,0.6473958333333333,0.7694444444444445,Town10HD,clear,48,357,17.85,1080,1920,83
videos/t-bone/Town10HD_t-bone_clear_52_aug2.mp4,video_annotations/Town10HD_t-bone_clear_52.json.gz,t-bone,6.9,138,0.5768229166666666,0.3532407407407407,0.51875,0.3055555555555556,0.6348958333333333,0.4009259259259259,Town10HD,clear,52,337,16.85,1080,1920,43
videos/t-bone/Town10HD_t-bone_night_01_aug2.mp4,video_annotations/Town10HD_t-bone_night_01.json.gz,t-bone,5.5,110,0.43359375,0.4106481481481481,0.3796875,0.3490740740740741,0.4875,0.4722222222222222,Town10HD,night,1,523,26.15,1080,1920,69
videos/t-bone/Town10HD_t-bone_night_03_aug2.mp4,video_annotations/Town10HD_t-bone_night_03.json.gz,t-bone,6.75,135,0.2526041666666667,0.7925925925925926,0.1859375,0.6509259259259259,0.3192708333333333,0.9342592592592592,Town10HD,night,3,435,21.75,1080,1920,51
videos/t-bone/Town10HD_t-bone_night_05_aug2.mp4,video_annotations/Town10HD_t-bone_night_05.json.gz,t-bone,6.75,135,0.4223958333333333,0.8726851851851852,0.3760416666666666,0.7462962962962963,0.46875,0.999074074074074,Town10HD,night,5,497,24.85,1080,1920,47
videos/t-bone/Town10HD_t-bone_night_08_aug2.mp4,video_annotations/Town10HD_t-bone_night_08.json.gz,t-bone,7.05,141,0.6341145833333334,0.8050925925925926,0.5723958333333333,0.6972222222222222,0.6958333333333333,0.912962962962963,Town10HD,night,8,454,22.7,1080,1920,40
videos/t-bone/Town10HD_t-bone_night_11_aug2.mp4,video_annotations/Town10HD_t-bone_night_11.json.gz,t-bone,7.5,150,0.57578125,0.3402777777777778,0.5296875,0.2416666666666666,0.621875,0.4388888888888889,Town10HD,night,11,534,26.7,1080,1920,32
videos/t-bone/Town10HD_t-bone_night_14_aug2.mp4,video_annotations/Town10HD_t-bone_night_14.json.gz,t-bone,7.75,155,0.3924479166666667,0.4587962962962963,0.346875,0.4092592592592592,0.4380208333333333,0.5083333333333333,Town10HD,night,14,362,18.1,1080,1920,32
videos/t-bone/Town10HD_t-bone_night_17_aug2.mp4,video_annotations/Town10HD_t-bone_night_17.json.gz,t-bone,5.5,110,0.4544270833333333,0.5236111111111111,0.4015625,0.4314814814814814,0.5072916666666667,0.6157407407407407,Town10HD,night,17,428,21.4,1080,1920,72
videos/t-bone/Town10HD_t-bone_night_19_aug2.mp4,video_annotations/Town10HD_t-bone_night_19.json.gz,t-bone,5.7,114,0.29921875,0.6550925925925926,0.246875,0.5351851851851852,0.3515625,0.775,Town10HD,night,19,470,23.5,1080,1920,68
videos/t-bone/Town10HD_t-bone_night_22_aug2.mp4,video_annotations/Town10HD_t-bone_night_22.json.gz,t-bone,7.0,140,0.5643229166666667,0.6800925925925926,0.475,0.5657407407407408,0.6536458333333334,0.7944444444444444,Town10HD,night,22,461,23.05,1080,1920,52
videos/t-bone/Town10HD_t-bone_night_25_aug2.mp4,video_annotations/Town10HD_t-bone_night_25.json.gz,t-bone,6.0,120,0.6934895833333333,0.4449074074074074,0.6411458333333333,0.3416666666666667,0.7458333333333333,0.5481481481481482,Town10HD,night,25,462,23.1,1080,1920,59
videos/t-bone/Town10HD_t-bone_sunset_01_aug2.mp4,video_annotations/Town10HD_t-bone_sunset_01.json.gz,t-bone,3.05,61,0.43203125,0.361574074074074,0.3776041666666667,0.2842592592592592,0.4864583333333333,0.4388888888888889,Town10HD,sunset,1,335,16.75,1080,1920,121
videos/t-bone/Town10HD_t-bone_sunset_03_aug2.mp4,video_annotations/Town10HD_t-bone_sunset_03.json.gz,t-bone,4.6,92,0.3364583333333333,0.7523148148148148,0.2786458333333333,0.6351851851851852,0.3942708333333333,0.8694444444444445,Town10HD,sunset,3,377,18.85,1080,1920,89
videos/t-bone/Town10HD_t-bone_sunset_05_aug2.mp4,video_annotations/Town10HD_t-bone_sunset_05.json.gz,t-bone,5.55,111,0.4104166666666666,0.8773148148148148,0.35,0.7555555555555555,0.4708333333333333,0.999074074074074,Town10HD,sunset,5,332,16.6,1080,1920,68
videos/t-bone/Town10HD_t-bone_sunset_09_aug2.mp4,video_annotations/Town10HD_t-bone_sunset_09.json.gz,t-bone,3.4,68,0.6578125,0.7736111111111111,0.5786458333333333,0.6601851851851852,0.7369791666666666,0.8870370370370371,Town10HD,sunset,9,390,19.5,1080,1920,108
videos/t-bone/Town10HD_t-bone_sunset_11_aug2.mp4,video_annotations/Town10HD_t-bone_sunset_11.json.gz,t-bone,8.8,176,0.93046875,0.3564814814814814,0.8614583333333333,0.3064814814814814,0.9994791666666668,0.4064814814814815,Town10HD,sunset,11,482,24.1,1080,1920,55
videos/t-bone/Town10HD_t-bone_sunset_13_aug2.mp4,video_annotations/Town10HD_t-bone_sunset_13.json.gz,t-bone,3.7,74,0.5216145833333333,0.0851851851851851,0.4515625,0.0,0.5916666666666667,0.1703703703703703,Town10HD,sunset,13,406,20.3,1080,1920,108
videos/t-bone/Town10HD_t-bone_sunset_17_aug2.mp4,video_annotations/Town10HD_t-bone_sunset_17.json.gz,t-bone,7.75,155,0.4380208333333333,0.5574074074074075,0.3895833333333333,0.4722222222222222,0.4864583333333333,0.6425925925925926,Town10HD,sunset,17,386,19.3,1080,1920,31
videos/t-bone/Town10HD_t-bone_sunset_19_aug2.mp4,video_annotations/Town10HD_t-bone_sunset_19.json.gz,t-bone,5.75,115,0.30078125,0.6453703703703704,0.2395833333333333,0.5342592592592592,0.3619791666666667,0.7564814814814815,Town10HD,sunset,19,293,14.65,1080,1920,71
videos/t-bone/Town10HD_t-bone_sunset_24_aug2.mp4,video_annotations/Town10HD_t-bone_sunset_24.json.gz,t-bone,4.8,96,0.7388020833333333,0.5578703703703703,0.6432291666666666,0.4416666666666666,0.834375,0.674074074074074,Town10HD,sunset,24,374,18.7,1080,1920,80
videos/t-bone/Town10HD_t-bone_sunset_27_aug2.mp4,video_annotations/Town10HD_t-bone_sunset_27.json.gz,t-bone,6.4,128,0.5302083333333333,0.4546296296296296,0.4802083333333333,0.3879629629629629,0.5802083333333333,0.5212962962962963,Town10HD,sunset,27,404,20.2,1080,1920,59
videos/t-bone/Town10HD_t-bone_sunset_29_aug2.mp4,video_annotations/Town10HD_t-bone_sunset_29.json.gz,t-bone,5.45,109,0.4177083333333333,0.3888888888888889,0.3635416666666666,0.3444444444444444,0.471875,0.4333333333333333,Town10HD,sunset,29,308,15.4,1080,1920,83
videos/t-bone/Town10HD_t-bone_sunset_32_aug2.mp4,video_annotations/Town10HD_t-bone_sunset_32.json.gz,t-bone,6.7,134,0.3502604166666667,0.8569444444444444,0.3026041666666667,0.7425925925925926,0.3979166666666666,0.9712962962962964,Town10HD,sunset,32,268,13.4,1080,1920,58
videos/t-bone/Town10HD_t-bone_sunset_36_aug2.mp4,video_annotations/Town10HD_t-bone_sunset_36.json.gz,t-bone,4.7,94,0.6609375,0.6763888888888889,0.5630208333333333,0.5824074074074074,0.7588541666666667,0.7703703703703704,Town10HD,sunset,36,365,18.25,1080,1920,85
videos/t-bone/Town10HD_t-bone_sunset_39_aug2.mp4,video_annotations/Town10HD_t-bone_sunset_39.json.gz,t-bone,6.6,132,0.4950520833333333,0.2791666666666667,0.4421875,0.2203703703703703,0.5479166666666667,0.3379629629629629,Town10HD,sunset,39,400,20.0,1080,1920,54
videos/t-bone/Town10HD_t-bone_sunset_41_aug2.mp4,video_annotations/Town10HD_t-bone_sunset_41.json.gz,t-bone,6.3,126,0.39765625,0.5203703703703704,0.359375,0.4805555555555555,0.4359375,0.5601851851851852,Town10HD,sunset,41,402,20.1,1080,1920,57
videos/t-bone/Town10HD_t-bone_sunset_43_aug2.mp4,video_annotations/Town10HD_t-bone_sunset_43.json.gz,t-bone,2.85,57,0.3473958333333333,0.6138888888888889,0.3020833333333333,0.5675925925925925,0.3927083333333333,0.6601851851851852,Town10HD,sunset,43,318,15.9,1080,1920,130
videos/t-bone/Town10HD_t-bone_sunset_45_aug2.mp4,video_annotations/Town10HD_t-bone_sunset_45.json.gz,t-bone,6.0,120,0.3072916666666667,0.6787037037037037,0.2333333333333333,0.5546296296296296,0.38125,0.8027777777777778,Town10HD,sunset,45,435,21.75,1080,1920,59
videos/t-bone/Town10HD_t-bone_sunset_47_aug2.mp4,video_annotations/Town10HD_t-bone_sunset_47.json.gz,t-bone,5.8,116,0.634375,0.9032407407407408,0.5140625,0.8074074074074075,0.7546875,0.999074074074074,Town10HD,sunset,47,311,15.55,1080,1920,70
videos/t-bone/Town10HD_t-bone_sunset_51_aug2.mp4,video_annotations/Town10HD_t-bone_sunset_51.json.gz,t-bone,2.55,51,0.4953125,0.3532407407407407,0.4494791666666666,0.3129629629629629,0.5411458333333333,0.3935185185185185,Town10HD,sunset,51,300,15.0,1080,1920,131
videos/t-bone/Town10HD_t-bone_sunset_53_aug2.mp4,video_annotations/Town10HD_t-bone_sunset_53.json.gz,t-bone,4.2,84,0.48125,0.5074074074074074,0.4463541666666666,0.4712962962962962,0.5161458333333333,0.5435185185185185,Town10HD,sunset,53,356,17.8,1080,1920,94
videos/t-bone/Town10HD_t-bone_wet_02_aug2.mp4,video_annotations/Town10HD_t-bone_wet_02.json.gz,t-bone,4.9,98,0.4127604166666667,0.6615740740740741,0.3505208333333333,0.5907407407407408,0.475,0.7324074074074074,Town10HD,wet,2,385,19.25,1080,1920,85
videos/t-bone/Town10HD_t-bone_wet_04_aug2.mp4,video_annotations/Town10HD_t-bone_wet_04.json.gz,t-bone,5.3,106,0.2958333333333333,0.8629629629629629,0.2197916666666666,0.7268518518518519,0.371875,0.999074074074074,Town10HD,wet,4,445,22.25,1080,1920,75
videos/t-bone/Town10HD_t-bone_wet_09_aug2.mp4,video_annotations/Town10HD_t-bone_wet_09.json.gz,t-bone,5.35,107,0.6643229166666667,0.8532407407407407,0.6083333333333333,0.7435185185185185,0.7203125,0.9629629629629628,Town10HD,wet,9,382,19.1,1080,1920,76
videos/t-bone/Town10HD_t-bone_wet_13_aug2.mp4,video_annotations/Town10HD_t-bone_wet_13.json.gz,t-bone,7.55,151,0.5359375,0.0958333333333333,0.4765625,0.0,0.5953125,0.1916666666666666,Town10HD,wet,13,408,20.4,1080,1920,30
videos/t-bone/Town10HD_t-bone_wet_19_aug2.mp4,video_annotations/Town10HD_t-bone_wet_19.json.gz,t-bone,4.35,87,0.3213541666666666,0.6652777777777777,0.2723958333333333,0.55,0.3703125,0.7805555555555556,Town10HD,wet,19,407,20.35,1080,1920,92
videos/t-bone/Town10HD_t-bone_wet_23_aug2.mp4,video_annotations/Town10HD_t-bone_wet_23.json.gz,t-bone,6.55,131,0.6953125,0.5069444444444444,0.6255208333333333,0.4,0.7651041666666667,0.6138888888888889,Town10HD,wet,23,400,20.0,1080,1920,50
videos/t-bone/Town10HD_t-bone_wet_25_aug2.mp4,video_annotations/Town10HD_t-bone_wet_25.json.gz,t-bone,6.7,134,0.7010416666666667,0.4902777777777777,0.6458333333333334,0.3851851851851852,0.75625,0.5953703703703703,Town10HD,wet,25,436,21.8,1080,1920,47
videos/t-bone/Town10HD_t-bone_wet_28_aug2.mp4,video_annotations/Town10HD_t-bone_wet_28.json.gz,t-bone,4.05,81,0.5122395833333333,0.5935185185185186,0.45,0.5370370370370371,0.5744791666666667,0.65,Town10HD,wet,28,267,13.35,1080,1920,105
videos/t-bone/Town10HD_t-bone_wet_32_aug2.mp4,video_annotations/Town10HD_t-bone_wet_32.json.gz,t-bone,5.65,113,0.346875,0.7921296296296296,0.2864583333333333,0.6851851851851852,0.4072916666666666,0.899074074074074,Town10HD,wet,32,361,18.05,1080,1920,70
videos/t-bone/Town10HD_t-bone_wet_35_aug2.mp4,video_annotations/Town10HD_t-bone_wet_35.json.gz,t-bone,5.95,119,0.6651041666666667,0.8527777777777777,0.5729166666666666,0.7574074074074074,0.7572916666666667,0.9481481481481482,Town10HD,wet,35,404,20.2,1080,1920,60
videos/t-bone/Town10HD_t-bone_wet_37_aug2.mp4,video_annotations/Town10HD_t-bone_wet_37.json.gz,t-bone,6.95,139,0.73046875,0.5893518518518519,0.6609375,0.5064814814814815,0.8,0.6722222222222223,Town10HD,wet,37,369,18.45,1080,1920,48
videos/t-bone/Town10HD_t-bone_wet_40_aug2.mp4,video_annotations/Town10HD_t-bone_wet_40.json.gz,t-bone,6.5,130,0.6098958333333333,0.5476851851851852,0.5489583333333333,0.5064814814814815,0.6708333333333333,0.5888888888888889,Town10HD,wet,40,363,18.15,1080,1920,58
videos/t-bone/Town10HD_t-bone_wet_43_aug2.mp4,video_annotations/Town10HD_t-bone_wet_43.json.gz,t-bone,6.6,132,0.3776041666666667,0.5712962962962963,0.3333333333333333,0.5370370370370371,0.421875,0.6055555555555555,Town10HD,wet,43,369,18.45,1080,1920,51
videos/t-bone/Town10HD_t-bone_wet_46_aug2.mp4,video_annotations/Town10HD_t-bone_wet_46.json.gz,t-bone,8.0,160,0.3950520833333333,0.6439814814814815,0.275,0.5537037037037037,0.5151041666666667,0.7342592592592593,Town10HD,wet,46,452,22.6,1080,1920,22
videos/t-bone/Town10HD_t-bone_wet_48_aug2.mp4,video_annotations/Town10HD_t-bone_wet_48.json.gz,t-bone,4.75,95,0.5609375,0.7199074074074074,0.4890625,0.6546296296296297,0.6328125,0.7851851851851852,Town10HD,wet,48,403,20.15,1080,1920,87
videos/t-bone/Town10HD_t-bone_wet_51_aug2.mp4,video_annotations/Town10HD_t-bone_wet_51.json.gz,t-bone,6.25,125,0.5059895833333333,0.3708333333333333,0.4671875,0.3342592592592592,0.5447916666666667,0.4074074074074074,Town10HD,wet,51,245,12.25,1080,1920,56
videos/t-bone/Town10HD_t-bone_wet_53_aug2.mp4,video_annotations/Town10HD_t-bone_wet_53.json.gz,t-bone,5.8,116,0.4546875,0.5115740740740741,0.4182291666666666,0.4787037037037037,0.4911458333333333,0.5444444444444444,Town10HD,wet,53,218,10.9,1080,1920,65
